The '--headless' CLI argument is deprecated. Omit '--viz' for default headless. If config visualizers are enabled and you want to force headless, use '--viz none'.
WARNING: All log messages before absl::InitializeLog() is called are written to STDERR
E0000 00:00:1784536448.482794   65120 descriptor_database.cc:633] File already exists in database: grpc/health/v1/health.proto
W0000 00:00:1784536448.482821   65120 message.cc:301] Protobuf GeneratedMessageFactory: File is already registered: grpc/health/v1/health.proto
Loading user config located at: '/home/qingyu/sim_stack/isaac_sim_env/lib/python3.12/site-packages/isaacsim/kit/data/Kit/IsaacLab/3.0/user.config.json'
2026-07-20T08:34:08Z [Info] [carb] Logging to file: /home/qingyu/sim_stack/isaac_sim_env/lib/python3.12/site-packages/isaacsim/kit/logs/Kit/IsaacLab/3.0/kit_20260720_163408.log
2026-07-20T08:34:08Z [3ms] [Warning] [omni.ext.plugin] [ext: isaaclab_visualizers] Extensions config 'extension.toml' doesn't exist '/home/qingyu/sim_stack/IsaacLab/source/isaaclab_visualizers' or '/home/qingyu/sim_stack/IsaacLab/source/isaaclab_visualizers/config'
2026-07-20T08:34:08Z [267ms] [Warning] [omni.platforminfo.plugin] failed to open the default display.  Can't verify X Server version.
2026-07-20T08:34:08Z [268ms] [Warning] [omni.rtx] CUDA_VISIBLE_DEVICES environment variable is set.
2026-07-20T08:34:08Z [268ms] [Warning] [omni.rtx] Note CUDA device enumeration and Omniverse device enumeration are different.
2026-07-20T08:34:08Z [268ms] [Warning] [omni.rtx] Setting CUDA_VISIBLE_DEVICES can lead to undesired behavior or crashes.
2026-07-20T08:34:09Z [797ms] [Warning] [carb.windowing-glfw.plugin] GLFW initialization failed.
2026-07-20T08:34:09Z [797ms] [Warning] [carb] Failed to startup plugin carb.windowing-glfw.plugin (interfaces: [carb::windowing::IGLContext v1.0],[carb::windowing::IWindowing v1.5]) (impl: carb.windowing-glfw.plugin)
2026-07-20T08:34:09Z [866ms] [Warning] [omni.rtx] Skipping NVIDIA graphics device because the matching CUDA device could not be found: NVIDIA GeForce RTX 5080
2026-07-20T08:34:09Z [866ms] [Warning] [omni.rtx] Please restart your system if CUDA is known to work in your system, check if the NVIDIA driver is installed and working correctly, or check the MIG instance configuration if MIG is enabled.
2026-07-20T08:34:09Z [866ms] [Warning] [omni.rtx] Skipping NVIDIA graphics device because the matching CUDA device could not be found: NVIDIA GeForce RTX 5080
2026-07-20T08:34:09Z [866ms] [Warning] [omni.rtx] Please restart your system if CUDA is known to work in your system, check if the NVIDIA driver is installed and working correctly, or check the MIG instance configuration if MIG is enabled.

|---------------------------------------------------------------------------------------------|
| Driver Version: 580.126.20    | Graphics API: Vulkan
|=============================================================================================|
| GPU | Name                             | Active | LDA | GPU Memory | Vendor-ID | LUID       |
|     |                                  |        |     |            | Device-ID | UUID       |
|     |                                  |        |     |            | Bus-ID    |            |
|---------------------------------------------------------------------------------------------|
| 0   | NVIDIA GeForce RTX 5080          | Yes: 0 |     | 16303   MB | 10de      | 0          |
|     |                                  |        |     |            | 2c02      | 18c2731d.. |
|     |                                  |        |     |            | 1         |            |
|---------------------------------------------------------------------------------------------|
| 1   | NVIDIA GeForce RTX 5080          |        |     | 16303   MB | 10de      | 0          |
|     |                                  |        |     |            | 2c02      | 6167b1ea.. |
|     |                                  |        |     |            | 7         |            |
|=============================================================================================|
| OS: 22.04.5 LTS (Jammy Jellyfish) ubuntu, Version: 22.04.5, Kernel: 6.8.0-110-generic
| Processor: Intel(R) Core(TM) i9-14900KF
| Bare Metal Cores: 24 | Bare Metal Logical Cores: 48
| Available Cores:  32 
|---------------------------------------------------------------------------------------------|
| Total Memory (MB): 128596 | Free Memory: 112237
| Total Page/Swap (MB): 2047 | Free Page/Swap: 2044
|---------------------------------------------------------------------------------------------|
2026-07-20T08:34:09Z [1,078ms] [Warning] [omni.rtx] CPU performance profile is set to powersave. This profile sets the CPU to the lowest frequency reducing performance.
[ISAACLAB] AppLauncher initialization complete
[INFO]: Parsing configuration from: isaaclab_tasks.manager_based.locomotion.velocity.config.go2.flat_env_cfg:UnitreeGo2FlatEnvCfg
[INFO]: Parsing configuration from: isaaclab_tasks.manager_based.locomotion.velocity.config.go2.agents.rsl_rl_ppo_cfg:UnitreeGo2FlatPPORunnerCfg
[INFO] Logging experiment in directory: /home/qingyu/sim_stack/IsaacLab/logs/rsl_rl/go2_walk_demo
Exact experiment name requested from command line: 2026-07-20_16-34-11
[INFO]: Base environment:
	Environment device    : cuda:0
	Environment seed      : 42
	Physics step-size     : 0.005
	Rendering step-size   : 0.02
	Environment step-size : 0.02
[INFO]: Registered backend 'physx' for factory Articulation.
[INFO]: Registered backend 'physx' for factory FrameView.
[INFO]: Physics scene prim path: /physicsScene
[INFO]: Time taken for scene creation Last: 3.705298 s, Mean: 3.705298 s, Std: 0.000000 s, N: 1
[INFO]: Scene manager:  <class InteractiveScene>
	Number of environments: 2048
	Environment spacing   : 2.5
	Source prim name      : /World/envs/env_0
	Global prim paths     : ['/World/ground']
	Replicate physics     : True
[INFO]: Simulation parameters for joints in /World/envs/env_.*/Robot:
+----------------------------------------------------------------------------------------------------------------------------------------------------------------------+
|                                                  Simulation Joint Information (Prim path: /World/envs/env_.*/Robot)                                                  |
+-------+----------------+-----------+---------+----------+-----------------+------------------+------------------+------------------+-----------------+---------------+
| Index | Name           | Stiffness | Damping | Armature | Static Friction | Dynamic Friction | Viscous Friction | Position Limits  | Velocity Limits | Effort Limits |
+-------+----------------+-----------+---------+----------+-----------------+------------------+------------------+------------------+-----------------+---------------+
|   0   | FL_hip_joint   |   0.000   |  0.000  |  0.000   |      0.000      |      0.000       |      0.000       | [-1.047, 1.047]  |      30.100     |    1.0e+09    |
|   1   | FR_hip_joint   |   0.000   |  0.000  |  0.000   |      0.000      |      0.000       |      0.000       | [-1.047, 1.047]  |      30.100     |    1.0e+09    |
|   2   | RL_hip_joint   |   0.000   |  0.000  |  0.000   |      0.000      |      0.000       |      0.000       | [-1.047, 1.047]  |      30.100     |    1.0e+09    |
|   3   | RR_hip_joint   |   0.000   |  0.000  |  0.000   |      0.000      |      0.000       |      0.000       | [-1.047, 1.047]  |      30.100     |    1.0e+09    |
|   4   | FL_thigh_joint |   0.000   |  0.000  |  0.000   |      0.000      |      0.000       |      0.000       | [-1.571, 3.491]  |      30.100     |    1.0e+09    |
|   5   | FR_thigh_joint |   0.000   |  0.000  |  0.000   |      0.000      |      0.000       |      0.000       | [-1.571, 3.491]  |      30.100     |    1.0e+09    |
|   6   | RL_thigh_joint |   0.000   |  0.000  |  0.000   |      0.000      |      0.000       |      0.000       | [-0.524, 4.538]  |      30.100     |    1.0e+09    |
|   7   | RR_thigh_joint |   0.000   |  0.000  |  0.000   |      0.000      |      0.000       |      0.000       | [-0.524, 4.538]  |      30.100     |    1.0e+09    |
|   8   | FL_calf_joint  |   0.000   |  0.000  |  0.000   |      0.000      |      0.000       |      0.000       | [-2.723, -0.838] |      15.700     |    1.0e+09    |
|   9   | FR_calf_joint  |   0.000   |  0.000  |  0.000   |      0.000      |      0.000       |      0.000       | [-2.723, -0.838] |      15.700     |    1.0e+09    |
|   10  | RL_calf_joint  |   0.000   |  0.000  |  0.000   |      0.000      |      0.000       |      0.000       | [-2.723, -0.838] |      15.700     |    1.0e+09    |
|   11  | RR_calf_joint  |   0.000   |  0.000  |  0.000   |      0.000      |      0.000       |      0.000       | [-2.723, -0.838] |      15.700     |    1.0e+09    |
+-------+----------------+-----------+---------+----------+-----------------+------------------+------------------+------------------+-----------------+---------------+
[INFO]: Time taken for simulation start Last: 12.012961 s, Mean: 12.012961 s, Std: 0.000000 s, N: 1
[INFO] Command Manager:  <CommandManager> contains 1 active terms.
+------------------------------------------------+
|              Active Command Terms              |
+-------+---------------+------------------------+
| Index | Name          |          Type          |
+-------+---------------+------------------------+
|   0   | base_velocity | UniformVelocityCommand |
+-------+---------------+------------------------+

[INFO] Event Manager:  <EventManager> contains 3 active terms.
+--------------------------------------+
| Active Event Terms in Mode: 'startup' |
+----------+---------------------------+
|  Index   | Name                      |
+----------+---------------------------+
|    0     | physics_material          |
|    1     | add_base_mass             |
|    2     | base_com                  |
+----------+---------------------------+
+---------------------------------------+
|  Active Event Terms in Mode: 'reset'  |
+--------+------------------------------+
| Index  | Name                         |
+--------+------------------------------+
|   0    | base_external_force_torque   |
|   1    | reset_base                   |
|   2    | reset_robot_joints           |
+--------+------------------------------+
+----------------------------------------------+
|    Active Event Terms in Mode: 'interval'    |
+-------+------------+-------------------------+
| Index | Name       | Interval time range (s) |
+-------+------------+-------------------------+
|   0   | push_robot |       (10.0, 15.0)      |
+-------+------------+-------------------------+

[INFO] Recorder Manager:  <RecorderManager> contains 0 active terms.
+---------------------+
| Active Recorder Terms |
+-----------+---------+
|   Index   | Name    |
+-----------+---------+
+-----------+---------+

[INFO]: Resolved joint names for the action term JointPositionAction: ['FL_hip_joint', 'FR_hip_joint', 'RL_hip_joint', 'RR_hip_joint', 'FL_thigh_joint', 'FR_thigh_joint', 'RL_thigh_joint', 'RR_thigh_joint', 'FL_calf_joint', 'FR_calf_joint', 'RL_calf_joint', 'RR_calf_joint'] [[0, 1, 2, 3, 4, 5, 6, 7, 8, 9, 10, 11]]
/home/qingyu/sim_stack/isaac_sim_env/lib/python3.12/site-packages/rsl_rl/utils/utils.py:220: UserWarning: The observation configuration dictionary 'obs_groups' is empty and thus likely not configured. Consider configuring the 'obs_groups' dictionary explicitly
  warnings.warn(
/home/qingyu/sim_stack/isaac_sim_env/lib/python3.12/site-packages/rsl_rl/utils/utils.py:251: UserWarning: The observation configuration dictionary 'obs_groups' does not contain the 'actor' key. As an observation group with the name 'policy' was found, this is assumed to be the appropriate observation. Consider adding the 'actor' key to the 'obs_groups' dictionary for clarity. This behavior will be removed in a future version.
  warnings.warn(
/home/qingyu/sim_stack/isaac_sim_env/lib/python3.12/site-packages/rsl_rl/utils/utils.py:251: UserWarning: The observation configuration dictionary 'obs_groups' does not contain the 'critic' key. As an observation group with the name 'policy' was found, this is assumed to be the appropriate observation. Consider adding the 'critic' key to the 'obs_groups' dictionary for clarity. This behavior will be removed in a future version.
  warnings.warn(
[INFO] Action Manager:  <ActionManager> contains 1 active terms.
+------------------------------------+
|  Active Action Terms (shape: 12)   |
+--------+-------------+-------------+
| Index  | Name        |   Dimension |
+--------+-------------+-------------+
|   0    | joint_pos   |          12 |
+--------+-------------+-------------+

[INFO] Observation Manager: <ObservationManager> contains 1 groups.
+---------------------------------------------------------+
| Active Observation Terms in Group: 'policy' (shape: (48,)) |
+-----------+---------------------------------+-----------+
|   Index   | Name                            |   Shape   |
+-----------+---------------------------------+-----------+
|     0     | base_lin_vel                    |    (3,)   |
|     1     | base_ang_vel                    |    (3,)   |
|     2     | projected_gravity               |    (3,)   |
|     3     | velocity_commands               |    (3,)   |
|     4     | joint_pos                       |   (12,)   |
|     5     | joint_vel                       |   (12,)   |
|     6     | actions                         |   (12,)   |
+-----------+---------------------------------+-----------+

[INFO] Termination Manager:  <TerminationManager> contains 2 active terms.
+---------------------------------+
|     Active Termination Terms    |
+-------+--------------+----------+
| Index | Name         | Time Out |
+-------+--------------+----------+
|   0   | time_out     |   True   |
|   1   | base_contact |  False   |
+-------+--------------+----------+

[INFO] Reward Manager:  <RewardManager> contains 10 active terms.
+-----------------------------------------+
|           Active Reward Terms           |
+-------+----------------------+----------+
| Index | Name                 |   Weight |
+-------+----------------------+----------+
|   0   | track_lin_vel_xy_exp |      1.5 |
|   1   | track_ang_vel_z_exp  |     0.75 |
|   2   | lin_vel_z_l2         |     -2.0 |
|   3   | ang_vel_xy_l2        |    -0.05 |
|   4   | dof_torques_l2       |  -0.0002 |
|   5   | dof_acc_l2           | -2.5e-07 |
|   6   | action_rate_l2       |    -0.01 |
|   7   | feet_air_time        |     0.25 |
|   8   | flat_orientation_l2  |     -2.5 |
|   9   | dof_pos_limits       |      0.0 |
+-------+----------------------+----------+

[INFO] Curriculum Manager:  <CurriculumManager> contains 0 active terms.
+----------------------+
| Active Curriculum Terms |
+-----------+----------+
|   Index   | Name     |
+-----------+----------+
+-----------+----------+

[INFO]: Completed setting up the environment...
[INFO] Recording videos during training.
        video_folder: /home/qingyu/sim_stack/IsaacLab/logs/rsl_rl/go2_walk_demo/2026-07-20_16-34-11/videos/train
        step_trigger: lambda step: step % args_cli.video_interval == 0
        video_length: 200
        disable_logger: True
--------------------------------------------------------------------------------
Resolved observation sets: 
	 actor :  ['policy']
	 critic :  ['policy']
--------------------------------------------------------------------------------
Actor Model: MLPModel(
  (obs_normalizer): Identity()
  (distribution): GaussianDistribution()
  (mlp): MLP(
    (0): Linear(in_features=48, out_features=128, bias=True)
    (1): ELU(alpha=1.0)
    (2): Linear(in_features=128, out_features=128, bias=True)
    (3): ELU(alpha=1.0)
    (4): Linear(in_features=128, out_features=128, bias=True)
    (5): ELU(alpha=1.0)
    (6): Linear(in_features=128, out_features=12, bias=True)
  )
)
Critic Model: MLPModel(
  (obs_normalizer): Identity()
  (mlp): MLP(
    (0): Linear(in_features=48, out_features=128, bias=True)
    (1): ELU(alpha=1.0)
    (2): Linear(in_features=128, out_features=128, bias=True)
    (3): ELU(alpha=1.0)
    (4): Linear(in_features=128, out_features=128, bias=True)
    (5): ELU(alpha=1.0)
    (6): Linear(in_features=128, out_features=1, bias=True)
  )
)
Could not find git repository in /home/qingyu/sim_stack/isaac_sim_env/lib/python3.12/site-packages/rsl_rl/__init__.py. Skipping.
Storing git diff for 'IsaacLab' in: /home/qingyu/sim_stack/IsaacLab/logs/rsl_rl/go2_walk_demo/2026-07-20_16-34-11/git/IsaacLab.diff
[INFO]: RTX streaming completed in 0.02 s.
[INFO]: RTX streaming completed in 0.12 s.
################################################################################
[1m                            Learning iteration 0/500                            [0m 

                            Total steps: 49152 
                       Steps per second: 11777 
                        Collection time: 4.029s 
                          Learning time: 0.145s 
                        Mean value loss: 0.0928
                    Mean surrogate loss: -0.0062
                      Mean entropy loss: 17.0231
                            Mean reward: -0.57
                    Mean episode length: 11.43
                        Mean action std: 1.00
    Episode_Reward/track_lin_vel_xy_exp: 0.0027
     Episode_Reward/track_ang_vel_z_exp: 0.0030
            Episode_Reward/lin_vel_z_l2: -0.0155
           Episode_Reward/ang_vel_xy_l2: -0.0086
          Episode_Reward/dof_torques_l2: -0.0014
              Episode_Reward/dof_acc_l2: -0.0055
          Episode_Reward/action_rate_l2: -0.0029
           Episode_Reward/feet_air_time: -0.0004
     Episode_Reward/flat_orientation_l2: -0.0011
          Episode_Reward/dof_pos_limits: 0.0000
                   Metrics/success_rate: 0.0833
     Metrics/base_velocity/error_vel_xy: 0.8622
    Metrics/base_velocity/error_vel_yaw: 0.7167
           Episode_Termination/time_out: 0.0121
       Episode_Termination/base_contact: 0.0000
--------------------------------------------------------------------------------
                         Iteration time: 4.17s
                           Time elapsed: 00:00:04
                                    ETA: 00:34:42

################################################################################
[1m                            Learning iteration 1/500                            [0m 

                            Total steps: 98304 
                       Steps per second: 19250 
                        Collection time: 2.500s 
                          Learning time: 0.053s 
                        Mean value loss: 0.0334
                    Mean surrogate loss: -0.0082
                      Mean entropy loss: 16.9487
                            Mean reward: -0.95
                    Mean episode length: 25.34
                        Mean action std: 0.99
    Episode_Reward/track_lin_vel_xy_exp: 0.0096
     Episode_Reward/track_ang_vel_z_exp: 0.0069
            Episode_Reward/lin_vel_z_l2: -0.0242
           Episode_Reward/ang_vel_xy_l2: -0.0257
          Episode_Reward/dof_torques_l2: -0.0047
              Episode_Reward/dof_acc_l2: -0.0114
          Episode_Reward/action_rate_l2: -0.0088
           Episode_Reward/feet_air_time: -0.0013
     Episode_Reward/flat_orientation_l2: -0.0059
          Episode_Reward/dof_pos_limits: 0.0000
                   Metrics/success_rate: 0.0000
     Metrics/base_velocity/error_vel_xy: 0.8129
    Metrics/base_velocity/error_vel_yaw: 0.9331
           Episode_Termination/time_out: 0.0345
       Episode_Termination/base_contact: 0.0001
--------------------------------------------------------------------------------
                         Iteration time: 2.55s
                           Time elapsed: 00:00:06
                                    ETA: 00:27:54

################################################################################
[1m                            Learning iteration 2/500                            [0m 

                            Total steps: 147456 
                       Steps per second: 20810 
                        Collection time: 2.305s 
                          Learning time: 0.057s 
                        Mean value loss: 0.0286
                    Mean surrogate loss: -0.0102
                      Mean entropy loss: 16.7739
                            Mean reward: -1.85
                    Mean episode length: 54.20
                        Mean action std: 0.97
    Episode_Reward/track_lin_vel_xy_exp: 0.0193
     Episode_Reward/track_ang_vel_z_exp: 0.0131
            Episode_Reward/lin_vel_z_l2: -0.0288
           Episode_Reward/ang_vel_xy_l2: -0.0467
          Episode_Reward/dof_torques_l2: -0.0073
              Episode_Reward/dof_acc_l2: -0.0165
          Episode_Reward/action_rate_l2: -0.0147
           Episode_Reward/feet_air_time: -0.0023
     Episode_Reward/flat_orientation_l2: -0.0170
          Episode_Reward/dof_pos_limits: 0.0000
                   Metrics/success_rate: 0.0000
     Metrics/base_velocity/error_vel_xy: 0.7920
    Metrics/base_velocity/error_vel_yaw: 0.9285
           Episode_Termination/time_out: 0.0587
       Episode_Termination/base_contact: 0.0029
--------------------------------------------------------------------------------
                         Iteration time: 2.36s
                           Time elapsed: 00:00:09
                                    ETA: 00:25:05

################################################################################
[1m                            Learning iteration 3/500                            [0m 

                            Total steps: 196608 
                       Steps per second: 21000 
                        Collection time: 2.277s 
                          Learning time: 0.064s 
                        Mean value loss: 0.0257
                    Mean surrogate loss: -0.0075
                      Mean entropy loss: 16.6269
                            Mean reward: -3.08
                    Mean episode length: 83.12
                        Mean action std: 0.96
    Episode_Reward/track_lin_vel_xy_exp: 0.0204
     Episode_Reward/track_ang_vel_z_exp: 0.0182
            Episode_Reward/lin_vel_z_l2: -0.0335
           Episode_Reward/ang_vel_xy_l2: -0.0647
          Episode_Reward/dof_torques_l2: -0.0094
              Episode_Reward/dof_acc_l2: -0.0241
          Episode_Reward/action_rate_l2: -0.0202
           Episode_Reward/feet_air_time: -0.0027
     Episode_Reward/flat_orientation_l2: -0.0455
          Episode_Reward/dof_pos_limits: 0.0000
                   Metrics/success_rate: 0.0000
     Metrics/base_velocity/error_vel_xy: 0.8935
    Metrics/base_velocity/error_vel_yaw: 0.9133
           Episode_Termination/time_out: 0.0838
       Episode_Termination/base_contact: 0.0192
--------------------------------------------------------------------------------
                         Iteration time: 2.34s
                           Time elapsed: 00:00:11
                                    ETA: 00:23:37

################################################################################
[1m                            Learning iteration 4/500                            [0m 

                            Total steps: 245760 
                       Steps per second: 21261 
                        Collection time: 2.258s 
                          Learning time: 0.054s 
                        Mean value loss: 0.0231
                    Mean surrogate loss: -0.0074
                      Mean entropy loss: 16.4986
                            Mean reward: -3.71
                    Mean episode length: 109.24
                        Mean action std: 0.95
    Episode_Reward/track_lin_vel_xy_exp: 0.0263
     Episode_Reward/track_ang_vel_z_exp: 0.0219
            Episode_Reward/lin_vel_z_l2: -0.0366
           Episode_Reward/ang_vel_xy_l2: -0.0777
          Episode_Reward/dof_torques_l2: -0.0123
              Episode_Reward/dof_acc_l2: -0.0296
          Episode_Reward/action_rate_l2: -0.0259
           Episode_Reward/feet_air_time: -0.0036
     Episode_Reward/flat_orientation_l2: -0.0499
          Episode_Reward/dof_pos_limits: 0.0000
                   Metrics/success_rate: 0.0000
     Metrics/base_velocity/error_vel_xy: 0.8556
    Metrics/base_velocity/error_vel_yaw: 0.9523
           Episode_Termination/time_out: 0.1092
       Episode_Termination/base_contact: 0.0407
--------------------------------------------------------------------------------
                         Iteration time: 2.31s
                           Time elapsed: 00:00:13
                                    ETA: 00:22:40

################################################################################
[1m                            Learning iteration 5/500                            [0m 

                            Total steps: 294912 
                       Steps per second: 21025 
                        Collection time: 2.282s 
                          Learning time: 0.055s 
                        Mean value loss: 0.0208
                    Mean surrogate loss: -0.0081
                      Mean entropy loss: 16.3691
                            Mean reward: -3.94
                    Mean episode length: 129.89
                        Mean action std: 0.95
    Episode_Reward/track_lin_vel_xy_exp: 0.0358
     Episode_Reward/track_ang_vel_z_exp: 0.0304
            Episode_Reward/lin_vel_z_l2: -0.0364
           Episode_Reward/ang_vel_xy_l2: -0.0874
          Episode_Reward/dof_torques_l2: -0.0158
              Episode_Reward/dof_acc_l2: -0.0355
          Episode_Reward/action_rate_l2: -0.0313
           Episode_Reward/feet_air_time: -0.0037
     Episode_Reward/flat_orientation_l2: -0.0525
          Episode_Reward/dof_pos_limits: 0.0000
                   Metrics/success_rate: 0.0000
     Metrics/base_velocity/error_vel_xy: 0.8338
    Metrics/base_velocity/error_vel_yaw: 0.8692
           Episode_Termination/time_out: 0.1339
       Episode_Termination/base_contact: 0.0645
--------------------------------------------------------------------------------
                         Iteration time: 2.34s
                           Time elapsed: 00:00:16
                                    ETA: 00:22:03

################################################################################
[1m                            Learning iteration 6/500                            [0m 

                            Total steps: 344064 
                       Steps per second: 20220 
                        Collection time: 2.376s 
                          Learning time: 0.055s 
                        Mean value loss: 0.0178
                    Mean surrogate loss: -0.0090
                      Mean entropy loss: 16.2474
                            Mean reward: -4.33
                    Mean episode length: 150.36
                        Mean action std: 0.94
    Episode_Reward/track_lin_vel_xy_exp: 0.0421
     Episode_Reward/track_ang_vel_z_exp: 0.0348
            Episode_Reward/lin_vel_z_l2: -0.0416
           Episode_Reward/ang_vel_xy_l2: -0.1060
          Episode_Reward/dof_torques_l2: -0.0179
              Episode_Reward/dof_acc_l2: -0.0405
          Episode_Reward/action_rate_l2: -0.0365
           Episode_Reward/feet_air_time: -0.0040
     Episode_Reward/flat_orientation_l2: -0.0661
          Episode_Reward/dof_pos_limits: 0.0000
                   Metrics/success_rate: 0.0000
     Metrics/base_velocity/error_vel_xy: 0.8058
    Metrics/base_velocity/error_vel_yaw: 0.8754
           Episode_Termination/time_out: 0.1543
       Episode_Termination/base_contact: 0.0819
--------------------------------------------------------------------------------
                         Iteration time: 2.43s
                           Time elapsed: 00:00:18
                                    ETA: 00:21:43

################################################################################
[1m                            Learning iteration 7/500                            [0m 

                            Total steps: 393216 
                       Steps per second: 21077 
                        Collection time: 2.276s 
                          Learning time: 0.056s 
                        Mean value loss: 0.0145
                    Mean surrogate loss: -0.0093
                      Mean entropy loss: 16.1769
                            Mean reward: -4.65
                    Mean episode length: 174.97
                        Mean action std: 0.93
    Episode_Reward/track_lin_vel_xy_exp: 0.0549
     Episode_Reward/track_ang_vel_z_exp: 0.0419
            Episode_Reward/lin_vel_z_l2: -0.0413
           Episode_Reward/ang_vel_xy_l2: -0.1122
          Episode_Reward/dof_torques_l2: -0.0206
              Episode_Reward/dof_acc_l2: -0.0424
          Episode_Reward/action_rate_l2: -0.0414
           Episode_Reward/feet_air_time: -0.0042
     Episode_Reward/flat_orientation_l2: -0.0676
          Episode_Reward/dof_pos_limits: 0.0000
                   Metrics/success_rate: 0.0000
     Metrics/base_velocity/error_vel_xy: 0.7966
    Metrics/base_velocity/error_vel_yaw: 0.8550
           Episode_Termination/time_out: 0.1723
       Episode_Termination/base_contact: 0.0992
--------------------------------------------------------------------------------
                         Iteration time: 2.33s
                           Time elapsed: 00:00:20
                                    ETA: 00:21:21

################################################################################
[1m                            Learning iteration 8/500                            [0m 

                            Total steps: 442368 
                       Steps per second: 17775 
                        Collection time: 2.694s 
                          Learning time: 0.071s 
                        Mean value loss: 0.0132
                    Mean surrogate loss: -0.0105
                      Mean entropy loss: 16.0879
                            Mean reward: -4.89
                    Mean episode length: 189.91
                        Mean action std: 0.93
    Episode_Reward/track_lin_vel_xy_exp: 0.0591
     Episode_Reward/track_ang_vel_z_exp: 0.0453
            Episode_Reward/lin_vel_z_l2: -0.0424
           Episode_Reward/ang_vel_xy_l2: -0.1203
          Episode_Reward/dof_torques_l2: -0.0222
              Episode_Reward/dof_acc_l2: -0.0490
          Episode_Reward/action_rate_l2: -0.0443
           Episode_Reward/feet_air_time: -0.0040
     Episode_Reward/flat_orientation_l2: -0.0765
          Episode_Reward/dof_pos_limits: 0.0000
                   Metrics/success_rate: 0.0000
     Metrics/base_velocity/error_vel_xy: 0.8145
    Metrics/base_velocity/error_vel_yaw: 0.8457
           Episode_Termination/time_out: 0.1894
       Episode_Termination/base_contact: 0.1140
--------------------------------------------------------------------------------
                         Iteration time: 2.77s
                           Time elapsed: 00:00:23
                                    ETA: 00:21:27

################################################################################
[1m                            Learning iteration 9/500                            [0m 

                            Total steps: 491520 
                       Steps per second: 38668 
                        Collection time: 1.218s 
                          Learning time: 0.053s 
                        Mean value loss: 0.0111
                    Mean surrogate loss: -0.0100
                      Mean entropy loss: 15.9836
                            Mean reward: -4.76
                    Mean episode length: 216.12
                        Mean action std: 0.92
    Episode_Reward/track_lin_vel_xy_exp: 0.0759
     Episode_Reward/track_ang_vel_z_exp: 0.0508
            Episode_Reward/lin_vel_z_l2: -0.0421
           Episode_Reward/ang_vel_xy_l2: -0.1354
          Episode_Reward/dof_torques_l2: -0.0260
              Episode_Reward/dof_acc_l2: -0.0488
          Episode_Reward/action_rate_l2: -0.0511
           Episode_Reward/feet_air_time: -0.0044
     Episode_Reward/flat_orientation_l2: -0.0472
          Episode_Reward/dof_pos_limits: 0.0000
                   Metrics/success_rate: 0.0000
     Metrics/base_velocity/error_vel_xy: 0.7338
    Metrics/base_velocity/error_vel_yaw: 0.8766
           Episode_Termination/time_out: 0.2060
       Episode_Termination/base_contact: 0.1244
--------------------------------------------------------------------------------
                         Iteration time: 1.27s
                           Time elapsed: 00:00:24
                                    ETA: 00:20:18

################################################################################
[1m                           Learning iteration 10/500                            [0m 

                            Total steps: 540672 
                       Steps per second: 39753 
                        Collection time: 1.185s 
                          Learning time: 0.051s 
                        Mean value loss: 0.0098
                    Mean surrogate loss: -0.0094
                      Mean entropy loss: 15.8907
                            Mean reward: -4.87
                    Mean episode length: 238.20
                        Mean action std: 0.91
    Episode_Reward/track_lin_vel_xy_exp: 0.0598
     Episode_Reward/track_ang_vel_z_exp: 0.0533
            Episode_Reward/lin_vel_z_l2: -0.0410
           Episode_Reward/ang_vel_xy_l2: -0.1391
          Episode_Reward/dof_torques_l2: -0.0282
              Episode_Reward/dof_acc_l2: -0.0521
          Episode_Reward/action_rate_l2: -0.0552
           Episode_Reward/feet_air_time: -0.0047
     Episode_Reward/flat_orientation_l2: -0.0439
          Episode_Reward/dof_pos_limits: 0.0000
                   Metrics/success_rate: 0.0000
     Metrics/base_velocity/error_vel_xy: 0.8151
    Metrics/base_velocity/error_vel_yaw: 0.8708
           Episode_Termination/time_out: 0.2303
       Episode_Termination/base_contact: 0.1332
--------------------------------------------------------------------------------
                         Iteration time: 1.24s
                           Time elapsed: 00:00:26
                                    ETA: 00:19:20

################################################################################
[1m                           Learning iteration 11/500                            [0m 

                            Total steps: 589824 
                       Steps per second: 39398 
                        Collection time: 1.197s 
                          Learning time: 0.051s 
                        Mean value loss: 0.0087
                    Mean surrogate loss: -0.0084
                      Mean entropy loss: 15.8136
                            Mean reward: -4.80
                    Mean episode length: 253.15
                        Mean action std: 0.91
    Episode_Reward/track_lin_vel_xy_exp: 0.0869
     Episode_Reward/track_ang_vel_z_exp: 0.0608
            Episode_Reward/lin_vel_z_l2: -0.0419
           Episode_Reward/ang_vel_xy_l2: -0.1435
          Episode_Reward/dof_torques_l2: -0.0293
              Episode_Reward/dof_acc_l2: -0.0546
          Episode_Reward/action_rate_l2: -0.0574
           Episode_Reward/feet_air_time: -0.0044
     Episode_Reward/flat_orientation_l2: -0.0499
          Episode_Reward/dof_pos_limits: 0.0000
                   Metrics/success_rate: 0.0000
     Metrics/base_velocity/error_vel_xy: 0.7820
    Metrics/base_velocity/error_vel_yaw: 0.8288
           Episode_Termination/time_out: 0.2510
       Episode_Termination/base_contact: 0.1379
--------------------------------------------------------------------------------
                         Iteration time: 1.25s
                           Time elapsed: 00:00:27
                                    ETA: 00:18:32

################################################################################
[1m                           Learning iteration 12/500                            [0m 

                            Total steps: 638976 
                       Steps per second: 39872 
                        Collection time: 1.175s 
                          Learning time: 0.057s 
                        Mean value loss: 0.0080
                    Mean surrogate loss: -0.0102
                      Mean entropy loss: 15.6901
                            Mean reward: -5.30
                    Mean episode length: 284.98
                        Mean action std: 0.90
    Episode_Reward/track_lin_vel_xy_exp: 0.0657
     Episode_Reward/track_ang_vel_z_exp: 0.0682
            Episode_Reward/lin_vel_z_l2: -0.0428
           Episode_Reward/ang_vel_xy_l2: -0.1629
          Episode_Reward/dof_torques_l2: -0.0333
              Episode_Reward/dof_acc_l2: -0.0597
          Episode_Reward/action_rate_l2: -0.0651
           Episode_Reward/feet_air_time: -0.0046
     Episode_Reward/flat_orientation_l2: -0.0462
          Episode_Reward/dof_pos_limits: 0.0000
                   Metrics/success_rate: 0.0000
     Metrics/base_velocity/error_vel_xy: 0.8488
    Metrics/base_velocity/error_vel_yaw: 0.8317
           Episode_Termination/time_out: 0.2724
       Episode_Termination/base_contact: 0.1412
--------------------------------------------------------------------------------
                         Iteration time: 1.23s
                           Time elapsed: 00:00:28
                                    ETA: 00:17:51

################################################################################
[1m                           Learning iteration 13/500                            [0m 

                            Total steps: 688128 
                       Steps per second: 39105 
                        Collection time: 1.194s 
                          Learning time: 0.063s 
                        Mean value loss: 0.0064
                    Mean surrogate loss: -0.0099
                      Mean entropy loss: 15.5764
                            Mean reward: -5.12
                    Mean episode length: 301.27
                        Mean action std: 0.89
    Episode_Reward/track_lin_vel_xy_exp: 0.0931
     Episode_Reward/track_ang_vel_z_exp: 0.0748
            Episode_Reward/lin_vel_z_l2: -0.0429
           Episode_Reward/ang_vel_xy_l2: -0.1679
          Episode_Reward/dof_torques_l2: -0.0355
              Episode_Reward/dof_acc_l2: -0.0609
          Episode_Reward/action_rate_l2: -0.0687
           Episode_Reward/feet_air_time: -0.0048
     Episode_Reward/flat_orientation_l2: -0.0381
          Episode_Reward/dof_pos_limits: 0.0000
                   Metrics/success_rate: 0.0000
     Metrics/base_velocity/error_vel_xy: 0.7824
    Metrics/base_velocity/error_vel_yaw: 0.8224
           Episode_Termination/time_out: 0.2961
       Episode_Termination/base_contact: 0.1453
--------------------------------------------------------------------------------
                         Iteration time: 1.26s
                           Time elapsed: 00:00:29
                                    ETA: 00:17:16

################################################################################
[1m                           Learning iteration 14/500                            [0m 

                            Total steps: 737280 
                       Steps per second: 39126 
                        Collection time: 1.182s 
                          Learning time: 0.074s 
                        Mean value loss: 0.0060
                    Mean surrogate loss: -0.0101
                      Mean entropy loss: 15.4405
                            Mean reward: -4.97
                    Mean episode length: 316.98
                        Mean action std: 0.88
    Episode_Reward/track_lin_vel_xy_exp: 0.1078
     Episode_Reward/track_ang_vel_z_exp: 0.0762
            Episode_Reward/lin_vel_z_l2: -0.0477
           Episode_Reward/ang_vel_xy_l2: -0.1736
          Episode_Reward/dof_torques_l2: -0.0376
              Episode_Reward/dof_acc_l2: -0.0677
          Episode_Reward/action_rate_l2: -0.0723
           Episode_Reward/feet_air_time: -0.0047
     Episode_Reward/flat_orientation_l2: -0.0412
          Episode_Reward/dof_pos_limits: 0.0000
                   Metrics/success_rate: 0.0000
     Metrics/base_velocity/error_vel_xy: 0.7259
    Metrics/base_velocity/error_vel_yaw: 0.8495
           Episode_Termination/time_out: 0.3113
       Episode_Termination/base_contact: 0.1468
--------------------------------------------------------------------------------
                         Iteration time: 1.26s
                           Time elapsed: 00:00:31
                                    ETA: 00:16:45

################################################################################
[1m                           Learning iteration 15/500                            [0m 

                            Total steps: 786432 
                       Steps per second: 39411 
                        Collection time: 1.188s 
                          Learning time: 0.059s 
                        Mean value loss: 0.0059
                    Mean surrogate loss: -0.0110
                      Mean entropy loss: 15.2783
                            Mean reward: -5.37
                    Mean episode length: 343.96
                        Mean action std: 0.87
    Episode_Reward/track_lin_vel_xy_exp: 0.0959
     Episode_Reward/track_ang_vel_z_exp: 0.0832
            Episode_Reward/lin_vel_z_l2: -0.0476
           Episode_Reward/ang_vel_xy_l2: -0.1857
          Episode_Reward/dof_torques_l2: -0.0408
              Episode_Reward/dof_acc_l2: -0.0689
          Episode_Reward/action_rate_l2: -0.0779
           Episode_Reward/feet_air_time: -0.0045
     Episode_Reward/flat_orientation_l2: -0.0491
          Episode_Reward/dof_pos_limits: 0.0000
                   Metrics/success_rate: 0.0000
     Metrics/base_velocity/error_vel_xy: 0.8182
    Metrics/base_velocity/error_vel_yaw: 0.8407
           Episode_Termination/time_out: 0.3294
       Episode_Termination/base_contact: 0.1477
--------------------------------------------------------------------------------
                         Iteration time: 1.25s
                           Time elapsed: 00:00:32
                                    ETA: 00:16:18

################################################################################
[1m                           Learning iteration 16/500                            [0m 

                            Total steps: 835584 
                       Steps per second: 41716 
                        Collection time: 1.125s 
                          Learning time: 0.053s 
                        Mean value loss: 0.0059
                    Mean surrogate loss: -0.0102
                      Mean entropy loss: 15.1664
                            Mean reward: -5.64
                    Mean episode length: 372.51
                        Mean action std: 0.86
    Episode_Reward/track_lin_vel_xy_exp: 0.1301
     Episode_Reward/track_ang_vel_z_exp: 0.0978
            Episode_Reward/lin_vel_z_l2: -0.0428
           Episode_Reward/ang_vel_xy_l2: -0.1933
          Episode_Reward/dof_torques_l2: -0.0466
              Episode_Reward/dof_acc_l2: -0.0745
          Episode_Reward/action_rate_l2: -0.0860
           Episode_Reward/feet_air_time: -0.0048
     Episode_Reward/flat_orientation_l2: -0.0428
          Episode_Reward/dof_pos_limits: 0.0000
                   Metrics/success_rate: 0.0000
     Metrics/base_velocity/error_vel_xy: 0.7214
    Metrics/base_velocity/error_vel_yaw: 0.8009
           Episode_Termination/time_out: 0.3503
       Episode_Termination/base_contact: 0.1491
--------------------------------------------------------------------------------
                         Iteration time: 1.18s
                           Time elapsed: 00:00:33
                                    ETA: 00:15:52

################################################################################
[1m                           Learning iteration 17/500                            [0m 

                            Total steps: 884736 
                       Steps per second: 39294 
                        Collection time: 1.179s 
                          Learning time: 0.072s 
                        Mean value loss: 0.0049
                    Mean surrogate loss: -0.0111
                      Mean entropy loss: 14.9793
                            Mean reward: -5.78
                    Mean episode length: 393.57
                        Mean action std: 0.84
    Episode_Reward/track_lin_vel_xy_exp: 0.0944
     Episode_Reward/track_ang_vel_z_exp: 0.0938
            Episode_Reward/lin_vel_z_l2: -0.0466
           Episode_Reward/ang_vel_xy_l2: -0.1978
          Episode_Reward/dof_torques_l2: -0.0458
              Episode_Reward/dof_acc_l2: -0.0755
          Episode_Reward/action_rate_l2: -0.0856
           Episode_Reward/feet_air_time: -0.0045
     Episode_Reward/flat_orientation_l2: -0.0405
          Episode_Reward/dof_pos_limits: 0.0000
                   Metrics/success_rate: 0.0000
     Metrics/base_velocity/error_vel_xy: 0.8713
    Metrics/base_velocity/error_vel_yaw: 0.8327
           Episode_Termination/time_out: 0.3659
       Episode_Termination/base_contact: 0.1505
--------------------------------------------------------------------------------
                         Iteration time: 1.25s
                           Time elapsed: 00:00:34
                                    ETA: 00:15:31

################################################################################
[1m                           Learning iteration 18/500                            [0m 

                            Total steps: 933888 
                       Steps per second: 40971 
                        Collection time: 1.135s 
                          Learning time: 0.065s 
                        Mean value loss: 0.0054
                    Mean surrogate loss: -0.0111
                      Mean entropy loss: 14.8052
                            Mean reward: -5.81
                    Mean episode length: 425.65
                        Mean action std: 0.84
    Episode_Reward/track_lin_vel_xy_exp: 0.1882
     Episode_Reward/track_ang_vel_z_exp: 0.1029
            Episode_Reward/lin_vel_z_l2: -0.0498
           Episode_Reward/ang_vel_xy_l2: -0.2216
          Episode_Reward/dof_torques_l2: -0.0482
              Episode_Reward/dof_acc_l2: -0.0844
          Episode_Reward/action_rate_l2: -0.0947
           Episode_Reward/feet_air_time: -0.0050
     Episode_Reward/flat_orientation_l2: -0.0324
          Episode_Reward/dof_pos_limits: 0.0000
                   Metrics/success_rate: 0.0000
     Metrics/base_velocity/error_vel_xy: 0.7072
    Metrics/base_velocity/error_vel_yaw: 0.8215
           Episode_Termination/time_out: 0.3904
       Episode_Termination/base_contact: 0.1509
--------------------------------------------------------------------------------
                         Iteration time: 1.20s
                           Time elapsed: 00:00:35
                                    ETA: 00:15:10

################################################################################
[1m                           Learning iteration 19/500                            [0m 

                            Total steps: 983040 
                       Steps per second: 40569 
                        Collection time: 1.158s 
                          Learning time: 0.054s 
                        Mean value loss: 0.0092
                    Mean surrogate loss: -0.0095
                      Mean entropy loss: 14.6941
                            Mean reward: -5.88
                    Mean episode length: 451.77
                        Mean action std: 0.83
    Episode_Reward/track_lin_vel_xy_exp: 0.1061
     Episode_Reward/track_ang_vel_z_exp: 0.1079
            Episode_Reward/lin_vel_z_l2: -0.0491
           Episode_Reward/ang_vel_xy_l2: -0.2224
          Episode_Reward/dof_torques_l2: -0.0527
              Episode_Reward/dof_acc_l2: -0.0809
          Episode_Reward/action_rate_l2: -0.0964
           Episode_Reward/feet_air_time: -0.0049
     Episode_Reward/flat_orientation_l2: -0.0390
          Episode_Reward/dof_pos_limits: 0.0000
                   Metrics/success_rate: 0.0000
     Metrics/base_velocity/error_vel_xy: 0.8256
    Metrics/base_velocity/error_vel_yaw: 0.8259
           Episode_Termination/time_out: 0.4133
       Episode_Termination/base_contact: 0.1509
--------------------------------------------------------------------------------
                         Iteration time: 1.21s
                           Time elapsed: 00:00:37
                                    ETA: 00:14:52

################################################################################
[1m                           Learning iteration 20/500                            [0m 

                            Total steps: 1032192 
                       Steps per second: 39486 
                        Collection time: 1.191s 
                          Learning time: 0.053s 
                        Mean value loss: 0.0490
                    Mean surrogate loss: -0.0066
                      Mean entropy loss: 14.6741
                            Mean reward: -6.52
                    Mean episode length: 472.77
                        Mean action std: 0.83
    Episode_Reward/track_lin_vel_xy_exp: 0.1260
     Episode_Reward/track_ang_vel_z_exp: 0.1196
            Episode_Reward/lin_vel_z_l2: -0.0498
           Episode_Reward/ang_vel_xy_l2: -0.2227
          Episode_Reward/dof_torques_l2: -0.0563
              Episode_Reward/dof_acc_l2: -0.0838
          Episode_Reward/action_rate_l2: -0.1019
           Episode_Reward/feet_air_time: -0.0045
     Episode_Reward/flat_orientation_l2: -0.0437
          Episode_Reward/dof_pos_limits: 0.0000
                   Metrics/success_rate: 0.0000
     Metrics/base_velocity/error_vel_xy: 0.8044
    Metrics/base_velocity/error_vel_yaw: 0.7852
           Episode_Termination/time_out: 0.4363
       Episode_Termination/base_contact: 0.1512
--------------------------------------------------------------------------------
                         Iteration time: 1.24s
                           Time elapsed: 00:00:38
                                    ETA: 00:14:36

################################################################################
[1m                           Learning iteration 21/500                            [0m 

                            Total steps: 1081344 
                       Steps per second: 37471 
                        Collection time: 1.244s 
                          Learning time: 0.068s 
                        Mean value loss: 0.0051
                    Mean surrogate loss: -0.0106
                      Mean entropy loss: 14.5081
                            Mean reward: -6.26
                    Mean episode length: 496.10
                        Mean action std: 0.81
    Episode_Reward/track_lin_vel_xy_exp: 0.2532
     Episode_Reward/track_ang_vel_z_exp: 0.1203
            Episode_Reward/lin_vel_z_l2: -0.0487
           Episode_Reward/ang_vel_xy_l2: -0.2406
          Episode_Reward/dof_torques_l2: -0.0606
              Episode_Reward/dof_acc_l2: -0.0882
          Episode_Reward/action_rate_l2: -0.1069
           Episode_Reward/feet_air_time: -0.0047
     Episode_Reward/flat_orientation_l2: -0.0464
          Episode_Reward/dof_pos_limits: 0.0000
                   Metrics/success_rate: 0.0000
     Metrics/base_velocity/error_vel_xy: 0.6502
    Metrics/base_velocity/error_vel_yaw: 0.8220
           Episode_Termination/time_out: 0.4581
       Episode_Termination/base_contact: 0.1514
--------------------------------------------------------------------------------
                         Iteration time: 1.31s
                           Time elapsed: 00:00:39
                                    ETA: 00:14:23

################################################################################
[1m                           Learning iteration 22/500                            [0m 

                            Total steps: 1130496 
                       Steps per second: 37639 
                        Collection time: 1.253s 
                          Learning time: 0.053s 
                        Mean value loss: 0.0060
                    Mean surrogate loss: -0.0096
                      Mean entropy loss: 14.3951
                            Mean reward: -6.24
                    Mean episode length: 519.15
                        Mean action std: 0.80
    Episode_Reward/track_lin_vel_xy_exp: 0.1662
     Episode_Reward/track_ang_vel_z_exp: 0.1280
            Episode_Reward/lin_vel_z_l2: -0.0504
           Episode_Reward/ang_vel_xy_l2: -0.2438
          Episode_Reward/dof_torques_l2: -0.0597
              Episode_Reward/dof_acc_l2: -0.0913
          Episode_Reward/action_rate_l2: -0.1095
           Episode_Reward/feet_air_time: -0.0049
     Episode_Reward/flat_orientation_l2: -0.0436
          Episode_Reward/dof_pos_limits: 0.0000
                   Metrics/success_rate: 0.0000
     Metrics/base_velocity/error_vel_xy: 0.7382
    Metrics/base_velocity/error_vel_yaw: 0.8132
           Episode_Termination/time_out: 0.4745
       Episode_Termination/base_contact: 0.1514
--------------------------------------------------------------------------------
                         Iteration time: 1.31s
                           Time elapsed: 00:00:41
                                    ETA: 00:14:11

################################################################################
[1m                           Learning iteration 23/500                            [0m 

                            Total steps: 1179648 
                       Steps per second: 39024 
                        Collection time: 1.208s 
                          Learning time: 0.052s 
                        Mean value loss: 0.0074
                    Mean surrogate loss: -0.0093
                      Mean entropy loss: 14.2339
                            Mean reward: -6.32
                    Mean episode length: 538.96
                        Mean action std: 0.80
    Episode_Reward/track_lin_vel_xy_exp: 0.1407
     Episode_Reward/track_ang_vel_z_exp: 0.1269
            Episode_Reward/lin_vel_z_l2: -0.0520
           Episode_Reward/ang_vel_xy_l2: -0.2436
          Episode_Reward/dof_torques_l2: -0.0626
              Episode_Reward/dof_acc_l2: -0.0928
          Episode_Reward/action_rate_l2: -0.1105
           Episode_Reward/feet_air_time: -0.0047
     Episode_Reward/flat_orientation_l2: -0.0525
          Episode_Reward/dof_pos_limits: 0.0000
                   Metrics/success_rate: 0.0000
     Metrics/base_velocity/error_vel_xy: 0.8342
    Metrics/base_velocity/error_vel_yaw: 0.8321
           Episode_Termination/time_out: 0.4922
       Episode_Termination/base_contact: 0.1517
--------------------------------------------------------------------------------
                         Iteration time: 1.26s
                           Time elapsed: 00:00:42
                                    ETA: 00:13:59

################################################################################
[1m                           Learning iteration 24/500                            [0m 

                            Total steps: 1228800 
                       Steps per second: 37709 
                        Collection time: 1.252s 
                          Learning time: 0.051s 
                        Mean value loss: 0.0079
                    Mean surrogate loss: -0.0089
                      Mean entropy loss: 14.1079
                            Mean reward: -6.56
                    Mean episode length: 564.82
                        Mean action std: 0.79
    Episode_Reward/track_lin_vel_xy_exp: 0.1833
     Episode_Reward/track_ang_vel_z_exp: 0.1430
            Episode_Reward/lin_vel_z_l2: -0.0507
           Episode_Reward/ang_vel_xy_l2: -0.2596
          Episode_Reward/dof_torques_l2: -0.0665
              Episode_Reward/dof_acc_l2: -0.0975
          Episode_Reward/action_rate_l2: -0.1180
           Episode_Reward/feet_air_time: -0.0047
     Episode_Reward/flat_orientation_l2: -0.0463
          Episode_Reward/dof_pos_limits: 0.0000
                   Metrics/success_rate: 0.0000
     Metrics/base_velocity/error_vel_xy: 0.7700
    Metrics/base_velocity/error_vel_yaw: 0.7919
           Episode_Termination/time_out: 0.5103
       Episode_Termination/base_contact: 0.1519
--------------------------------------------------------------------------------
                         Iteration time: 1.30s
                           Time elapsed: 00:00:43
                                    ETA: 00:13:48

################################################################################
[1m                           Learning iteration 25/500                            [0m 

                            Total steps: 1277952 
                       Steps per second: 38937 
                        Collection time: 1.211s 
                          Learning time: 0.052s 
                        Mean value loss: 0.0092
                    Mean surrogate loss: -0.0080
                      Mean entropy loss: 13.9760
                            Mean reward: -6.44
                    Mean episode length: 588.94
                        Mean action std: 0.78
    Episode_Reward/track_lin_vel_xy_exp: 0.1912
     Episode_Reward/track_ang_vel_z_exp: 0.1416
            Episode_Reward/lin_vel_z_l2: -0.0540
           Episode_Reward/ang_vel_xy_l2: -0.2604
          Episode_Reward/dof_torques_l2: -0.0670
              Episode_Reward/dof_acc_l2: -0.1006
          Episode_Reward/action_rate_l2: -0.1184
           Episode_Reward/feet_air_time: -0.0044
     Episode_Reward/flat_orientation_l2: -0.0508
          Episode_Reward/dof_pos_limits: 0.0000
                   Metrics/success_rate: 0.0000
     Metrics/base_velocity/error_vel_xy: 0.7701
    Metrics/base_velocity/error_vel_yaw: 0.8152
           Episode_Termination/time_out: 0.5300
       Episode_Termination/base_contact: 0.1521
--------------------------------------------------------------------------------
                         Iteration time: 1.26s
                           Time elapsed: 00:00:44
                                    ETA: 00:13:38

################################################################################
[1m                           Learning iteration 26/500                            [0m 

                            Total steps: 1327104 
                       Steps per second: 38382 
                        Collection time: 1.227s 
                          Learning time: 0.054s 
                        Mean value loss: 0.0070
                    Mean surrogate loss: -0.0091
                      Mean entropy loss: 13.8540
                            Mean reward: -6.28
                    Mean episode length: 615.16
                        Mean action std: 0.77
    Episode_Reward/track_lin_vel_xy_exp: 0.2115
     Episode_Reward/track_ang_vel_z_exp: 0.1677
            Episode_Reward/lin_vel_z_l2: -0.0536
           Episode_Reward/ang_vel_xy_l2: -0.2777
          Episode_Reward/dof_torques_l2: -0.0672
              Episode_Reward/dof_acc_l2: -0.1090
          Episode_Reward/action_rate_l2: -0.1258
           Episode_Reward/feet_air_time: -0.0045
     Episode_Reward/flat_orientation_l2: -0.0452
          Episode_Reward/dof_pos_limits: 0.0000
                   Metrics/success_rate: 0.0000
     Metrics/base_velocity/error_vel_xy: 0.7879
    Metrics/base_velocity/error_vel_yaw: 0.7376
           Episode_Termination/time_out: 0.5509
       Episode_Termination/base_contact: 0.1523
--------------------------------------------------------------------------------
                         Iteration time: 1.28s
                           Time elapsed: 00:00:46
                                    ETA: 00:13:28

################################################################################
[1m                           Learning iteration 27/500                            [0m 

                            Total steps: 1376256 
                       Steps per second: 41160 
                        Collection time: 1.136s 
                          Learning time: 0.059s 
                        Mean value loss: 0.0086
                    Mean surrogate loss: -0.0089
                      Mean entropy loss: 13.7229
                            Mean reward: -6.38
                    Mean episode length: 636.58
                        Mean action std: 0.76
    Episode_Reward/track_lin_vel_xy_exp: 0.2523
     Episode_Reward/track_ang_vel_z_exp: 0.1544
            Episode_Reward/lin_vel_z_l2: -0.0554
           Episode_Reward/ang_vel_xy_l2: -0.2763
          Episode_Reward/dof_torques_l2: -0.0727
              Episode_Reward/dof_acc_l2: -0.1062
          Episode_Reward/action_rate_l2: -0.1292
           Episode_Reward/feet_air_time: -0.0043
     Episode_Reward/flat_orientation_l2: -0.0532
          Episode_Reward/dof_pos_limits: 0.0000
                   Metrics/success_rate: 0.0000
     Metrics/base_velocity/error_vel_xy: 0.7536
    Metrics/base_velocity/error_vel_yaw: 0.8187
           Episode_Termination/time_out: 0.5688
       Episode_Termination/base_contact: 0.1526
--------------------------------------------------------------------------------
                         Iteration time: 1.19s
                           Time elapsed: 00:00:47
                                    ETA: 00:13:18

################################################################################
[1m                           Learning iteration 28/500                            [0m 

                            Total steps: 1425408 
                       Steps per second: 39515 
                        Collection time: 1.186s 
                          Learning time: 0.058s 
                        Mean value loss: 0.0094
                    Mean surrogate loss: -0.0087
                      Mean entropy loss: 13.6073
                            Mean reward: -6.52
                    Mean episode length: 667.78
                        Mean action std: 0.76
    Episode_Reward/track_lin_vel_xy_exp: 0.1923
     Episode_Reward/track_ang_vel_z_exp: 0.1783
            Episode_Reward/lin_vel_z_l2: -0.0568
           Episode_Reward/ang_vel_xy_l2: -0.2792
          Episode_Reward/dof_torques_l2: -0.0723
              Episode_Reward/dof_acc_l2: -0.1105
          Episode_Reward/action_rate_l2: -0.1323
           Episode_Reward/feet_air_time: -0.0049
     Episode_Reward/flat_orientation_l2: -0.0480
          Episode_Reward/dof_pos_limits: 0.0000
                   Metrics/success_rate: 0.0000
     Metrics/base_velocity/error_vel_xy: 0.8187
    Metrics/base_velocity/error_vel_yaw: 0.7499
           Episode_Termination/time_out: 0.5898
       Episode_Termination/base_contact: 0.1528
--------------------------------------------------------------------------------
                         Iteration time: 1.24s
                           Time elapsed: 00:00:48
                                    ETA: 00:13:09

################################################################################
[1m                           Learning iteration 29/500                            [0m 

                            Total steps: 1474560 
                       Steps per second: 40084 
                        Collection time: 1.174s 
                          Learning time: 0.053s 
                        Mean value loss: 0.0087
                    Mean surrogate loss: -0.0084
                      Mean entropy loss: 13.5269
                            Mean reward: -6.45
                    Mean episode length: 678.87
                        Mean action std: 0.75
    Episode_Reward/track_lin_vel_xy_exp: 0.1989
     Episode_Reward/track_ang_vel_z_exp: 0.1777
            Episode_Reward/lin_vel_z_l2: -0.0545
           Episode_Reward/ang_vel_xy_l2: -0.2770
          Episode_Reward/dof_torques_l2: -0.0718
              Episode_Reward/dof_acc_l2: -0.1100
          Episode_Reward/action_rate_l2: -0.1284
           Episode_Reward/feet_air_time: -0.0045
     Episode_Reward/flat_orientation_l2: -0.0542
          Episode_Reward/dof_pos_limits: 0.0000
                   Metrics/success_rate: 0.0000
     Metrics/base_velocity/error_vel_xy: 0.7426
    Metrics/base_velocity/error_vel_yaw: 0.7351
           Episode_Termination/time_out: 0.6111
       Episode_Termination/base_contact: 0.1531
--------------------------------------------------------------------------------
                         Iteration time: 1.23s
                           Time elapsed: 00:00:49
                                    ETA: 00:13:00

################################################################################
[1m                           Learning iteration 30/500                            [0m 

                            Total steps: 1523712 
                       Steps per second: 38036 
                        Collection time: 1.218s 
                          Learning time: 0.074s 
                        Mean value loss: 0.0087
                    Mean surrogate loss: -0.0098
                      Mean entropy loss: 13.4006
                            Mean reward: -6.27
                    Mean episode length: 694.42
                        Mean action std: 0.74
    Episode_Reward/track_lin_vel_xy_exp: 0.2975
     Episode_Reward/track_ang_vel_z_exp: 0.1798
            Episode_Reward/lin_vel_z_l2: -0.0598
           Episode_Reward/ang_vel_xy_l2: -0.2881
          Episode_Reward/dof_torques_l2: -0.0760
              Episode_Reward/dof_acc_l2: -0.1172
          Episode_Reward/action_rate_l2: -0.1356
           Episode_Reward/feet_air_time: -0.0048
     Episode_Reward/flat_orientation_l2: -0.0647
          Episode_Reward/dof_pos_limits: 0.0000
                   Metrics/success_rate: 0.0000
     Metrics/base_velocity/error_vel_xy: 0.6856
    Metrics/base_velocity/error_vel_yaw: 0.7652
           Episode_Termination/time_out: 0.6282
       Episode_Termination/base_contact: 0.1540
--------------------------------------------------------------------------------
                         Iteration time: 1.29s
                           Time elapsed: 00:00:51
                                    ETA: 00:12:53

################################################################################
[1m                           Learning iteration 31/500                            [0m 

                            Total steps: 1572864 
                       Steps per second: 40060 
                        Collection time: 1.173s 
                          Learning time: 0.054s 
                        Mean value loss: 0.0097
                    Mean surrogate loss: -0.0088
                      Mean entropy loss: 13.3209
                            Mean reward: -6.39
                    Mean episode length: 685.73
                        Mean action std: 0.74
    Episode_Reward/track_lin_vel_xy_exp: 0.1450
     Episode_Reward/track_ang_vel_z_exp: 0.1635
            Episode_Reward/lin_vel_z_l2: -0.0527
           Episode_Reward/ang_vel_xy_l2: -0.2680
          Episode_Reward/dof_torques_l2: -0.0698
              Episode_Reward/dof_acc_l2: -0.1059
          Episode_Reward/action_rate_l2: -0.1264
           Episode_Reward/feet_air_time: -0.0044
     Episode_Reward/flat_orientation_l2: -0.0714
          Episode_Reward/dof_pos_limits: 0.0000
                   Metrics/success_rate: 0.0000
     Metrics/base_velocity/error_vel_xy: 0.8671
    Metrics/base_velocity/error_vel_yaw: 0.7944
           Episode_Termination/time_out: 0.6413
       Episode_Termination/base_contact: 0.1568
--------------------------------------------------------------------------------
                         Iteration time: 1.23s
                           Time elapsed: 00:00:52
                                    ETA: 00:12:45

################################################################################
[1m                           Learning iteration 32/500                            [0m 

                            Total steps: 1622016 
                       Steps per second: 40444 
                        Collection time: 1.162s 
                          Learning time: 0.053s 
                        Mean value loss: 0.0099
                    Mean surrogate loss: -0.0085
                      Mean entropy loss: 13.2054
                            Mean reward: -6.83
                    Mean episode length: 709.61
                        Mean action std: 0.73
    Episode_Reward/track_lin_vel_xy_exp: 0.1921
     Episode_Reward/track_ang_vel_z_exp: 0.2077
            Episode_Reward/lin_vel_z_l2: -0.0582
           Episode_Reward/ang_vel_xy_l2: -0.2839
          Episode_Reward/dof_torques_l2: -0.0792
              Episode_Reward/dof_acc_l2: -0.1128
          Episode_Reward/action_rate_l2: -0.1363
           Episode_Reward/feet_air_time: -0.0044
     Episode_Reward/flat_orientation_l2: -0.0714
          Episode_Reward/dof_pos_limits: 0.0000
                   Metrics/success_rate: 0.0000
     Metrics/base_velocity/error_vel_xy: 0.7711
    Metrics/base_velocity/error_vel_yaw: 0.6846
           Episode_Termination/time_out: 0.6540
       Episode_Termination/base_contact: 0.1593
--------------------------------------------------------------------------------
                         Iteration time: 1.22s
                           Time elapsed: 00:00:53
                                    ETA: 00:12:37

################################################################################
[1m                           Learning iteration 33/500                            [0m 

                            Total steps: 1671168 
                       Steps per second: 37713 
                        Collection time: 1.252s 
                          Learning time: 0.052s 
                        Mean value loss: 0.0111
                    Mean surrogate loss: -0.0089
                      Mean entropy loss: 13.1400
                            Mean reward: -5.93
                    Mean episode length: 749.50
                        Mean action std: 0.73
    Episode_Reward/track_lin_vel_xy_exp: 0.3010
     Episode_Reward/track_ang_vel_z_exp: 0.1999
            Episode_Reward/lin_vel_z_l2: -0.0568
           Episode_Reward/ang_vel_xy_l2: -0.2909
          Episode_Reward/dof_torques_l2: -0.0812
              Episode_Reward/dof_acc_l2: -0.1127
          Episode_Reward/action_rate_l2: -0.1378
           Episode_Reward/feet_air_time: -0.0044
     Episode_Reward/flat_orientation_l2: -0.0618
          Episode_Reward/dof_pos_limits: 0.0000
                   Metrics/success_rate: 0.0000
     Metrics/base_velocity/error_vel_xy: 0.7142
    Metrics/base_velocity/error_vel_yaw: 0.7481
           Episode_Termination/time_out: 0.6767
       Episode_Termination/base_contact: 0.1611
--------------------------------------------------------------------------------
                         Iteration time: 1.30s
                           Time elapsed: 00:00:54
                                    ETA: 00:12:31

################################################################################
[1m                           Learning iteration 34/500                            [0m 

                            Total steps: 1720320 
                       Steps per second: 39963 
                        Collection time: 1.171s 
                          Learning time: 0.059s 
                        Mean value loss: 0.0078
                    Mean surrogate loss: -0.0093
                      Mean entropy loss: 13.0456
                            Mean reward: -5.71
                    Mean episode length: 758.75
                        Mean action std: 0.72
    Episode_Reward/track_lin_vel_xy_exp: 0.2271
     Episode_Reward/track_ang_vel_z_exp: 0.2068
            Episode_Reward/lin_vel_z_l2: -0.0583
           Episode_Reward/ang_vel_xy_l2: -0.2863
          Episode_Reward/dof_torques_l2: -0.0820
              Episode_Reward/dof_acc_l2: -0.1126
          Episode_Reward/action_rate_l2: -0.1394
           Episode_Reward/feet_air_time: -0.0056
     Episode_Reward/flat_orientation_l2: -0.0836
          Episode_Reward/dof_pos_limits: 0.0000
                   Metrics/success_rate: 0.0000
     Metrics/base_velocity/error_vel_xy: 0.7888
    Metrics/base_velocity/error_vel_yaw: 0.7240
           Episode_Termination/time_out: 0.6927
       Episode_Termination/base_contact: 0.1632
--------------------------------------------------------------------------------
                         Iteration time: 1.23s
                           Time elapsed: 00:00:56
                                    ETA: 00:12:25

################################################################################
[1m                           Learning iteration 35/500                            [0m 

                            Total steps: 1769472 
                       Steps per second: 37346 
                        Collection time: 1.262s 
                          Learning time: 0.054s 
                        Mean value loss: 0.0083
                    Mean surrogate loss: -0.0093
                      Mean entropy loss: 12.9341
                            Mean reward: -6.14
                    Mean episode length: 785.51
                        Mean action std: 0.72
    Episode_Reward/track_lin_vel_xy_exp: 0.2676
     Episode_Reward/track_ang_vel_z_exp: 0.2309
            Episode_Reward/lin_vel_z_l2: -0.0567
           Episode_Reward/ang_vel_xy_l2: -0.3086
          Episode_Reward/dof_torques_l2: -0.0860
              Episode_Reward/dof_acc_l2: -0.1210
          Episode_Reward/action_rate_l2: -0.1472
           Episode_Reward/feet_air_time: -0.0066
     Episode_Reward/flat_orientation_l2: -0.0753
          Episode_Reward/dof_pos_limits: 0.0000
                   Metrics/success_rate: 0.0000
     Metrics/base_velocity/error_vel_xy: 0.7849
    Metrics/base_velocity/error_vel_yaw: 0.6940
           Episode_Termination/time_out: 0.7125
       Episode_Termination/base_contact: 0.1654
--------------------------------------------------------------------------------
                         Iteration time: 1.32s
                           Time elapsed: 00:00:57
                                    ETA: 00:12:19

################################################################################
[1m                           Learning iteration 36/500                            [0m 

                            Total steps: 1818624 
                       Steps per second: 40976 
                        Collection time: 1.147s 
                          Learning time: 0.053s 
                        Mean value loss: 0.0114
                    Mean surrogate loss: -0.0089
                      Mean entropy loss: 12.8549
                            Mean reward: -6.03
                    Mean episode length: 799.13
                        Mean action std: 0.71
    Episode_Reward/track_lin_vel_xy_exp: 0.2757
     Episode_Reward/track_ang_vel_z_exp: 0.2270
            Episode_Reward/lin_vel_z_l2: -0.0570
           Episode_Reward/ang_vel_xy_l2: -0.2916
          Episode_Reward/dof_torques_l2: -0.0829
              Episode_Reward/dof_acc_l2: -0.1165
          Episode_Reward/action_rate_l2: -0.1412
           Episode_Reward/feet_air_time: -0.0068
     Episode_Reward/flat_orientation_l2: -0.0694
          Episode_Reward/dof_pos_limits: 0.0000
                   Metrics/success_rate: 0.0000
     Metrics/base_velocity/error_vel_xy: 0.7569
    Metrics/base_velocity/error_vel_yaw: 0.6810
           Episode_Termination/time_out: 0.7273
       Episode_Termination/base_contact: 0.1679
--------------------------------------------------------------------------------
                         Iteration time: 1.20s
                           Time elapsed: 00:00:58
                                    ETA: 00:12:13

################################################################################
[1m                           Learning iteration 37/500                            [0m 

                            Total steps: 1867776 
                       Steps per second: 38406 
                        Collection time: 1.226s 
                          Learning time: 0.054s 
                        Mean value loss: 0.0080
                    Mean surrogate loss: -0.0089
                      Mean entropy loss: 12.7609
                            Mean reward: -6.05
                    Mean episode length: 814.94
                        Mean action std: 0.71
    Episode_Reward/track_lin_vel_xy_exp: 0.2305
     Episode_Reward/track_ang_vel_z_exp: 0.2215
            Episode_Reward/lin_vel_z_l2: -0.0567
           Episode_Reward/ang_vel_xy_l2: -0.2800
          Episode_Reward/dof_torques_l2: -0.0845
              Episode_Reward/dof_acc_l2: -0.1152
          Episode_Reward/action_rate_l2: -0.1397
           Episode_Reward/feet_air_time: -0.0077
     Episode_Reward/flat_orientation_l2: -0.0971
          Episode_Reward/dof_pos_limits: 0.0000
                   Metrics/success_rate: 0.0000
     Metrics/base_velocity/error_vel_xy: 0.7608
    Metrics/base_velocity/error_vel_yaw: 0.7103
           Episode_Termination/time_out: 0.7456
       Episode_Termination/base_contact: 0.1696
--------------------------------------------------------------------------------
                         Iteration time: 1.28s
                           Time elapsed: 00:00:59
                                    ETA: 00:12:08

################################################################################
[1m                           Learning iteration 38/500                            [0m 

                            Total steps: 1916928 
                       Steps per second: 39591 
                        Collection time: 1.186s 
                          Learning time: 0.055s 
                        Mean value loss: 0.0086
                    Mean surrogate loss: -0.0085
                      Mean entropy loss: 12.6553
                            Mean reward: -6.26
                    Mean episode length: 868.25
                        Mean action std: 0.70
    Episode_Reward/track_lin_vel_xy_exp: 0.2948
     Episode_Reward/track_ang_vel_z_exp: 0.2561
            Episode_Reward/lin_vel_z_l2: -0.0610
           Episode_Reward/ang_vel_xy_l2: -0.3276
          Episode_Reward/dof_torques_l2: -0.0931
              Episode_Reward/dof_acc_l2: -0.1293
          Episode_Reward/action_rate_l2: -0.1588
           Episode_Reward/feet_air_time: -0.0091
     Episode_Reward/flat_orientation_l2: -0.0815
          Episode_Reward/dof_pos_limits: 0.0000
                   Metrics/success_rate: 0.0000
     Metrics/base_velocity/error_vel_xy: 0.7481
    Metrics/base_velocity/error_vel_yaw: 0.6970
           Episode_Termination/time_out: 0.7600
       Episode_Termination/base_contact: 0.1714
--------------------------------------------------------------------------------
                         Iteration time: 1.24s
                           Time elapsed: 00:01:01
                                    ETA: 00:12:02

################################################################################
[1m                           Learning iteration 39/500                            [0m 

                            Total steps: 1966080 
                       Steps per second: 39272 
                        Collection time: 1.191s 
                          Learning time: 0.061s 
                        Mean value loss: 0.0083
                    Mean surrogate loss: -0.0079
                      Mean entropy loss: 12.5659
                            Mean reward: -6.06
                    Mean episode length: 906.09
                        Mean action std: 0.70
    Episode_Reward/track_lin_vel_xy_exp: 0.3048
     Episode_Reward/track_ang_vel_z_exp: 0.2744
            Episode_Reward/lin_vel_z_l2: -0.0611
           Episode_Reward/ang_vel_xy_l2: -0.3289
          Episode_Reward/dof_torques_l2: -0.0955
              Episode_Reward/dof_acc_l2: -0.1319
          Episode_Reward/action_rate_l2: -0.1612
           Episode_Reward/feet_air_time: -0.0104
     Episode_Reward/flat_orientation_l2: -0.0800
          Episode_Reward/dof_pos_limits: 0.0000
                   Metrics/success_rate: 0.0000
     Metrics/base_velocity/error_vel_xy: 0.7465
    Metrics/base_velocity/error_vel_yaw: 0.6775
           Episode_Termination/time_out: 0.7799
       Episode_Termination/base_contact: 0.1732
--------------------------------------------------------------------------------
                         Iteration time: 1.25s
                           Time elapsed: 00:01:02
                                    ETA: 00:11:57

################################################################################
[1m                           Learning iteration 40/500                            [0m 

                            Total steps: 2015232 
                       Steps per second: 40775 
                        Collection time: 1.149s 
                          Learning time: 0.056s 
                        Mean value loss: 0.0099
                    Mean surrogate loss: -0.0069
                      Mean entropy loss: 12.4757
                            Mean reward: -5.48
                    Mean episode length: 913.38
                        Mean action std: 0.69
    Episode_Reward/track_lin_vel_xy_exp: 0.3230
     Episode_Reward/track_ang_vel_z_exp: 0.2945
            Episode_Reward/lin_vel_z_l2: -0.0623
           Episode_Reward/ang_vel_xy_l2: -0.3314
          Episode_Reward/dof_torques_l2: -0.0933
              Episode_Reward/dof_acc_l2: -0.1372
          Episode_Reward/action_rate_l2: -0.1628
           Episode_Reward/feet_air_time: -0.0118
     Episode_Reward/flat_orientation_l2: -0.0753
          Episode_Reward/dof_pos_limits: 0.0000
                   Metrics/success_rate: 0.0000
     Metrics/base_velocity/error_vel_xy: 0.7483
    Metrics/base_velocity/error_vel_yaw: 0.6378
           Episode_Termination/time_out: 0.8022
       Episode_Termination/base_contact: 0.1748
--------------------------------------------------------------------------------
                         Iteration time: 1.21s
                           Time elapsed: 00:01:03
                                    ETA: 00:11:51

################################################################################
[1m                           Learning iteration 41/500                            [0m 

                            Total steps: 2064384 
                       Steps per second: 37483 
                        Collection time: 1.253s 
                          Learning time: 0.058s 
                        Mean value loss: 0.0123
                    Mean surrogate loss: -0.0070
                      Mean entropy loss: 12.4035
                            Mean reward: -4.83
                    Mean episode length: 929.96
                        Mean action std: 0.69
    Episode_Reward/track_lin_vel_xy_exp: 0.3629
     Episode_Reward/track_ang_vel_z_exp: 0.3049
            Episode_Reward/lin_vel_z_l2: -0.0635
           Episode_Reward/ang_vel_xy_l2: -0.3518
          Episode_Reward/dof_torques_l2: -0.0979
              Episode_Reward/dof_acc_l2: -0.1417
          Episode_Reward/action_rate_l2: -0.1719
           Episode_Reward/feet_air_time: -0.0133
     Episode_Reward/flat_orientation_l2: -0.0637
          Episode_Reward/dof_pos_limits: 0.0000
                   Metrics/success_rate: 0.0000
     Metrics/base_velocity/error_vel_xy: 0.6970
    Metrics/base_velocity/error_vel_yaw: 0.6493
           Episode_Termination/time_out: 0.8201
       Episode_Termination/base_contact: 0.1757
--------------------------------------------------------------------------------
                         Iteration time: 1.31s
                           Time elapsed: 00:01:04
                                    ETA: 00:11:47

################################################################################
[1m                           Learning iteration 42/500                            [0m 

                            Total steps: 2113536 
                       Steps per second: 40084 
                        Collection time: 1.173s 
                          Learning time: 0.053s 
                        Mean value loss: 0.0114
                    Mean surrogate loss: -0.0064
                      Mean entropy loss: 12.3753
                            Mean reward: -4.88
                    Mean episode length: 945.71
                        Mean action std: 0.69
    Episode_Reward/track_lin_vel_xy_exp: 0.2840
     Episode_Reward/track_ang_vel_z_exp: 0.3011
            Episode_Reward/lin_vel_z_l2: -0.0622
           Episode_Reward/ang_vel_xy_l2: -0.3302
          Episode_Reward/dof_torques_l2: -0.0959
              Episode_Reward/dof_acc_l2: -0.1379
          Episode_Reward/action_rate_l2: -0.1651
           Episode_Reward/feet_air_time: -0.0127
     Episode_Reward/flat_orientation_l2: -0.0690
          Episode_Reward/dof_pos_limits: 0.0000
                   Metrics/success_rate: 0.0000
     Metrics/base_velocity/error_vel_xy: 0.7455
    Metrics/base_velocity/error_vel_yaw: 0.6413
           Episode_Termination/time_out: 0.8250
       Episode_Termination/base_contact: 0.1760
--------------------------------------------------------------------------------
                         Iteration time: 1.23s
                           Time elapsed: 00:01:06
                                    ETA: 00:11:42

################################################################################
[1m                           Learning iteration 43/500                            [0m 

                            Total steps: 2162688 
                       Steps per second: 36803 
                        Collection time: 1.250s 
                          Learning time: 0.085s 
                        Mean value loss: 0.0141
                    Mean surrogate loss: -0.0069
                      Mean entropy loss: 12.3359
                            Mean reward: -5.56
                    Mean episode length: 943.00
                        Mean action std: 0.69
    Episode_Reward/track_lin_vel_xy_exp: 0.3456
     Episode_Reward/track_ang_vel_z_exp: 0.2917
            Episode_Reward/lin_vel_z_l2: -0.0563
           Episode_Reward/ang_vel_xy_l2: -0.3145
          Episode_Reward/dof_torques_l2: -0.0965
              Episode_Reward/dof_acc_l2: -0.1273
          Episode_Reward/action_rate_l2: -0.1606
           Episode_Reward/feet_air_time: -0.0121
     Episode_Reward/flat_orientation_l2: -0.0712
          Episode_Reward/dof_pos_limits: 0.0000
                   Metrics/success_rate: 0.0000
     Metrics/base_velocity/error_vel_xy: 0.7356
    Metrics/base_velocity/error_vel_yaw: 0.6546
           Episode_Termination/time_out: 0.8235
       Episode_Termination/base_contact: 0.1775
--------------------------------------------------------------------------------
                         Iteration time: 1.34s
                           Time elapsed: 00:01:07
                                    ETA: 00:11:39

################################################################################
[1m                           Learning iteration 44/500                            [0m 

                            Total steps: 2211840 
                       Steps per second: 37189 
                        Collection time: 1.271s 
                          Learning time: 0.051s 
                        Mean value loss: 0.0177
                    Mean surrogate loss: -0.0064
                      Mean entropy loss: 12.2889
                            Mean reward: -4.61
                    Mean episode length: 986.08
                        Mean action std: 0.68
    Episode_Reward/track_lin_vel_xy_exp: 0.3030
     Episode_Reward/track_ang_vel_z_exp: 0.3100
            Episode_Reward/lin_vel_z_l2: -0.0593
           Episode_Reward/ang_vel_xy_l2: -0.3176
          Episode_Reward/dof_torques_l2: -0.1023
              Episode_Reward/dof_acc_l2: -0.1339
          Episode_Reward/action_rate_l2: -0.1652
           Episode_Reward/feet_air_time: -0.0121
     Episode_Reward/flat_orientation_l2: -0.0697
          Episode_Reward/dof_pos_limits: 0.0000
                   Metrics/success_rate: 0.0000
     Metrics/base_velocity/error_vel_xy: 0.7723
    Metrics/base_velocity/error_vel_yaw: 0.6343
           Episode_Termination/time_out: 0.8281
       Episode_Termination/base_contact: 0.1726
--------------------------------------------------------------------------------
                         Iteration time: 1.32s
                           Time elapsed: 00:01:08
                                    ETA: 00:11:35

################################################################################
[1m                           Learning iteration 45/500                            [0m 

                            Total steps: 2260992 
                       Steps per second: 35480 
                        Collection time: 1.329s 
                          Learning time: 0.056s 
                        Mean value loss: 0.0177
                    Mean surrogate loss: -0.0073
                      Mean entropy loss: 12.2480
                            Mean reward: -2.34
                    Mean episode length: 990.66
                        Mean action std: 0.68
    Episode_Reward/track_lin_vel_xy_exp: 0.3612
     Episode_Reward/track_ang_vel_z_exp: 0.3153
            Episode_Reward/lin_vel_z_l2: -0.0566
           Episode_Reward/ang_vel_xy_l2: -0.3128
          Episode_Reward/dof_torques_l2: -0.0957
              Episode_Reward/dof_acc_l2: -0.1283
          Episode_Reward/action_rate_l2: -0.1617
           Episode_Reward/feet_air_time: -0.0128
     Episode_Reward/flat_orientation_l2: -0.0592
          Episode_Reward/dof_pos_limits: 0.0000
                   Metrics/success_rate: 0.0000
     Metrics/base_velocity/error_vel_xy: 0.7145
    Metrics/base_velocity/error_vel_yaw: 0.6293
           Episode_Termination/time_out: 0.8451
       Episode_Termination/base_contact: 0.1554
--------------------------------------------------------------------------------
                         Iteration time: 1.39s
                           Time elapsed: 00:01:10
                                    ETA: 00:11:32

################################################################################
[1m                           Learning iteration 46/500                            [0m 

                            Total steps: 2310144 
                       Steps per second: 39475 
                        Collection time: 1.182s 
                          Learning time: 0.063s 
                        Mean value loss: 0.0170
                    Mean surrogate loss: -0.0063
                      Mean entropy loss: 12.2399
                            Mean reward: -2.97
                    Mean episode length: 988.54
                        Mean action std: 0.68
    Episode_Reward/track_lin_vel_xy_exp: 0.3462
     Episode_Reward/track_ang_vel_z_exp: 0.3299
            Episode_Reward/lin_vel_z_l2: -0.0547
           Episode_Reward/ang_vel_xy_l2: -0.2973
          Episode_Reward/dof_torques_l2: -0.0980
              Episode_Reward/dof_acc_l2: -0.1252
          Episode_Reward/action_rate_l2: -0.1599
           Episode_Reward/feet_air_time: -0.0126
     Episode_Reward/flat_orientation_l2: -0.0631
          Episode_Reward/dof_pos_limits: 0.0000
                   Metrics/success_rate: 0.0000
     Metrics/base_velocity/error_vel_xy: 0.7329
    Metrics/base_velocity/error_vel_yaw: 0.5952
           Episode_Termination/time_out: 0.8643
       Episode_Termination/base_contact: 0.1360
--------------------------------------------------------------------------------
                         Iteration time: 1.25s
                           Time elapsed: 00:01:11
                                    ETA: 00:11:28

################################################################################
[1m                           Learning iteration 47/500                            [0m 

                            Total steps: 2359296 
                       Steps per second: 39449 
                        Collection time: 1.192s 
                          Learning time: 0.054s 
                        Mean value loss: 0.0153
                    Mean surrogate loss: -0.0074
                      Mean entropy loss: 12.1952
                            Mean reward: -3.28
                    Mean episode length: 988.04
                        Mean action std: 0.68
    Episode_Reward/track_lin_vel_xy_exp: 0.3072
     Episode_Reward/track_ang_vel_z_exp: 0.3241
            Episode_Reward/lin_vel_z_l2: -0.0531
           Episode_Reward/ang_vel_xy_l2: -0.2844
          Episode_Reward/dof_torques_l2: -0.1015
              Episode_Reward/dof_acc_l2: -0.1200
          Episode_Reward/action_rate_l2: -0.1564
           Episode_Reward/feet_air_time: -0.0120
     Episode_Reward/flat_orientation_l2: -0.0730
          Episode_Reward/dof_pos_limits: 0.0000
                   Metrics/success_rate: 0.0000
     Metrics/base_velocity/error_vel_xy: 0.7471
    Metrics/base_velocity/error_vel_yaw: 0.6084
           Episode_Termination/time_out: 0.8806
       Episode_Termination/base_contact: 0.1194
--------------------------------------------------------------------------------
                         Iteration time: 1.25s
                           Time elapsed: 00:01:12
                                    ETA: 00:11:24

################################################################################
[1m                           Learning iteration 48/500                            [0m 

                            Total steps: 2408448 
                       Steps per second: 39238 
                        Collection time: 1.198s 
                          Learning time: 0.054s 
                        Mean value loss: 0.0126
                    Mean surrogate loss: -0.0074
                      Mean entropy loss: 12.1420
                            Mean reward: -3.09
                    Mean episode length: 983.82
                        Mean action std: 0.68
    Episode_Reward/track_lin_vel_xy_exp: 0.2902
     Episode_Reward/track_ang_vel_z_exp: 0.3223
            Episode_Reward/lin_vel_z_l2: -0.0498
           Episode_Reward/ang_vel_xy_l2: -0.2723
          Episode_Reward/dof_torques_l2: -0.0976
              Episode_Reward/dof_acc_l2: -0.1156
          Episode_Reward/action_rate_l2: -0.1504
           Episode_Reward/feet_air_time: -0.0117
     Episode_Reward/flat_orientation_l2: -0.0842
          Episode_Reward/dof_pos_limits: 0.0000
                   Metrics/success_rate: 0.0000
     Metrics/base_velocity/error_vel_xy: 0.7598
    Metrics/base_velocity/error_vel_yaw: 0.6082
           Episode_Termination/time_out: 0.8957
       Episode_Termination/base_contact: 0.1043
--------------------------------------------------------------------------------
                         Iteration time: 1.25s
                           Time elapsed: 00:01:13
                                    ETA: 00:11:20

################################################################################
[1m                           Learning iteration 49/500                            [0m 

                            Total steps: 2457600 
                       Steps per second: 38639 
                        Collection time: 1.199s 
                          Learning time: 0.073s 
                        Mean value loss: 0.0128
                    Mean surrogate loss: -0.0065
                      Mean entropy loss: 12.1144
                            Mean reward: -2.47
                    Mean episode length: 980.68
                        Mean action std: 0.67
    Episode_Reward/track_lin_vel_xy_exp: 0.3402
     Episode_Reward/track_ang_vel_z_exp: 0.3487
            Episode_Reward/lin_vel_z_l2: -0.0502
           Episode_Reward/ang_vel_xy_l2: -0.2680
          Episode_Reward/dof_torques_l2: -0.0971
              Episode_Reward/dof_acc_l2: -0.1157
          Episode_Reward/action_rate_l2: -0.1508
           Episode_Reward/feet_air_time: -0.0124
     Episode_Reward/flat_orientation_l2: -0.0735
          Episode_Reward/dof_pos_limits: 0.0000
                   Metrics/success_rate: 0.0000
     Metrics/base_velocity/error_vel_xy: 0.7360
    Metrics/base_velocity/error_vel_yaw: 0.5692
           Episode_Termination/time_out: 0.9097
       Episode_Termination/base_contact: 0.0903
--------------------------------------------------------------------------------
                         Iteration time: 1.27s
                           Time elapsed: 00:01:15
                                    ETA: 00:11:16

################################################################################
[1m                           Learning iteration 50/500                            [0m 

                            Total steps: 2506752 
                       Steps per second: 39192 
                        Collection time: 1.202s 
                          Learning time: 0.052s 
                        Mean value loss: 0.0122
                    Mean surrogate loss: -0.0062
                      Mean entropy loss: 12.0752
                            Mean reward: -1.10
                    Mean episode length: 985.00
                        Mean action std: 0.67
    Episode_Reward/track_lin_vel_xy_exp: 0.3989
     Episode_Reward/track_ang_vel_z_exp: 0.3533
            Episode_Reward/lin_vel_z_l2: -0.0495
           Episode_Reward/ang_vel_xy_l2: -0.2651
          Episode_Reward/dof_torques_l2: -0.1001
              Episode_Reward/dof_acc_l2: -0.1143
          Episode_Reward/action_rate_l2: -0.1511
           Episode_Reward/feet_air_time: -0.0120
     Episode_Reward/flat_orientation_l2: -0.0729
          Episode_Reward/dof_pos_limits: 0.0000
                   Metrics/success_rate: 0.0000
     Metrics/base_velocity/error_vel_xy: 0.6766
    Metrics/base_velocity/error_vel_yaw: 0.5551
           Episode_Termination/time_out: 0.9220
       Episode_Termination/base_contact: 0.0780
--------------------------------------------------------------------------------
                         Iteration time: 1.25s
                           Time elapsed: 00:01:16
                                    ETA: 00:11:12

################################################################################
[1m                           Learning iteration 51/500                            [0m 

                            Total steps: 2555904 
                       Steps per second: 39459 
                        Collection time: 1.190s 
                          Learning time: 0.056s 
                        Mean value loss: 0.0114
                    Mean surrogate loss: -0.0068
                      Mean entropy loss: 12.0353
                            Mean reward: -1.17
                    Mean episode length: 997.22
                        Mean action std: 0.67
    Episode_Reward/track_lin_vel_xy_exp: 0.2827
     Episode_Reward/track_ang_vel_z_exp: 0.3534
            Episode_Reward/lin_vel_z_l2: -0.0493
           Episode_Reward/ang_vel_xy_l2: -0.2615
          Episode_Reward/dof_torques_l2: -0.0950
              Episode_Reward/dof_acc_l2: -0.1154
          Episode_Reward/action_rate_l2: -0.1490
           Episode_Reward/feet_air_time: -0.0128
     Episode_Reward/flat_orientation_l2: -0.0602
          Episode_Reward/dof_pos_limits: 0.0000
                   Metrics/success_rate: 0.0000
     Metrics/base_velocity/error_vel_xy: 0.7744
    Metrics/base_velocity/error_vel_yaw: 0.5538
           Episode_Termination/time_out: 0.9316
       Episode_Termination/base_contact: 0.0684
--------------------------------------------------------------------------------
                         Iteration time: 1.25s
                           Time elapsed: 00:01:17
                                    ETA: 00:11:09

################################################################################
[1m                           Learning iteration 52/500                            [0m 

                            Total steps: 2605056 
                       Steps per second: 38967 
                        Collection time: 1.208s 
                          Learning time: 0.053s 
                        Mean value loss: 0.0124
                    Mean surrogate loss: -0.0063
                      Mean entropy loss: 11.9971
                            Mean reward: -1.62
                    Mean episode length: 990.83
                        Mean action std: 0.67
    Episode_Reward/track_lin_vel_xy_exp: 0.3058
     Episode_Reward/track_ang_vel_z_exp: 0.3505
            Episode_Reward/lin_vel_z_l2: -0.0463
           Episode_Reward/ang_vel_xy_l2: -0.2498
          Episode_Reward/dof_torques_l2: -0.0968
              Episode_Reward/dof_acc_l2: -0.1122
          Episode_Reward/action_rate_l2: -0.1457
           Episode_Reward/feet_air_time: -0.0123
     Episode_Reward/flat_orientation_l2: -0.0703
          Episode_Reward/dof_pos_limits: 0.0000
                   Metrics/success_rate: 0.0000
     Metrics/base_velocity/error_vel_xy: 0.7635
    Metrics/base_velocity/error_vel_yaw: 0.5535
           Episode_Termination/time_out: 0.9382
       Episode_Termination/base_contact: 0.0618
--------------------------------------------------------------------------------
                         Iteration time: 1.26s
                           Time elapsed: 00:01:18
                                    ETA: 00:11:05

################################################################################
[1m                           Learning iteration 53/500                            [0m 

                            Total steps: 2654208 
                       Steps per second: 39737 
                        Collection time: 1.178s 
                          Learning time: 0.059s 
                        Mean value loss: 0.0140
                    Mean surrogate loss: -0.0060
                      Mean entropy loss: 11.9995
                            Mean reward: -0.53
                    Mean episode length: 988.66
                        Mean action std: 0.67
    Episode_Reward/track_lin_vel_xy_exp: 0.4225
     Episode_Reward/track_ang_vel_z_exp: 0.3781
            Episode_Reward/lin_vel_z_l2: -0.0451
           Episode_Reward/ang_vel_xy_l2: -0.2480
          Episode_Reward/dof_torques_l2: -0.0932
              Episode_Reward/dof_acc_l2: -0.1099
          Episode_Reward/action_rate_l2: -0.1435
           Episode_Reward/feet_air_time: -0.0119
     Episode_Reward/flat_orientation_l2: -0.0578
          Episode_Reward/dof_pos_limits: 0.0000
                   Metrics/success_rate: 0.0000
     Metrics/base_velocity/error_vel_xy: 0.6842
    Metrics/base_velocity/error_vel_yaw: 0.5019
           Episode_Termination/time_out: 0.9420
       Episode_Termination/base_contact: 0.0580
--------------------------------------------------------------------------------
                         Iteration time: 1.24s
                           Time elapsed: 00:01:20
                                    ETA: 00:11:02

################################################################################
[1m                           Learning iteration 54/500                            [0m 

                            Total steps: 2703360 
                       Steps per second: 39682 
                        Collection time: 1.186s 
                          Learning time: 0.053s 
                        Mean value loss: 0.0155
                    Mean surrogate loss: -0.0066
                      Mean entropy loss: 11.9542
                            Mean reward: 0.73
                    Mean episode length: 969.89
                        Mean action std: 0.67
    Episode_Reward/track_lin_vel_xy_exp: 0.3313
     Episode_Reward/track_ang_vel_z_exp: 0.3635
            Episode_Reward/lin_vel_z_l2: -0.0444
           Episode_Reward/ang_vel_xy_l2: -0.2380
          Episode_Reward/dof_torques_l2: -0.0903
              Episode_Reward/dof_acc_l2: -0.1039
          Episode_Reward/action_rate_l2: -0.1399
           Episode_Reward/feet_air_time: -0.0119
     Episode_Reward/flat_orientation_l2: -0.0497
          Episode_Reward/dof_pos_limits: 0.0000
                   Metrics/success_rate: 0.0000
     Metrics/base_velocity/error_vel_xy: 0.7503
    Metrics/base_velocity/error_vel_yaw: 0.5319
           Episode_Termination/time_out: 0.9462
       Episode_Termination/base_contact: 0.0538
--------------------------------------------------------------------------------
                         Iteration time: 1.24s
                           Time elapsed: 00:01:21
                                    ETA: 00:10:58

################################################################################
[1m                           Learning iteration 55/500                            [0m 

                            Total steps: 2752512 
                       Steps per second: 40755 
                        Collection time: 1.152s 
                          Learning time: 0.054s 
                        Mean value loss: 0.0137
                    Mean surrogate loss: -0.0071
                      Mean entropy loss: 11.9031
                            Mean reward: 0.15
                    Mean episode length: 954.06
                        Mean action std: 0.66
    Episode_Reward/track_lin_vel_xy_exp: 0.2626
     Episode_Reward/track_ang_vel_z_exp: 0.3765
            Episode_Reward/lin_vel_z_l2: -0.0448
           Episode_Reward/ang_vel_xy_l2: -0.2355
          Episode_Reward/dof_torques_l2: -0.0911
              Episode_Reward/dof_acc_l2: -0.1055
          Episode_Reward/action_rate_l2: -0.1385
           Episode_Reward/feet_air_time: -0.0117
     Episode_Reward/flat_orientation_l2: -0.0661
          Episode_Reward/dof_pos_limits: 0.0000
                   Metrics/success_rate: 0.0000
     Metrics/base_velocity/error_vel_xy: 0.7757
    Metrics/base_velocity/error_vel_yaw: 0.5002
           Episode_Termination/time_out: 0.9486
       Episode_Termination/base_contact: 0.0514
--------------------------------------------------------------------------------
                         Iteration time: 1.21s
                           Time elapsed: 00:01:22
                                    ETA: 00:10:55

################################################################################
[1m                           Learning iteration 56/500                            [0m 

                            Total steps: 2801664 
                       Steps per second: 39785 
                        Collection time: 1.178s 
                          Learning time: 0.058s 
                        Mean value loss: 0.0101
                    Mean surrogate loss: -0.0066
                      Mean entropy loss: 11.8488
                            Mean reward: -0.85
                    Mean episode length: 960.17
                        Mean action std: 0.66
    Episode_Reward/track_lin_vel_xy_exp: 0.2102
     Episode_Reward/track_ang_vel_z_exp: 0.3450
            Episode_Reward/lin_vel_z_l2: -0.0425
           Episode_Reward/ang_vel_xy_l2: -0.2218
          Episode_Reward/dof_torques_l2: -0.0870
              Episode_Reward/dof_acc_l2: -0.1009
          Episode_Reward/action_rate_l2: -0.1311
           Episode_Reward/feet_air_time: -0.0116
     Episode_Reward/flat_orientation_l2: -0.0737
          Episode_Reward/dof_pos_limits: 0.0000
                   Metrics/success_rate: 0.0000
     Metrics/base_velocity/error_vel_xy: 0.8329
    Metrics/base_velocity/error_vel_yaw: 0.5525
           Episode_Termination/time_out: 0.9499
       Episode_Termination/base_contact: 0.0501
--------------------------------------------------------------------------------
                         Iteration time: 1.24s
                           Time elapsed: 00:01:23
                                    ETA: 00:10:51

################################################################################
[1m                           Learning iteration 57/500                            [0m 

                            Total steps: 2850816 
                       Steps per second: 39495 
                        Collection time: 1.190s 
                          Learning time: 0.054s 
                        Mean value loss: 0.0111
                    Mean surrogate loss: -0.0069
                      Mean entropy loss: 11.7910
                            Mean reward: -0.19
                    Mean episode length: 978.17
                        Mean action std: 0.66
    Episode_Reward/track_lin_vel_xy_exp: 0.3438
     Episode_Reward/track_ang_vel_z_exp: 0.3921
            Episode_Reward/lin_vel_z_l2: -0.0428
           Episode_Reward/ang_vel_xy_l2: -0.2313
          Episode_Reward/dof_torques_l2: -0.0922
              Episode_Reward/dof_acc_l2: -0.1018
          Episode_Reward/action_rate_l2: -0.1380
           Episode_Reward/feet_air_time: -0.0124
     Episode_Reward/flat_orientation_l2: -0.0538
          Episode_Reward/dof_pos_limits: 0.0000
                   Metrics/success_rate: 0.0719
     Metrics/base_velocity/error_vel_xy: 0.7523
    Metrics/base_velocity/error_vel_yaw: 0.4915
           Episode_Termination/time_out: 0.9504
       Episode_Termination/base_contact: 0.0496
--------------------------------------------------------------------------------
                         Iteration time: 1.24s
                           Time elapsed: 00:01:25
                                    ETA: 00:10:48

################################################################################
[1m                           Learning iteration 58/500                            [0m 

                            Total steps: 2899968 
                       Steps per second: 41173 
                        Collection time: 1.140s 
                          Learning time: 0.054s 
                        Mean value loss: 0.0063
                    Mean surrogate loss: -0.0071
                      Mean entropy loss: 11.7292
                            Mean reward: 0.28
                    Mean episode length: 978.17
                        Mean action std: 0.65
    Episode_Reward/track_lin_vel_xy_exp: 0.3953
     Episode_Reward/track_ang_vel_z_exp: 0.3722
            Episode_Reward/lin_vel_z_l2: -0.0405
           Episode_Reward/ang_vel_xy_l2: -0.2251
          Episode_Reward/dof_torques_l2: -0.0958
              Episode_Reward/dof_acc_l2: -0.0961
          Episode_Reward/action_rate_l2: -0.1361
           Episode_Reward/feet_air_time: -0.0118
     Episode_Reward/flat_orientation_l2: -0.0574
          Episode_Reward/dof_pos_limits: 0.0000
                   Metrics/success_rate: 0.0625
     Metrics/base_velocity/error_vel_xy: 0.6957
    Metrics/base_velocity/error_vel_yaw: 0.5190
           Episode_Termination/time_out: 0.9521
       Episode_Termination/base_contact: 0.0479
--------------------------------------------------------------------------------
                         Iteration time: 1.19s
                           Time elapsed: 00:01:26
                                    ETA: 00:10:45

################################################################################
[1m                           Learning iteration 59/500                            [0m 

                            Total steps: 2949120 
                       Steps per second: 39675 
                        Collection time: 1.178s 
                          Learning time: 0.061s 
                        Mean value loss: 0.0116
                    Mean surrogate loss: -0.0067
                      Mean entropy loss: 11.6153
                            Mean reward: 0.97
                    Mean episode length: 994.62
                        Mean action std: 0.65
    Episode_Reward/track_lin_vel_xy_exp: 0.3069
     Episode_Reward/track_ang_vel_z_exp: 0.4018
            Episode_Reward/lin_vel_z_l2: -0.0417
           Episode_Reward/ang_vel_xy_l2: -0.2217
          Episode_Reward/dof_torques_l2: -0.0882
              Episode_Reward/dof_acc_l2: -0.1030
          Episode_Reward/action_rate_l2: -0.1333
           Episode_Reward/feet_air_time: -0.0127
     Episode_Reward/flat_orientation_l2: -0.0536
          Episode_Reward/dof_pos_limits: 0.0000
                   Metrics/success_rate: 0.0347
     Metrics/base_velocity/error_vel_xy: 0.7423
    Metrics/base_velocity/error_vel_yaw: 0.4631
           Episode_Termination/time_out: 0.9527
       Episode_Termination/base_contact: 0.0473
--------------------------------------------------------------------------------
                         Iteration time: 1.24s
                           Time elapsed: 00:01:27
                                    ETA: 00:10:41

################################################################################
[1m                           Learning iteration 60/500                            [0m 

                            Total steps: 2998272 
                       Steps per second: 39885 
                        Collection time: 1.175s 
                          Learning time: 0.058s 
                        Mean value loss: 0.0132
                    Mean surrogate loss: -0.0055
                      Mean entropy loss: 11.5791
                            Mean reward: 0.62
                    Mean episode length: 990.29
                        Mean action std: 0.65
    Episode_Reward/track_lin_vel_xy_exp: 0.2890
     Episode_Reward/track_ang_vel_z_exp: 0.3873
            Episode_Reward/lin_vel_z_l2: -0.0406
           Episode_Reward/ang_vel_xy_l2: -0.2123
          Episode_Reward/dof_torques_l2: -0.0860
              Episode_Reward/dof_acc_l2: -0.1045
          Episode_Reward/action_rate_l2: -0.1303
           Episode_Reward/feet_air_time: -0.0117
     Episode_Reward/flat_orientation_l2: -0.0901
          Episode_Reward/dof_pos_limits: 0.0000
                   Metrics/success_rate: 0.0208
     Metrics/base_velocity/error_vel_xy: 0.7552
    Metrics/base_velocity/error_vel_yaw: 0.4820
           Episode_Termination/time_out: 0.9524
       Episode_Termination/base_contact: 0.0476
--------------------------------------------------------------------------------
                         Iteration time: 1.23s
                           Time elapsed: 00:01:28
                                    ETA: 00:10:38

################################################################################
[1m                           Learning iteration 61/500                            [0m 

                            Total steps: 3047424 
                       Steps per second: 39360 
                        Collection time: 1.187s 
                          Learning time: 0.062s 
                        Mean value loss: 0.0121
                    Mean surrogate loss: -0.0068
                      Mean entropy loss: 11.5524
                            Mean reward: 1.29
                    Mean episode length: 995.67
                        Mean action std: 0.64
    Episode_Reward/track_lin_vel_xy_exp: 0.3846
     Episode_Reward/track_ang_vel_z_exp: 0.4007
            Episode_Reward/lin_vel_z_l2: -0.0373
           Episode_Reward/ang_vel_xy_l2: -0.2136
          Episode_Reward/dof_torques_l2: -0.0928
              Episode_Reward/dof_acc_l2: -0.1014
          Episode_Reward/action_rate_l2: -0.1318
           Episode_Reward/feet_air_time: -0.0111
     Episode_Reward/flat_orientation_l2: -0.0542
          Episode_Reward/dof_pos_limits: 0.0000
                   Metrics/success_rate: 0.0521
     Metrics/base_velocity/error_vel_xy: 0.7166
    Metrics/base_velocity/error_vel_yaw: 0.4629
           Episode_Termination/time_out: 0.9526
       Episode_Termination/base_contact: 0.0474
--------------------------------------------------------------------------------
                         Iteration time: 1.25s
                           Time elapsed: 00:01:30
                                    ETA: 00:10:35

################################################################################
[1m                           Learning iteration 62/500                            [0m 

                            Total steps: 3096576 
                       Steps per second: 38062 
                        Collection time: 1.223s 
                          Learning time: 0.068s 
                        Mean value loss: 0.0154
                    Mean surrogate loss: -0.0058
                      Mean entropy loss: 11.5115
                            Mean reward: 2.12
                    Mean episode length: 994.51
                        Mean action std: 0.64
    Episode_Reward/track_lin_vel_xy_exp: 0.4198
     Episode_Reward/track_ang_vel_z_exp: 0.4214
            Episode_Reward/lin_vel_z_l2: -0.0390
           Episode_Reward/ang_vel_xy_l2: -0.2096
          Episode_Reward/dof_torques_l2: -0.0887
              Episode_Reward/dof_acc_l2: -0.0937
          Episode_Reward/action_rate_l2: -0.1290
           Episode_Reward/feet_air_time: -0.0107
     Episode_Reward/flat_orientation_l2: -0.0780
          Episode_Reward/dof_pos_limits: 0.0000
                   Metrics/success_rate: 0.1979
     Metrics/base_velocity/error_vel_xy: 0.6758
    Metrics/base_velocity/error_vel_yaw: 0.4327
           Episode_Termination/time_out: 0.9531
       Episode_Termination/base_contact: 0.0469
--------------------------------------------------------------------------------
                         Iteration time: 1.29s
                           Time elapsed: 00:01:31
                                    ETA: 00:10:33

################################################################################
[1m                           Learning iteration 63/500                            [0m 

                            Total steps: 3145728 
                       Steps per second: 40084 
                        Collection time: 1.171s 
                          Learning time: 0.055s 
                        Mean value loss: 0.0097
                    Mean surrogate loss: -0.0071
                      Mean entropy loss: 11.4850
                            Mean reward: 2.97
                    Mean episode length: 994.51
                        Mean action std: 0.64
    Episode_Reward/track_lin_vel_xy_exp: 0.3272
     Episode_Reward/track_ang_vel_z_exp: 0.4150
            Episode_Reward/lin_vel_z_l2: -0.0380
           Episode_Reward/ang_vel_xy_l2: -0.2055
          Episode_Reward/dof_torques_l2: -0.0904
              Episode_Reward/dof_acc_l2: -0.0917
          Episode_Reward/action_rate_l2: -0.1290
           Episode_Reward/feet_air_time: -0.0118
     Episode_Reward/flat_orientation_l2: -0.0466
          Episode_Reward/dof_pos_limits: 0.0000
                   Metrics/success_rate: 0.0208
     Metrics/base_velocity/error_vel_xy: 0.7421
    Metrics/base_velocity/error_vel_yaw: 0.4410
           Episode_Termination/time_out: 0.9526
       Episode_Termination/base_contact: 0.0474
--------------------------------------------------------------------------------
                         Iteration time: 1.23s
                           Time elapsed: 00:01:32
                                    ETA: 00:10:30

################################################################################
[1m                           Learning iteration 64/500                            [0m 

                            Total steps: 3194880 
                       Steps per second: 36881 
                        Collection time: 1.277s 
                          Learning time: 0.056s 
                        Mean value loss: 0.0107
                    Mean surrogate loss: -0.0056
                      Mean entropy loss: 11.4171
                            Mean reward: 2.86
                    Mean episode length: 985.08
                        Mean action std: 0.64
    Episode_Reward/track_lin_vel_xy_exp: 0.3296
     Episode_Reward/track_ang_vel_z_exp: 0.3890
            Episode_Reward/lin_vel_z_l2: -0.0378
           Episode_Reward/ang_vel_xy_l2: -0.1895
          Episode_Reward/dof_torques_l2: -0.0815
              Episode_Reward/dof_acc_l2: -0.0870
          Episode_Reward/action_rate_l2: -0.1178
           Episode_Reward/feet_air_time: -0.0107
     Episode_Reward/flat_orientation_l2: -0.0454
          Episode_Reward/dof_pos_limits: 0.0000
                   Metrics/success_rate: 0.1146
     Metrics/base_velocity/error_vel_xy: 0.6856
    Metrics/base_velocity/error_vel_yaw: 0.4172
           Episode_Termination/time_out: 0.9524
       Episode_Termination/base_contact: 0.0476
--------------------------------------------------------------------------------
                         Iteration time: 1.33s
                           Time elapsed: 00:01:33
                                    ETA: 00:10:28

################################################################################
[1m                           Learning iteration 65/500                            [0m 

                            Total steps: 3244032 
                       Steps per second: 39895 
                        Collection time: 1.178s 
                          Learning time: 0.054s 
                        Mean value loss: 0.0154
                    Mean surrogate loss: -0.0058
                      Mean entropy loss: 11.4042
                            Mean reward: 3.53
                    Mean episode length: 981.20
                        Mean action std: 0.64
    Episode_Reward/track_lin_vel_xy_exp: 0.3126
     Episode_Reward/track_ang_vel_z_exp: 0.4064
            Episode_Reward/lin_vel_z_l2: -0.0377
           Episode_Reward/ang_vel_xy_l2: -0.1930
          Episode_Reward/dof_torques_l2: -0.0897
              Episode_Reward/dof_acc_l2: -0.0907
          Episode_Reward/action_rate_l2: -0.1255
           Episode_Reward/feet_air_time: -0.0114
     Episode_Reward/flat_orientation_l2: -0.0473
          Episode_Reward/dof_pos_limits: 0.0000
                   Metrics/success_rate: 0.0556
     Metrics/base_velocity/error_vel_xy: 0.7534
    Metrics/base_velocity/error_vel_yaw: 0.4556
           Episode_Termination/time_out: 0.9523
       Episode_Termination/base_contact: 0.0477
--------------------------------------------------------------------------------
                         Iteration time: 1.23s
                           Time elapsed: 00:01:35
                                    ETA: 00:10:25

################################################################################
[1m                           Learning iteration 66/500                            [0m 

                            Total steps: 3293184 
                       Steps per second: 39632 
                        Collection time: 1.180s 
                          Learning time: 0.061s 
                        Mean value loss: 0.0167
                    Mean surrogate loss: -0.0060
                      Mean entropy loss: 11.3924
                            Mean reward: 3.59
                    Mean episode length: 976.91
                        Mean action std: 0.64
    Episode_Reward/track_lin_vel_xy_exp: 0.3578
     Episode_Reward/track_ang_vel_z_exp: 0.4272
            Episode_Reward/lin_vel_z_l2: -0.0352
           Episode_Reward/ang_vel_xy_l2: -0.1922
          Episode_Reward/dof_torques_l2: -0.0879
              Episode_Reward/dof_acc_l2: -0.0895
          Episode_Reward/action_rate_l2: -0.1222
           Episode_Reward/feet_air_time: -0.0103
     Episode_Reward/flat_orientation_l2: -0.0765
          Episode_Reward/dof_pos_limits: 0.0000
                   Metrics/success_rate: 0.1111
     Metrics/base_velocity/error_vel_xy: 0.7158
    Metrics/base_velocity/error_vel_yaw: 0.4219
           Episode_Termination/time_out: 0.9521
       Episode_Termination/base_contact: 0.0479
--------------------------------------------------------------------------------
                         Iteration time: 1.24s
                           Time elapsed: 00:01:36
                                    ETA: 00:10:22

################################################################################
[1m                           Learning iteration 67/500                            [0m 

                            Total steps: 3342336 
                       Steps per second: 38041 
                        Collection time: 1.240s 
                          Learning time: 0.052s 
                        Mean value loss: 0.0162
                    Mean surrogate loss: -0.0058
                      Mean entropy loss: 11.4072
                            Mean reward: 3.96
                    Mean episode length: 995.71
                        Mean action std: 0.64
    Episode_Reward/track_lin_vel_xy_exp: 0.3695
     Episode_Reward/track_ang_vel_z_exp: 0.4485
            Episode_Reward/lin_vel_z_l2: -0.0359
           Episode_Reward/ang_vel_xy_l2: -0.1995
          Episode_Reward/dof_torques_l2: -0.0856
              Episode_Reward/dof_acc_l2: -0.0887
          Episode_Reward/action_rate_l2: -0.1251
           Episode_Reward/feet_air_time: -0.0114
     Episode_Reward/flat_orientation_l2: -0.0404
          Episode_Reward/dof_pos_limits: 0.0000
                   Metrics/success_rate: 0.0972
     Metrics/base_velocity/error_vel_xy: 0.7203
    Metrics/base_velocity/error_vel_yaw: 0.3900
           Episode_Termination/time_out: 0.9525
       Episode_Termination/base_contact: 0.0475
--------------------------------------------------------------------------------
                         Iteration time: 1.29s
                           Time elapsed: 00:01:37
                                    ETA: 00:10:20

################################################################################
[1m                           Learning iteration 68/500                            [0m 

                            Total steps: 3391488 
                       Steps per second: 38666 
                        Collection time: 1.217s 
                          Learning time: 0.054s 
                        Mean value loss: 0.0188
                    Mean surrogate loss: -0.0056
                      Mean entropy loss: 11.4363
                            Mean reward: 4.45
                    Mean episode length: 995.71
                        Mean action std: 0.64
    Episode_Reward/track_lin_vel_xy_exp: 0.4414
     Episode_Reward/track_ang_vel_z_exp: 0.4478
            Episode_Reward/lin_vel_z_l2: -0.0353
           Episode_Reward/ang_vel_xy_l2: -0.1921
          Episode_Reward/dof_torques_l2: -0.0880
              Episode_Reward/dof_acc_l2: -0.0873
          Episode_Reward/action_rate_l2: -0.1228
           Episode_Reward/feet_air_time: -0.0109
     Episode_Reward/flat_orientation_l2: -0.0456
          Episode_Reward/dof_pos_limits: 0.0000
                   Metrics/success_rate: 0.1875
     Metrics/base_velocity/error_vel_xy: 0.6590
    Metrics/base_velocity/error_vel_yaw: 0.3953
           Episode_Termination/time_out: 0.9526
       Episode_Termination/base_contact: 0.0474
--------------------------------------------------------------------------------
                         Iteration time: 1.27s
                           Time elapsed: 00:01:38
                                    ETA: 00:10:17

################################################################################
[1m                           Learning iteration 69/500                            [0m 

                            Total steps: 3440640 
                       Steps per second: 40031 
                        Collection time: 1.173s 
                          Learning time: 0.054s 
                        Mean value loss: 0.0161
                    Mean surrogate loss: -0.0071
                      Mean entropy loss: 11.4346
                            Mean reward: 4.95
                    Mean episode length: 995.96
                        Mean action std: 0.64
    Episode_Reward/track_lin_vel_xy_exp: 0.3581
     Episode_Reward/track_ang_vel_z_exp: 0.4294
            Episode_Reward/lin_vel_z_l2: -0.0340
           Episode_Reward/ang_vel_xy_l2: -0.1879
          Episode_Reward/dof_torques_l2: -0.0886
              Episode_Reward/dof_acc_l2: -0.0893
          Episode_Reward/action_rate_l2: -0.1228
           Episode_Reward/feet_air_time: -0.0113
     Episode_Reward/flat_orientation_l2: -0.0539
          Episode_Reward/dof_pos_limits: 0.0000
                   Metrics/success_rate: 0.0764
     Metrics/base_velocity/error_vel_xy: 0.7429
    Metrics/base_velocity/error_vel_yaw: 0.4183
           Episode_Termination/time_out: 0.9525
       Episode_Termination/base_contact: 0.0475
--------------------------------------------------------------------------------
                         Iteration time: 1.23s
                           Time elapsed: 00:01:40
                                    ETA: 00:10:15

################################################################################
[1m                           Learning iteration 70/500                            [0m 

                            Total steps: 3489792 
                       Steps per second: 37627 
                        Collection time: 1.250s 
                          Learning time: 0.057s 
                        Mean value loss: 0.0117
                    Mean surrogate loss: -0.0058
                      Mean entropy loss: 11.4050
                            Mean reward: 4.54
                    Mean episode length: 995.96
                        Mean action std: 0.64
    Episode_Reward/track_lin_vel_xy_exp: 0.3340
     Episode_Reward/track_ang_vel_z_exp: 0.4338
            Episode_Reward/lin_vel_z_l2: -0.0334
           Episode_Reward/ang_vel_xy_l2: -0.1910
          Episode_Reward/dof_torques_l2: -0.0889
              Episode_Reward/dof_acc_l2: -0.0872
          Episode_Reward/action_rate_l2: -0.1221
           Episode_Reward/feet_air_time: -0.0104
     Episode_Reward/flat_orientation_l2: -0.0458
          Episode_Reward/dof_pos_limits: 0.0000
                   Metrics/success_rate: 0.1424
     Metrics/base_velocity/error_vel_xy: 0.7664
    Metrics/base_velocity/error_vel_yaw: 0.4130
           Episode_Termination/time_out: 0.9523
       Episode_Termination/base_contact: 0.0477
--------------------------------------------------------------------------------
                         Iteration time: 1.31s
                           Time elapsed: 00:01:41
                                    ETA: 00:10:12

################################################################################
[1m                           Learning iteration 71/500                            [0m 

                            Total steps: 3538944 
                       Steps per second: 37555 
                        Collection time: 1.251s 
                          Learning time: 0.058s 
                        Mean value loss: 0.0137
                    Mean surrogate loss: -0.0062
                      Mean entropy loss: 11.3919
                            Mean reward: 4.46
                    Mean episode length: 995.96
                        Mean action std: 0.64
    Episode_Reward/track_lin_vel_xy_exp: 0.3168
     Episode_Reward/track_ang_vel_z_exp: 0.4461
            Episode_Reward/lin_vel_z_l2: -0.0331
           Episode_Reward/ang_vel_xy_l2: -0.1853
          Episode_Reward/dof_torques_l2: -0.0904
              Episode_Reward/dof_acc_l2: -0.0816
          Episode_Reward/action_rate_l2: -0.1199
           Episode_Reward/feet_air_time: -0.0108
     Episode_Reward/flat_orientation_l2: -0.0448
          Episode_Reward/dof_pos_limits: 0.0000
                   Metrics/success_rate: 0.0347
     Metrics/base_velocity/error_vel_xy: 0.7216
    Metrics/base_velocity/error_vel_yaw: 0.3945
           Episode_Termination/time_out: 0.9532
       Episode_Termination/base_contact: 0.0468
--------------------------------------------------------------------------------
                         Iteration time: 1.31s
                           Time elapsed: 00:01:42
                                    ETA: 00:10:10

################################################################################
[1m                           Learning iteration 72/500                            [0m 

                            Total steps: 3588096 
                       Steps per second: 39256 
                        Collection time: 1.198s 
                          Learning time: 0.054s 
                        Mean value loss: 0.0131
                    Mean surrogate loss: -0.0064
                      Mean entropy loss: 11.3989
                            Mean reward: 4.98
                    Mean episode length: 995.70
                        Mean action std: 0.64
    Episode_Reward/track_lin_vel_xy_exp: 0.3235
     Episode_Reward/track_ang_vel_z_exp: 0.4524
            Episode_Reward/lin_vel_z_l2: -0.0328
           Episode_Reward/ang_vel_xy_l2: -0.1845
          Episode_Reward/dof_torques_l2: -0.0853
              Episode_Reward/dof_acc_l2: -0.0822
          Episode_Reward/action_rate_l2: -0.1196
           Episode_Reward/feet_air_time: -0.0116
     Episode_Reward/flat_orientation_l2: -0.0507
          Episode_Reward/dof_pos_limits: 0.0000
                   Metrics/success_rate: 0.1667
     Metrics/base_velocity/error_vel_xy: 0.7243
    Metrics/base_velocity/error_vel_yaw: 0.3811
           Episode_Termination/time_out: 0.9542
       Episode_Termination/base_contact: 0.0458
--------------------------------------------------------------------------------
                         Iteration time: 1.25s
                           Time elapsed: 00:01:44
                                    ETA: 00:10:08

################################################################################
[1m                           Learning iteration 73/500                            [0m 

                            Total steps: 3637248 
                       Steps per second: 39993 
                        Collection time: 1.174s 
                          Learning time: 0.055s 
                        Mean value loss: 0.0122
                    Mean surrogate loss: -0.0057
                      Mean entropy loss: 11.3968
                            Mean reward: 4.07
                    Mean episode length: 995.70
                        Mean action std: 0.64
    Episode_Reward/track_lin_vel_xy_exp: 0.2774
     Episode_Reward/track_ang_vel_z_exp: 0.4624
            Episode_Reward/lin_vel_z_l2: -0.0318
           Episode_Reward/ang_vel_xy_l2: -0.1809
          Episode_Reward/dof_torques_l2: -0.0904
              Episode_Reward/dof_acc_l2: -0.0824
          Episode_Reward/action_rate_l2: -0.1200
           Episode_Reward/feet_air_time: -0.0109
     Episode_Reward/flat_orientation_l2: -0.0447
          Episode_Reward/dof_pos_limits: 0.0000
                   Metrics/success_rate: 0.0417
     Metrics/base_velocity/error_vel_xy: 0.7776
    Metrics/base_velocity/error_vel_yaw: 0.3712
           Episode_Termination/time_out: 0.9570
       Episode_Termination/base_contact: 0.0430
--------------------------------------------------------------------------------
                         Iteration time: 1.23s
                           Time elapsed: 00:01:45
                                    ETA: 00:10:05

################################################################################
[1m                           Learning iteration 74/500                            [0m 

                            Total steps: 3686400 
                       Steps per second: 40269 
                        Collection time: 1.166s 
                          Learning time: 0.054s 
                        Mean value loss: 0.0096
                    Mean surrogate loss: -0.0067
                      Mean entropy loss: 11.3579
                            Mean reward: 4.45
                    Mean episode length: 1000.00
                        Mean action std: 0.64
    Episode_Reward/track_lin_vel_xy_exp: 0.3294
     Episode_Reward/track_ang_vel_z_exp: 0.4634
            Episode_Reward/lin_vel_z_l2: -0.0324
           Episode_Reward/ang_vel_xy_l2: -0.1778
          Episode_Reward/dof_torques_l2: -0.0922
              Episode_Reward/dof_acc_l2: -0.0861
          Episode_Reward/action_rate_l2: -0.1182
           Episode_Reward/feet_air_time: -0.0107
     Episode_Reward/flat_orientation_l2: -0.0592
          Episode_Reward/dof_pos_limits: 0.0000
                   Metrics/success_rate: 0.1042
     Metrics/base_velocity/error_vel_xy: 0.7476
    Metrics/base_velocity/error_vel_yaw: 0.3692
           Episode_Termination/time_out: 0.9599
       Episode_Termination/base_contact: 0.0401
--------------------------------------------------------------------------------
                         Iteration time: 1.22s
                           Time elapsed: 00:01:46
                                    ETA: 00:10:03

################################################################################
[1m                           Learning iteration 75/500                            [0m 

                            Total steps: 3735552 
                       Steps per second: 39260 
                        Collection time: 1.198s 
                          Learning time: 0.054s 
                        Mean value loss: 0.0145
                    Mean surrogate loss: -0.0061
                      Mean entropy loss: 11.3172
                            Mean reward: 5.06
                    Mean episode length: 1000.00
                        Mean action std: 0.63
    Episode_Reward/track_lin_vel_xy_exp: 0.3554
     Episode_Reward/track_ang_vel_z_exp: 0.4667
            Episode_Reward/lin_vel_z_l2: -0.0328
           Episode_Reward/ang_vel_xy_l2: -0.1759
          Episode_Reward/dof_torques_l2: -0.0878
              Episode_Reward/dof_acc_l2: -0.0850
          Episode_Reward/action_rate_l2: -0.1180
           Episode_Reward/feet_air_time: -0.0109
     Episode_Reward/flat_orientation_l2: -0.0471
          Episode_Reward/dof_pos_limits: 0.0000
                   Metrics/success_rate: 0.0833
     Metrics/base_velocity/error_vel_xy: 0.7113
    Metrics/base_velocity/error_vel_yaw: 0.3650
           Episode_Termination/time_out: 0.9624
       Episode_Termination/base_contact: 0.0376
--------------------------------------------------------------------------------
                         Iteration time: 1.25s
                           Time elapsed: 00:01:47
                                    ETA: 00:10:00

################################################################################
[1m                           Learning iteration 76/500                            [0m 

                            Total steps: 3784704 
                       Steps per second: 36975 
                        Collection time: 1.278s 
                          Learning time: 0.051s 
                        Mean value loss: 0.0105
                    Mean surrogate loss: -0.0073
                      Mean entropy loss: 11.2622
                            Mean reward: 5.29
                    Mean episode length: 1000.00
                        Mean action std: 0.63
    Episode_Reward/track_lin_vel_xy_exp: 0.3376
     Episode_Reward/track_ang_vel_z_exp: 0.4640
            Episode_Reward/lin_vel_z_l2: -0.0315
           Episode_Reward/ang_vel_xy_l2: -0.1757
          Episode_Reward/dof_torques_l2: -0.0913
              Episode_Reward/dof_acc_l2: -0.0792
          Episode_Reward/action_rate_l2: -0.1177
           Episode_Reward/feet_air_time: -0.0101
     Episode_Reward/flat_orientation_l2: -0.0464
          Episode_Reward/dof_pos_limits: 0.0000
                   Metrics/success_rate: 0.0639
     Metrics/base_velocity/error_vel_xy: 0.7171
    Metrics/base_velocity/error_vel_yaw: 0.3714
           Episode_Termination/time_out: 0.9659
       Episode_Termination/base_contact: 0.0341
--------------------------------------------------------------------------------
                         Iteration time: 1.33s
                           Time elapsed: 00:01:49
                                    ETA: 00:09:58

################################################################################
[1m                           Learning iteration 77/500                            [0m 

                            Total steps: 3833856 
                       Steps per second: 38230 
                        Collection time: 1.233s 
                          Learning time: 0.053s 
                        Mean value loss: 0.0105
                    Mean surrogate loss: -0.0062
                      Mean entropy loss: 11.2289
                            Mean reward: 4.64
                    Mean episode length: 990.59
                        Mean action std: 0.63
    Episode_Reward/track_lin_vel_xy_exp: 0.2705
     Episode_Reward/track_ang_vel_z_exp: 0.4435
            Episode_Reward/lin_vel_z_l2: -0.0321
           Episode_Reward/ang_vel_xy_l2: -0.1721
          Episode_Reward/dof_torques_l2: -0.0888
              Episode_Reward/dof_acc_l2: -0.0777
          Episode_Reward/action_rate_l2: -0.1142
           Episode_Reward/feet_air_time: -0.0103
     Episode_Reward/flat_orientation_l2: -0.0458
          Episode_Reward/dof_pos_limits: 0.0000
                   Metrics/success_rate: 0.0694
     Metrics/base_velocity/error_vel_xy: 0.7587
    Metrics/base_velocity/error_vel_yaw: 0.3990
           Episode_Termination/time_out: 0.9682
       Episode_Termination/base_contact: 0.0318
--------------------------------------------------------------------------------
                         Iteration time: 1.29s
                           Time elapsed: 00:01:50
                                    ETA: 00:09:56

################################################################################
[1m                           Learning iteration 78/500                            [0m 

                            Total steps: 3883008 
                       Steps per second: 38380 
                        Collection time: 1.198s 
                          Learning time: 0.082s 
                        Mean value loss: 0.0113
                    Mean surrogate loss: -0.0070
                      Mean entropy loss: 11.1829
                            Mean reward: 4.85
                    Mean episode length: 990.59
                        Mean action std: 0.63
    Episode_Reward/track_lin_vel_xy_exp: 0.3101
     Episode_Reward/track_ang_vel_z_exp: 0.4635
            Episode_Reward/lin_vel_z_l2: -0.0329
           Episode_Reward/ang_vel_xy_l2: -0.1740
          Episode_Reward/dof_torques_l2: -0.0885
              Episode_Reward/dof_acc_l2: -0.0789
          Episode_Reward/action_rate_l2: -0.1167
           Episode_Reward/feet_air_time: -0.0106
     Episode_Reward/flat_orientation_l2: -0.0410
          Episode_Reward/dof_pos_limits: 0.0000
                   Metrics/success_rate: 0.0521
     Metrics/base_velocity/error_vel_xy: 0.7419
    Metrics/base_velocity/error_vel_yaw: 0.3718
           Episode_Termination/time_out: 0.9714
       Episode_Termination/base_contact: 0.0286
--------------------------------------------------------------------------------
                         Iteration time: 1.28s
                           Time elapsed: 00:01:51
                                    ETA: 00:09:54

################################################################################
[1m                           Learning iteration 79/500                            [0m 

                            Total steps: 3932160 
                       Steps per second: 40026 
                        Collection time: 1.164s 
                          Learning time: 0.064s 
                        Mean value loss: 0.0104
                    Mean surrogate loss: -0.0066
                      Mean entropy loss: 11.1366
                            Mean reward: 5.36
                    Mean episode length: 1000.00
                        Mean action std: 0.63
    Episode_Reward/track_lin_vel_xy_exp: 0.2880
     Episode_Reward/track_ang_vel_z_exp: 0.4833
            Episode_Reward/lin_vel_z_l2: -0.0314
           Episode_Reward/ang_vel_xy_l2: -0.1711
          Episode_Reward/dof_torques_l2: -0.0919
              Episode_Reward/dof_acc_l2: -0.0756
          Episode_Reward/action_rate_l2: -0.1157
           Episode_Reward/feet_air_time: -0.0100
     Episode_Reward/flat_orientation_l2: -0.0417
          Episode_Reward/dof_pos_limits: 0.0000
                   Metrics/success_rate: 0.0694
     Metrics/base_velocity/error_vel_xy: 0.7641
    Metrics/base_velocity/error_vel_yaw: 0.3410
           Episode_Termination/time_out: 0.9738
       Episode_Termination/base_contact: 0.0262
--------------------------------------------------------------------------------
                         Iteration time: 1.23s
                           Time elapsed: 00:01:52
                                    ETA: 00:09:52

################################################################################
[1m                           Learning iteration 80/500                            [0m 

                            Total steps: 3981312 
                       Steps per second: 38243 
                        Collection time: 1.234s 
                          Learning time: 0.051s 
                        Mean value loss: 0.0144
                    Mean surrogate loss: -0.0068
                      Mean entropy loss: 11.1047
                            Mean reward: 4.96
                    Mean episode length: 972.52
                        Mean action std: 0.62
    Episode_Reward/track_lin_vel_xy_exp: 0.2875
     Episode_Reward/track_ang_vel_z_exp: 0.4474
            Episode_Reward/lin_vel_z_l2: -0.0319
           Episode_Reward/ang_vel_xy_l2: -0.1656
          Episode_Reward/dof_torques_l2: -0.0803
              Episode_Reward/dof_acc_l2: -0.0772
          Episode_Reward/action_rate_l2: -0.1081
           Episode_Reward/feet_air_time: -0.0101
     Episode_Reward/flat_orientation_l2: -0.0455
          Episode_Reward/dof_pos_limits: 0.0000
                   Metrics/success_rate: 0.0625
     Metrics/base_velocity/error_vel_xy: 0.7138
    Metrics/base_velocity/error_vel_yaw: 0.3907
           Episode_Termination/time_out: 0.9760
       Episode_Termination/base_contact: 0.0240
--------------------------------------------------------------------------------
                         Iteration time: 1.29s
                           Time elapsed: 00:01:54
                                    ETA: 00:09:50

################################################################################
[1m                           Learning iteration 81/500                            [0m 

                            Total steps: 4030464 
                       Steps per second: 40841 
                        Collection time: 1.152s 
                          Learning time: 0.052s 
                        Mean value loss: 0.0110
                    Mean surrogate loss: -0.0070
                      Mean entropy loss: 11.0764
                            Mean reward: 4.77
                    Mean episode length: 982.03
                        Mean action std: 0.62
    Episode_Reward/track_lin_vel_xy_exp: 0.3382
     Episode_Reward/track_ang_vel_z_exp: 0.4663
            Episode_Reward/lin_vel_z_l2: -0.0322
           Episode_Reward/ang_vel_xy_l2: -0.1691
          Episode_Reward/dof_torques_l2: -0.0898
              Episode_Reward/dof_acc_l2: -0.0801
          Episode_Reward/action_rate_l2: -0.1151
           Episode_Reward/feet_air_time: -0.0104
     Episode_Reward/flat_orientation_l2: -0.0442
          Episode_Reward/dof_pos_limits: 0.0000
                   Metrics/success_rate: 0.1042
     Metrics/base_velocity/error_vel_xy: 0.7243
    Metrics/base_velocity/error_vel_yaw: 0.3647
           Episode_Termination/time_out: 0.9774
       Episode_Termination/base_contact: 0.0226
--------------------------------------------------------------------------------
                         Iteration time: 1.20s
                           Time elapsed: 00:01:55
                                    ETA: 00:09:47

################################################################################
[1m                           Learning iteration 82/500                            [0m 

                            Total steps: 4079616 
                       Steps per second: 37283 
                        Collection time: 1.266s 
                          Learning time: 0.052s 
                        Mean value loss: 0.0127
                    Mean surrogate loss: -0.0066
                      Mean entropy loss: 11.0233
                            Mean reward: 5.58
                    Mean episode length: 990.78
                        Mean action std: 0.62
    Episode_Reward/track_lin_vel_xy_exp: 0.3851
     Episode_Reward/track_ang_vel_z_exp: 0.4853
            Episode_Reward/lin_vel_z_l2: -0.0328
           Episode_Reward/ang_vel_xy_l2: -0.1743
          Episode_Reward/dof_torques_l2: -0.0867
              Episode_Reward/dof_acc_l2: -0.0806
          Episode_Reward/action_rate_l2: -0.1152
           Episode_Reward/feet_air_time: -0.0110
     Episode_Reward/flat_orientation_l2: -0.0415
          Episode_Reward/dof_pos_limits: 0.0000
                   Metrics/success_rate: 0.1840
     Metrics/base_velocity/error_vel_xy: 0.6790
    Metrics/base_velocity/error_vel_yaw: 0.3410
           Episode_Termination/time_out: 0.9791
       Episode_Termination/base_contact: 0.0209
--------------------------------------------------------------------------------
                         Iteration time: 1.32s
                           Time elapsed: 00:01:56
                                    ETA: 00:09:45

################################################################################
[1m                           Learning iteration 83/500                            [0m 

                            Total steps: 4128768 
                       Steps per second: 38893 
                        Collection time: 1.212s 
                          Learning time: 0.052s 
                        Mean value loss: 0.0096
                    Mean surrogate loss: -0.0069
                      Mean entropy loss: 10.9936
                            Mean reward: 6.16
                    Mean episode length: 990.70
                        Mean action std: 0.62
    Episode_Reward/track_lin_vel_xy_exp: 0.3082
     Episode_Reward/track_ang_vel_z_exp: 0.4721
            Episode_Reward/lin_vel_z_l2: -0.0320
           Episode_Reward/ang_vel_xy_l2: -0.1671
          Episode_Reward/dof_torques_l2: -0.0860
              Episode_Reward/dof_acc_l2: -0.0771
          Episode_Reward/action_rate_l2: -0.1122
           Episode_Reward/feet_air_time: -0.0104
     Episode_Reward/flat_orientation_l2: -0.0461
          Episode_Reward/dof_pos_limits: 0.0000
                   Metrics/success_rate: 0.1250
     Metrics/base_velocity/error_vel_xy: 0.7396
    Metrics/base_velocity/error_vel_yaw: 0.3511
           Episode_Termination/time_out: 0.9791
       Episode_Termination/base_contact: 0.0209
--------------------------------------------------------------------------------
                         Iteration time: 1.26s
                           Time elapsed: 00:01:57
                                    ETA: 00:09:43

################################################################################
[1m                           Learning iteration 84/500                            [0m 

                            Total steps: 4177920 
                       Steps per second: 37978 
                        Collection time: 1.241s 
                          Learning time: 0.054s 
                        Mean value loss: 0.0108
                    Mean surrogate loss: -0.0064
                      Mean entropy loss: 10.9489
                            Mean reward: 5.20
                    Mean episode length: 981.43
                        Mean action std: 0.62
    Episode_Reward/track_lin_vel_xy_exp: 0.2704
     Episode_Reward/track_ang_vel_z_exp: 0.4820
            Episode_Reward/lin_vel_z_l2: -0.0323
           Episode_Reward/ang_vel_xy_l2: -0.1660
          Episode_Reward/dof_torques_l2: -0.0877
              Episode_Reward/dof_acc_l2: -0.0780
          Episode_Reward/action_rate_l2: -0.1133
           Episode_Reward/feet_air_time: -0.0105
     Episode_Reward/flat_orientation_l2: -0.0431
          Episode_Reward/dof_pos_limits: 0.0000
                   Metrics/success_rate: 0.0104
     Metrics/base_velocity/error_vel_xy: 0.7639
    Metrics/base_velocity/error_vel_yaw: 0.3405
           Episode_Termination/time_out: 0.9799
       Episode_Termination/base_contact: 0.0201
--------------------------------------------------------------------------------
                         Iteration time: 1.29s
                           Time elapsed: 00:01:59
                                    ETA: 00:09:41

################################################################################
[1m                           Learning iteration 85/500                            [0m 

                            Total steps: 4227072 
                       Steps per second: 37742 
                        Collection time: 1.234s 
                          Learning time: 0.068s 
                        Mean value loss: 0.0134
                    Mean surrogate loss: -0.0065
                      Mean entropy loss: 10.9311
                            Mean reward: 5.32
                    Mean episode length: 971.83
                        Mean action std: 0.62
    Episode_Reward/track_lin_vel_xy_exp: 0.3600
     Episode_Reward/track_ang_vel_z_exp: 0.4666
            Episode_Reward/lin_vel_z_l2: -0.0315
           Episode_Reward/ang_vel_xy_l2: -0.1631
          Episode_Reward/dof_torques_l2: -0.0859
              Episode_Reward/dof_acc_l2: -0.0738
          Episode_Reward/action_rate_l2: -0.1110
           Episode_Reward/feet_air_time: -0.0103
     Episode_Reward/flat_orientation_l2: -0.0380
          Episode_Reward/dof_pos_limits: 0.0000
                   Metrics/success_rate: 0.1319
     Metrics/base_velocity/error_vel_xy: 0.6997
    Metrics/base_velocity/error_vel_yaw: 0.3537
           Episode_Termination/time_out: 0.9811
       Episode_Termination/base_contact: 0.0189
--------------------------------------------------------------------------------
                         Iteration time: 1.30s
                           Time elapsed: 00:02:00
                                    ETA: 00:09:40

################################################################################
[1m                           Learning iteration 86/500                            [0m 

                            Total steps: 4276224 
                       Steps per second: 37590 
                        Collection time: 1.253s 
                          Learning time: 0.054s 
                        Mean value loss: 0.0159
                    Mean surrogate loss: -0.0067
                      Mean entropy loss: 10.9156
                            Mean reward: 7.10
                    Mean episode length: 990.76
                        Mean action std: 0.62
    Episode_Reward/track_lin_vel_xy_exp: 0.3799
     Episode_Reward/track_ang_vel_z_exp: 0.4891
            Episode_Reward/lin_vel_z_l2: -0.0312
           Episode_Reward/ang_vel_xy_l2: -0.1636
          Episode_Reward/dof_torques_l2: -0.0863
              Episode_Reward/dof_acc_l2: -0.0758
          Episode_Reward/action_rate_l2: -0.1126
           Episode_Reward/feet_air_time: -0.0103
     Episode_Reward/flat_orientation_l2: -0.0386
          Episode_Reward/dof_pos_limits: 0.0000
                   Metrics/success_rate: 0.1553
     Metrics/base_velocity/error_vel_xy: 0.6830
    Metrics/base_velocity/error_vel_yaw: 0.3333
           Episode_Termination/time_out: 0.9814
       Episode_Termination/base_contact: 0.0186
--------------------------------------------------------------------------------
                         Iteration time: 1.31s
                           Time elapsed: 00:02:01
                                    ETA: 00:09:38

################################################################################
[1m                           Learning iteration 87/500                            [0m 

                            Total steps: 4325376 
                       Steps per second: 36720 
                        Collection time: 1.281s 
                          Learning time: 0.058s 
                        Mean value loss: 0.0172
                    Mean surrogate loss: -0.0067
                      Mean entropy loss: 10.9247
                            Mean reward: 6.18
                    Mean episode length: 1000.00
                        Mean action std: 0.62
    Episode_Reward/track_lin_vel_xy_exp: 0.3748
     Episode_Reward/track_ang_vel_z_exp: 0.4996
            Episode_Reward/lin_vel_z_l2: -0.0312
           Episode_Reward/ang_vel_xy_l2: -0.1678
          Episode_Reward/dof_torques_l2: -0.0866
              Episode_Reward/dof_acc_l2: -0.0780
          Episode_Reward/action_rate_l2: -0.1133
           Episode_Reward/feet_air_time: -0.0105
     Episode_Reward/flat_orientation_l2: -0.0437
          Episode_Reward/dof_pos_limits: 0.0000
                   Metrics/success_rate: 0.1424
     Metrics/base_velocity/error_vel_xy: 0.7013
    Metrics/base_velocity/error_vel_yaw: 0.3224
           Episode_Termination/time_out: 0.9814
       Episode_Termination/base_contact: 0.0186
--------------------------------------------------------------------------------
                         Iteration time: 1.34s
                           Time elapsed: 00:02:03
                                    ETA: 00:09:36

################################################################################
[1m                           Learning iteration 88/500                            [0m 

                            Total steps: 4374528 
                       Steps per second: 40209 
                        Collection time: 1.171s 
                          Learning time: 0.051s 
                        Mean value loss: 0.0190
                    Mean surrogate loss: -0.0067
                      Mean entropy loss: 10.9201
                            Mean reward: 7.84
                    Mean episode length: 981.47
                        Mean action std: 0.62
    Episode_Reward/track_lin_vel_xy_exp: 0.4489
     Episode_Reward/track_ang_vel_z_exp: 0.4844
            Episode_Reward/lin_vel_z_l2: -0.0305
           Episode_Reward/ang_vel_xy_l2: -0.1607
          Episode_Reward/dof_torques_l2: -0.0876
              Episode_Reward/dof_acc_l2: -0.0757
          Episode_Reward/action_rate_l2: -0.1109
           Episode_Reward/feet_air_time: -0.0098
     Episode_Reward/flat_orientation_l2: -0.0416
          Episode_Reward/dof_pos_limits: 0.0000
                   Metrics/success_rate: 0.2550
     Metrics/base_velocity/error_vel_xy: 0.6475
    Metrics/base_velocity/error_vel_yaw: 0.3380
           Episode_Termination/time_out: 0.9822
       Episode_Termination/base_contact: 0.0178
--------------------------------------------------------------------------------
                         Iteration time: 1.22s
                           Time elapsed: 00:02:04
                                    ETA: 00:09:34

################################################################################
[1m                           Learning iteration 89/500                            [0m 

                            Total steps: 4423680 
                       Steps per second: 40787 
                        Collection time: 1.144s 
                          Learning time: 0.061s 
                        Mean value loss: 0.0160
                    Mean surrogate loss: -0.0067
                      Mean entropy loss: 10.9295
                            Mean reward: 7.71
                    Mean episode length: 990.54
                        Mean action std: 0.62
    Episode_Reward/track_lin_vel_xy_exp: 0.3939
     Episode_Reward/track_ang_vel_z_exp: 0.4912
            Episode_Reward/lin_vel_z_l2: -0.0309
           Episode_Reward/ang_vel_xy_l2: -0.1617
          Episode_Reward/dof_torques_l2: -0.0907
              Episode_Reward/dof_acc_l2: -0.0758
          Episode_Reward/action_rate_l2: -0.1126
           Episode_Reward/feet_air_time: -0.0096
     Episode_Reward/flat_orientation_l2: -0.0385
          Episode_Reward/dof_pos_limits: 0.0000
                   Metrics/success_rate: 0.1618
     Metrics/base_velocity/error_vel_xy: 0.6825
    Metrics/base_velocity/error_vel_yaw: 0.3336
           Episode_Termination/time_out: 0.9824
       Episode_Termination/base_contact: 0.0176
--------------------------------------------------------------------------------
                         Iteration time: 1.21s
                           Time elapsed: 00:02:05
                                    ETA: 00:09:32

################################################################################
[1m                           Learning iteration 90/500                            [0m 

                            Total steps: 4472832 
                       Steps per second: 40470 
                        Collection time: 1.161s 
                          Learning time: 0.054s 
                        Mean value loss: 0.0128
                    Mean surrogate loss: -0.0062
                      Mean entropy loss: 10.9368
                            Mean reward: 6.39
                    Mean episode length: 1000.00
                        Mean action std: 0.62
    Episode_Reward/track_lin_vel_xy_exp: 0.3436
     Episode_Reward/track_ang_vel_z_exp: 0.4875
            Episode_Reward/lin_vel_z_l2: -0.0303
           Episode_Reward/ang_vel_xy_l2: -0.1618
          Episode_Reward/dof_torques_l2: -0.0908
              Episode_Reward/dof_acc_l2: -0.0730
          Episode_Reward/action_rate_l2: -0.1118
           Episode_Reward/feet_air_time: -0.0097
     Episode_Reward/flat_orientation_l2: -0.0383
          Episode_Reward/dof_pos_limits: 0.0000
                   Metrics/success_rate: 0.0764
     Metrics/base_velocity/error_vel_xy: 0.7309
    Metrics/base_velocity/error_vel_yaw: 0.3394
           Episode_Termination/time_out: 0.9836
       Episode_Termination/base_contact: 0.0164
--------------------------------------------------------------------------------
                         Iteration time: 1.21s
                           Time elapsed: 00:02:06
                                    ETA: 00:09:29

################################################################################
[1m                           Learning iteration 91/500                            [0m 

                            Total steps: 4521984 
                       Steps per second: 40236 
                        Collection time: 1.164s 
                          Learning time: 0.058s 
                        Mean value loss: 0.0125
                    Mean surrogate loss: -0.0074
                      Mean entropy loss: 10.9284
                            Mean reward: 6.26
                    Mean episode length: 981.39
                        Mean action std: 0.62
    Episode_Reward/track_lin_vel_xy_exp: 0.3697
     Episode_Reward/track_ang_vel_z_exp: 0.4942
            Episode_Reward/lin_vel_z_l2: -0.0308
           Episode_Reward/ang_vel_xy_l2: -0.1601
          Episode_Reward/dof_torques_l2: -0.0861
              Episode_Reward/dof_acc_l2: -0.0759
          Episode_Reward/action_rate_l2: -0.1102
           Episode_Reward/feet_air_time: -0.0103
     Episode_Reward/flat_orientation_l2: -0.0406
          Episode_Reward/dof_pos_limits: 0.0000
                   Metrics/success_rate: 0.1271
     Metrics/base_velocity/error_vel_xy: 0.6911
    Metrics/base_velocity/error_vel_yaw: 0.3256
           Episode_Termination/time_out: 0.9845
       Episode_Termination/base_contact: 0.0155
--------------------------------------------------------------------------------
                         Iteration time: 1.22s
                           Time elapsed: 00:02:08
                                    ETA: 00:09:27

################################################################################
[1m                           Learning iteration 92/500                            [0m 

                            Total steps: 4571136 
                       Steps per second: 39734 
                        Collection time: 1.183s 
                          Learning time: 0.054s 
                        Mean value loss: 0.0119
                    Mean surrogate loss: -0.0064
                      Mean entropy loss: 10.9131
                            Mean reward: 7.32
                    Mean episode length: 971.92
                        Mean action std: 0.62
    Episode_Reward/track_lin_vel_xy_exp: 0.4341
     Episode_Reward/track_ang_vel_z_exp: 0.4974
            Episode_Reward/lin_vel_z_l2: -0.0305
           Episode_Reward/ang_vel_xy_l2: -0.1591
          Episode_Reward/dof_torques_l2: -0.0896
              Episode_Reward/dof_acc_l2: -0.0712
          Episode_Reward/action_rate_l2: -0.1094
           Episode_Reward/feet_air_time: -0.0094
     Episode_Reward/flat_orientation_l2: -0.0358
          Episode_Reward/dof_pos_limits: 0.0000
                   Metrics/success_rate: 0.1993
     Metrics/base_velocity/error_vel_xy: 0.6492
    Metrics/base_velocity/error_vel_yaw: 0.3228
           Episode_Termination/time_out: 0.9843
       Episode_Termination/base_contact: 0.0157
--------------------------------------------------------------------------------
                         Iteration time: 1.24s
                           Time elapsed: 00:02:09
                                    ETA: 00:09:25

################################################################################
[1m                           Learning iteration 93/500                            [0m 

                            Total steps: 4620288 
                       Steps per second: 39144 
                        Collection time: 1.198s 
                          Learning time: 0.057s 
                        Mean value loss: 0.0126
                    Mean surrogate loss: -0.0058
                      Mean entropy loss: 10.8987
                            Mean reward: 7.57
                    Mean episode length: 971.83
                        Mean action std: 0.62
    Episode_Reward/track_lin_vel_xy_exp: 0.3537
     Episode_Reward/track_ang_vel_z_exp: 0.5020
            Episode_Reward/lin_vel_z_l2: -0.0309
           Episode_Reward/ang_vel_xy_l2: -0.1564
          Episode_Reward/dof_torques_l2: -0.0869
              Episode_Reward/dof_acc_l2: -0.0740
          Episode_Reward/action_rate_l2: -0.1102
           Episode_Reward/feet_air_time: -0.0099
     Episode_Reward/flat_orientation_l2: -0.0330
          Episode_Reward/dof_pos_limits: 0.0000
                   Metrics/success_rate: 0.1986
     Metrics/base_velocity/error_vel_xy: 0.7063
    Metrics/base_velocity/error_vel_yaw: 0.3088
           Episode_Termination/time_out: 0.9836
       Episode_Termination/base_contact: 0.0164
--------------------------------------------------------------------------------
                         Iteration time: 1.26s
                           Time elapsed: 00:02:10
                                    ETA: 00:09:23

################################################################################
[1m                           Learning iteration 94/500                            [0m 

                            Total steps: 4669440 
                       Steps per second: 38012 
                        Collection time: 1.236s 
                          Learning time: 0.057s 
                        Mean value loss: 0.0115
                    Mean surrogate loss: -0.0065
                      Mean entropy loss: 10.8935
                            Mean reward: 7.65
                    Mean episode length: 972.28
                        Mean action std: 0.61
    Episode_Reward/track_lin_vel_xy_exp: 0.3853
     Episode_Reward/track_ang_vel_z_exp: 0.4983
            Episode_Reward/lin_vel_z_l2: -0.0301
           Episode_Reward/ang_vel_xy_l2: -0.1539
          Episode_Reward/dof_torques_l2: -0.0878
              Episode_Reward/dof_acc_l2: -0.0727
          Episode_Reward/action_rate_l2: -0.1074
           Episode_Reward/feet_air_time: -0.0094
     Episode_Reward/flat_orientation_l2: -0.0381
          Episode_Reward/dof_pos_limits: 0.0000
                   Metrics/success_rate: 0.2063
     Metrics/base_velocity/error_vel_xy: 0.6890
    Metrics/base_velocity/error_vel_yaw: 0.3192
           Episode_Termination/time_out: 0.9835
       Episode_Termination/base_contact: 0.0165
--------------------------------------------------------------------------------
                         Iteration time: 1.29s
                           Time elapsed: 00:02:11
                                    ETA: 00:09:21

################################################################################
[1m                           Learning iteration 95/500                            [0m 

                            Total steps: 4718592 
                       Steps per second: 38914 
                        Collection time: 1.209s 
                          Learning time: 0.054s 
                        Mean value loss: 0.0120
                    Mean surrogate loss: -0.0064
                      Mean entropy loss: 10.8698
                            Mean reward: 6.84
                    Mean episode length: 981.50
                        Mean action std: 0.61
    Episode_Reward/track_lin_vel_xy_exp: 0.2764
     Episode_Reward/track_ang_vel_z_exp: 0.5114
            Episode_Reward/lin_vel_z_l2: -0.0311
           Episode_Reward/ang_vel_xy_l2: -0.1601
          Episode_Reward/dof_torques_l2: -0.0878
              Episode_Reward/dof_acc_l2: -0.0771
          Episode_Reward/action_rate_l2: -0.1116
           Episode_Reward/feet_air_time: -0.0108
     Episode_Reward/flat_orientation_l2: -0.0306
          Episode_Reward/dof_pos_limits: 0.0000
                   Metrics/success_rate: 0.0486
     Metrics/base_velocity/error_vel_xy: 0.7566
    Metrics/base_velocity/error_vel_yaw: 0.3090
           Episode_Termination/time_out: 0.9830
       Episode_Termination/base_contact: 0.0170
--------------------------------------------------------------------------------
                         Iteration time: 1.26s
                           Time elapsed: 00:02:13
                                    ETA: 00:09:19

################################################################################
[1m                           Learning iteration 96/500                            [0m 

                            Total steps: 4767744 
                       Steps per second: 40493 
                        Collection time: 1.159s 
                          Learning time: 0.054s 
                        Mean value loss: 0.0145
                    Mean surrogate loss: -0.0063
                      Mean entropy loss: 10.8480
                            Mean reward: 6.72
                    Mean episode length: 985.18
                        Mean action std: 0.61
    Episode_Reward/track_lin_vel_xy_exp: 0.3689
     Episode_Reward/track_ang_vel_z_exp: 0.4968
            Episode_Reward/lin_vel_z_l2: -0.0310
           Episode_Reward/ang_vel_xy_l2: -0.1564
          Episode_Reward/dof_torques_l2: -0.0850
              Episode_Reward/dof_acc_l2: -0.0750
          Episode_Reward/action_rate_l2: -0.1087
           Episode_Reward/feet_air_time: -0.0095
     Episode_Reward/flat_orientation_l2: -0.0341
          Episode_Reward/dof_pos_limits: 0.0000
                   Metrics/success_rate: 0.1667
     Metrics/base_velocity/error_vel_xy: 0.7122
    Metrics/base_velocity/error_vel_yaw: 0.3252
           Episode_Termination/time_out: 0.9836
       Episode_Termination/base_contact: 0.0164
--------------------------------------------------------------------------------
                         Iteration time: 1.21s
                           Time elapsed: 00:02:14
                                    ETA: 00:09:17

################################################################################
[1m                           Learning iteration 97/500                            [0m 

                            Total steps: 4816896 
                       Steps per second: 40696 
                        Collection time: 1.142s 
                          Learning time: 0.066s 
                        Mean value loss: 0.0121
                    Mean surrogate loss: -0.0060
                      Mean entropy loss: 10.8445
                            Mean reward: 6.60
                    Mean episode length: 975.75
                        Mean action std: 0.61
    Episode_Reward/track_lin_vel_xy_exp: 0.3160
     Episode_Reward/track_ang_vel_z_exp: 0.4972
            Episode_Reward/lin_vel_z_l2: -0.0303
           Episode_Reward/ang_vel_xy_l2: -0.1519
          Episode_Reward/dof_torques_l2: -0.0813
              Episode_Reward/dof_acc_l2: -0.0743
          Episode_Reward/action_rate_l2: -0.1061
           Episode_Reward/feet_air_time: -0.0097
     Episode_Reward/flat_orientation_l2: -0.0336
          Episode_Reward/dof_pos_limits: 0.0000
                   Metrics/success_rate: 0.0938
     Metrics/base_velocity/error_vel_xy: 0.7436
    Metrics/base_velocity/error_vel_yaw: 0.3236
           Episode_Termination/time_out: 0.9844
       Episode_Termination/base_contact: 0.0156
--------------------------------------------------------------------------------
                         Iteration time: 1.21s
                           Time elapsed: 00:02:15
                                    ETA: 00:09:15

################################################################################
[1m                           Learning iteration 98/500                            [0m 

                            Total steps: 4866048 
                       Steps per second: 40437 
                        Collection time: 1.147s 
                          Learning time: 0.068s 
                        Mean value loss: 0.0103
                    Mean surrogate loss: -0.0073
                      Mean entropy loss: 10.8304
                            Mean reward: 6.86
                    Mean episode length: 952.94
                        Mean action std: 0.61
    Episode_Reward/track_lin_vel_xy_exp: 0.3571
     Episode_Reward/track_ang_vel_z_exp: 0.4997
            Episode_Reward/lin_vel_z_l2: -0.0317
           Episode_Reward/ang_vel_xy_l2: -0.1506
          Episode_Reward/dof_torques_l2: -0.0896
              Episode_Reward/dof_acc_l2: -0.0739
          Episode_Reward/action_rate_l2: -0.1078
           Episode_Reward/feet_air_time: -0.0096
     Episode_Reward/flat_orientation_l2: -0.0337
          Episode_Reward/dof_pos_limits: 0.0000
                   Metrics/success_rate: 0.1083
     Metrics/base_velocity/error_vel_xy: 0.6821
    Metrics/base_velocity/error_vel_yaw: 0.3143
           Episode_Termination/time_out: 0.9844
       Episode_Termination/base_contact: 0.0156
--------------------------------------------------------------------------------
                         Iteration time: 1.22s
                           Time elapsed: 00:02:16
                                    ETA: 00:09:13

################################################################################
[1m                           Learning iteration 99/500                            [0m 

                            Total steps: 4915200 
                       Steps per second: 38521 
                        Collection time: 1.219s 
                          Learning time: 0.057s 
                        Mean value loss: 0.0115
                    Mean surrogate loss: -0.0051
                      Mean entropy loss: 10.8210
                            Mean reward: 7.29
                    Mean episode length: 971.78
                        Mean action std: 0.61
    Episode_Reward/track_lin_vel_xy_exp: 0.3477
     Episode_Reward/track_ang_vel_z_exp: 0.5199
            Episode_Reward/lin_vel_z_l2: -0.0314
           Episode_Reward/ang_vel_xy_l2: -0.1561
          Episode_Reward/dof_torques_l2: -0.0877
              Episode_Reward/dof_acc_l2: -0.0740
          Episode_Reward/action_rate_l2: -0.1100
           Episode_Reward/feet_air_time: -0.0095
     Episode_Reward/flat_orientation_l2: -0.0333
          Episode_Reward/dof_pos_limits: 0.0000
                   Metrics/success_rate: 0.0655
     Metrics/base_velocity/error_vel_xy: 0.7106
    Metrics/base_velocity/error_vel_yaw: 0.2970
           Episode_Termination/time_out: 0.9849
       Episode_Termination/base_contact: 0.0151
--------------------------------------------------------------------------------
                         Iteration time: 1.28s
                           Time elapsed: 00:02:17
                                    ETA: 00:09:11

################################################################################
[1m                           Learning iteration 100/500                           [0m 

                            Total steps: 4964352 
                       Steps per second: 38907 
                        Collection time: 1.210s 
                          Learning time: 0.053s 
                        Mean value loss: 0.0122
                    Mean surrogate loss: -0.0073
                      Mean entropy loss: 10.8220
                            Mean reward: 8.17
                    Mean episode length: 1000.00
                        Mean action std: 0.61
    Episode_Reward/track_lin_vel_xy_exp: 0.3754
     Episode_Reward/track_ang_vel_z_exp: 0.5109
            Episode_Reward/lin_vel_z_l2: -0.0302
           Episode_Reward/ang_vel_xy_l2: -0.1534
          Episode_Reward/dof_torques_l2: -0.0897
              Episode_Reward/dof_acc_l2: -0.0750
          Episode_Reward/action_rate_l2: -0.1102
           Episode_Reward/feet_air_time: -0.0103
     Episode_Reward/flat_orientation_l2: -0.0306
          Episode_Reward/dof_pos_limits: 0.0000
                   Metrics/success_rate: 0.1597
     Metrics/base_velocity/error_vel_xy: 0.6789
    Metrics/base_velocity/error_vel_yaw: 0.3078
           Episode_Termination/time_out: 0.9849
       Episode_Termination/base_contact: 0.0151
--------------------------------------------------------------------------------
                         Iteration time: 1.26s
                           Time elapsed: 00:02:19
                                    ETA: 00:09:10

################################################################################
[1m                           Learning iteration 101/500                           [0m 

                            Total steps: 5013504 
                       Steps per second: 39618 
                        Collection time: 1.187s 
                          Learning time: 0.053s 
                        Mean value loss: 0.0156
                    Mean surrogate loss: -0.0068
                      Mean entropy loss: 10.8056
                            Mean reward: 8.17
                    Mean episode length: 1000.00
                        Mean action std: 0.61
    Episode_Reward/track_lin_vel_xy_exp: 0.3828
     Episode_Reward/track_ang_vel_z_exp: 0.5232
            Episode_Reward/lin_vel_z_l2: -0.0310
           Episode_Reward/ang_vel_xy_l2: -0.1585
          Episode_Reward/dof_torques_l2: -0.0857
              Episode_Reward/dof_acc_l2: -0.0756
          Episode_Reward/action_rate_l2: -0.1103
           Episode_Reward/feet_air_time: -0.0107
     Episode_Reward/flat_orientation_l2: -0.0306
          Episode_Reward/dof_pos_limits: 0.0000
                   Metrics/success_rate: 0.1944
     Metrics/base_velocity/error_vel_xy: 0.6881
    Metrics/base_velocity/error_vel_yaw: 0.2946
           Episode_Termination/time_out: 0.9854
       Episode_Termination/base_contact: 0.0146
--------------------------------------------------------------------------------
                         Iteration time: 1.24s
                           Time elapsed: 00:02:20
                                    ETA: 00:09:08

################################################################################
[1m                           Learning iteration 102/500                           [0m 

                            Total steps: 5062656 
                       Steps per second: 38579 
                        Collection time: 1.222s 
                          Learning time: 0.052s 
                        Mean value loss: 0.0121
                    Mean surrogate loss: -0.0068
                      Mean entropy loss: 10.7909
                            Mean reward: 7.83
                    Mean episode length: 981.42
                        Mean action std: 0.61
    Episode_Reward/track_lin_vel_xy_exp: 0.3587
     Episode_Reward/track_ang_vel_z_exp: 0.5035
            Episode_Reward/lin_vel_z_l2: -0.0308
           Episode_Reward/ang_vel_xy_l2: -0.1514
          Episode_Reward/dof_torques_l2: -0.0841
              Episode_Reward/dof_acc_l2: -0.0749
          Episode_Reward/action_rate_l2: -0.1060
           Episode_Reward/feet_air_time: -0.0100
     Episode_Reward/flat_orientation_l2: -0.0321
          Episode_Reward/dof_pos_limits: 0.0000
                   Metrics/success_rate: 0.1319
     Metrics/base_velocity/error_vel_xy: 0.7002
    Metrics/base_velocity/error_vel_yaw: 0.3183
           Episode_Termination/time_out: 0.9850
       Episode_Termination/base_contact: 0.0150
--------------------------------------------------------------------------------
                         Iteration time: 1.27s
                           Time elapsed: 00:02:21
                                    ETA: 00:09:06

################################################################################
[1m                           Learning iteration 103/500                           [0m 

                            Total steps: 5111808 
                       Steps per second: 41119 
                        Collection time: 1.142s 
                          Learning time: 0.054s 
                        Mean value loss: 0.0124
                    Mean surrogate loss: -0.0066
                      Mean entropy loss: 10.7645
                            Mean reward: 8.67
                    Mean episode length: 981.42
                        Mean action std: 0.61
    Episode_Reward/track_lin_vel_xy_exp: 0.4601
     Episode_Reward/track_ang_vel_z_exp: 0.5106
            Episode_Reward/lin_vel_z_l2: -0.0320
           Episode_Reward/ang_vel_xy_l2: -0.1527
          Episode_Reward/dof_torques_l2: -0.0898
              Episode_Reward/dof_acc_l2: -0.0752
          Episode_Reward/action_rate_l2: -0.1091
           Episode_Reward/feet_air_time: -0.0099
     Episode_Reward/flat_orientation_l2: -0.0328
          Episode_Reward/dof_pos_limits: 0.0000
                   Metrics/success_rate: 0.1750
     Metrics/base_velocity/error_vel_xy: 0.6510
    Metrics/base_velocity/error_vel_yaw: 0.3104
           Episode_Termination/time_out: 0.9849
       Episode_Termination/base_contact: 0.0151
--------------------------------------------------------------------------------
                         Iteration time: 1.20s
                           Time elapsed: 00:02:22
                                    ETA: 00:09:04

################################################################################
[1m                           Learning iteration 104/500                           [0m 

                            Total steps: 5160960 
                       Steps per second: 40022 
                        Collection time: 1.175s 
                          Learning time: 0.053s 
                        Mean value loss: 0.0116
                    Mean surrogate loss: -0.0062
                      Mean entropy loss: 10.7634
                            Mean reward: 9.65
                    Mean episode length: 1000.00
                        Mean action std: 0.61
    Episode_Reward/track_lin_vel_xy_exp: 0.4840
     Episode_Reward/track_ang_vel_z_exp: 0.5272
            Episode_Reward/lin_vel_z_l2: -0.0314
           Episode_Reward/ang_vel_xy_l2: -0.1527
          Episode_Reward/dof_torques_l2: -0.0882
              Episode_Reward/dof_acc_l2: -0.0738
          Episode_Reward/action_rate_l2: -0.1086
           Episode_Reward/feet_air_time: -0.0093
     Episode_Reward/flat_orientation_l2: -0.0309
          Episode_Reward/dof_pos_limits: 0.0000
                   Metrics/success_rate: 0.2951
     Metrics/base_velocity/error_vel_xy: 0.6136
    Metrics/base_velocity/error_vel_yaw: 0.2887
           Episode_Termination/time_out: 0.9850
       Episode_Termination/base_contact: 0.0150
--------------------------------------------------------------------------------
                         Iteration time: 1.23s
                           Time elapsed: 00:02:24
                                    ETA: 00:09:02

################################################################################
[1m                           Learning iteration 105/500                           [0m 

                            Total steps: 5210112 
                       Steps per second: 39303 
                        Collection time: 1.197s 
                          Learning time: 0.054s 
                        Mean value loss: 0.0112
                    Mean surrogate loss: -0.0070
                      Mean entropy loss: 10.7216
                            Mean reward: 8.71
                    Mean episode length: 990.71
                        Mean action std: 0.61
    Episode_Reward/track_lin_vel_xy_exp: 0.2889
     Episode_Reward/track_ang_vel_z_exp: 0.4987
            Episode_Reward/lin_vel_z_l2: -0.0327
           Episode_Reward/ang_vel_xy_l2: -0.1485
          Episode_Reward/dof_torques_l2: -0.0864
              Episode_Reward/dof_acc_l2: -0.0711
          Episode_Reward/action_rate_l2: -0.1059
           Episode_Reward/feet_air_time: -0.0098
     Episode_Reward/flat_orientation_l2: -0.0318
          Episode_Reward/dof_pos_limits: 0.0000
                   Metrics/success_rate: 0.1319
     Metrics/base_velocity/error_vel_xy: 0.7499
    Metrics/base_velocity/error_vel_yaw: 0.3069
           Episode_Termination/time_out: 0.9853
       Episode_Termination/base_contact: 0.0147
--------------------------------------------------------------------------------
                         Iteration time: 1.25s
                           Time elapsed: 00:02:25
                                    ETA: 00:09:00

################################################################################
[1m                           Learning iteration 106/500                           [0m 

                            Total steps: 5259264 
                       Steps per second: 39272 
                        Collection time: 1.200s 
                          Learning time: 0.052s 
                        Mean value loss: 0.0157
                    Mean surrogate loss: -0.0066
                      Mean entropy loss: 10.6845
                            Mean reward: 9.14
                    Mean episode length: 981.25
                        Mean action std: 0.60
    Episode_Reward/track_lin_vel_xy_exp: 0.4726
     Episode_Reward/track_ang_vel_z_exp: 0.5212
            Episode_Reward/lin_vel_z_l2: -0.0330
           Episode_Reward/ang_vel_xy_l2: -0.1511
          Episode_Reward/dof_torques_l2: -0.0851
              Episode_Reward/dof_acc_l2: -0.0758
          Episode_Reward/action_rate_l2: -0.1069
           Episode_Reward/feet_air_time: -0.0096
     Episode_Reward/flat_orientation_l2: -0.0281
          Episode_Reward/dof_pos_limits: 0.0000
                   Metrics/success_rate: 0.2604
     Metrics/base_velocity/error_vel_xy: 0.6300
    Metrics/base_velocity/error_vel_yaw: 0.2862
           Episode_Termination/time_out: 0.9848
       Episode_Termination/base_contact: 0.0152
--------------------------------------------------------------------------------
                         Iteration time: 1.25s
                           Time elapsed: 00:02:26
                                    ETA: 00:08:58

################################################################################
[1m                           Learning iteration 107/500                           [0m 

                            Total steps: 5308416 
                       Steps per second: 38810 
                        Collection time: 1.213s 
                          Learning time: 0.054s 
                        Mean value loss: 0.0171
                    Mean surrogate loss: -0.0074
                      Mean entropy loss: 10.6605
                            Mean reward: 9.19
                    Mean episode length: 981.25
                        Mean action std: 0.60
    Episode_Reward/track_lin_vel_xy_exp: 0.4753
     Episode_Reward/track_ang_vel_z_exp: 0.5244
            Episode_Reward/lin_vel_z_l2: -0.0314
           Episode_Reward/ang_vel_xy_l2: -0.1519
          Episode_Reward/dof_torques_l2: -0.0919
              Episode_Reward/dof_acc_l2: -0.0736
          Episode_Reward/action_rate_l2: -0.1084
           Episode_Reward/feet_air_time: -0.0098
     Episode_Reward/flat_orientation_l2: -0.0333
          Episode_Reward/dof_pos_limits: 0.0000
                   Metrics/success_rate: 0.3472
     Metrics/base_velocity/error_vel_xy: 0.6297
    Metrics/base_velocity/error_vel_yaw: 0.2924
           Episode_Termination/time_out: 0.9854
       Episode_Termination/base_contact: 0.0146
--------------------------------------------------------------------------------
                         Iteration time: 1.27s
                           Time elapsed: 00:02:27
                                    ETA: 00:08:56

################################################################################
[1m                           Learning iteration 108/500                           [0m 

                            Total steps: 5357568 
                       Steps per second: 39249 
                        Collection time: 1.199s 
                          Learning time: 0.054s 
                        Mean value loss: 0.0185
                    Mean surrogate loss: -0.0066
                      Mean entropy loss: 10.6613
                            Mean reward: 10.05
                    Mean episode length: 1000.00
                        Mean action std: 0.60
    Episode_Reward/track_lin_vel_xy_exp: 0.4449
     Episode_Reward/track_ang_vel_z_exp: 0.5173
            Episode_Reward/lin_vel_z_l2: -0.0324
           Episode_Reward/ang_vel_xy_l2: -0.1510
          Episode_Reward/dof_torques_l2: -0.0897
              Episode_Reward/dof_acc_l2: -0.0748
          Episode_Reward/action_rate_l2: -0.1089
           Episode_Reward/feet_air_time: -0.0095
     Episode_Reward/flat_orientation_l2: -0.0300
          Episode_Reward/dof_pos_limits: 0.0000
                   Metrics/success_rate: 0.2431
     Metrics/base_velocity/error_vel_xy: 0.6353
    Metrics/base_velocity/error_vel_yaw: 0.3012
           Episode_Termination/time_out: 0.9857
       Episode_Termination/base_contact: 0.0143
--------------------------------------------------------------------------------
                         Iteration time: 1.25s
                           Time elapsed: 00:02:29
                                    ETA: 00:08:55

################################################################################
[1m                           Learning iteration 109/500                           [0m 

                            Total steps: 5406720 
                       Steps per second: 39093 
                        Collection time: 1.190s 
                          Learning time: 0.067s 
                        Mean value loss: 0.0185
                    Mean surrogate loss: -0.0068
                      Mean entropy loss: 10.6590
                            Mean reward: 9.05
                    Mean episode length: 990.76
                        Mean action std: 0.60
    Episode_Reward/track_lin_vel_xy_exp: 0.3449
     Episode_Reward/track_ang_vel_z_exp: 0.4898
            Episode_Reward/lin_vel_z_l2: -0.0332
           Episode_Reward/ang_vel_xy_l2: -0.1443
          Episode_Reward/dof_torques_l2: -0.0795
              Episode_Reward/dof_acc_l2: -0.0742
          Episode_Reward/action_rate_l2: -0.1020
           Episode_Reward/feet_air_time: -0.0103
     Episode_Reward/flat_orientation_l2: -0.0358
          Episode_Reward/dof_pos_limits: 0.0000
                   Metrics/success_rate: 0.1111
     Metrics/base_velocity/error_vel_xy: 0.7129
    Metrics/base_velocity/error_vel_yaw: 0.3586
           Episode_Termination/time_out: 0.9854
       Episode_Termination/base_contact: 0.0146
--------------------------------------------------------------------------------
                         Iteration time: 1.26s
                           Time elapsed: 00:02:30
                                    ETA: 00:08:53

################################################################################
[1m                           Learning iteration 110/500                           [0m 

                            Total steps: 5455872 
                       Steps per second: 39957 
                        Collection time: 1.165s 
                          Learning time: 0.065s 
                        Mean value loss: 0.0140
                    Mean surrogate loss: -0.0071
                      Mean entropy loss: 10.6406
                            Mean reward: 8.21
                    Mean episode length: 981.36
                        Mean action std: 0.60
    Episode_Reward/track_lin_vel_xy_exp: 0.2928
     Episode_Reward/track_ang_vel_z_exp: 0.5251
            Episode_Reward/lin_vel_z_l2: -0.0317
           Episode_Reward/ang_vel_xy_l2: -0.1491
          Episode_Reward/dof_torques_l2: -0.0856
              Episode_Reward/dof_acc_l2: -0.0730
          Episode_Reward/action_rate_l2: -0.1067
           Episode_Reward/feet_air_time: -0.0101
     Episode_Reward/flat_orientation_l2: -0.0318
          Episode_Reward/dof_pos_limits: 0.0000
                   Metrics/success_rate: 0.0694
     Metrics/base_velocity/error_vel_xy: 0.7671
    Metrics/base_velocity/error_vel_yaw: 0.2918
           Episode_Termination/time_out: 0.9850
       Episode_Termination/base_contact: 0.0150
--------------------------------------------------------------------------------
                         Iteration time: 1.23s
                           Time elapsed: 00:02:31
                                    ETA: 00:08:51

################################################################################
[1m                           Learning iteration 111/500                           [0m 

                            Total steps: 5505024 
                       Steps per second: 38473 
                        Collection time: 1.211s 
                          Learning time: 0.066s 
                        Mean value loss: 0.0154
                    Mean surrogate loss: -0.0070
                      Mean entropy loss: 10.6121
                            Mean reward: 8.45
                    Mean episode length: 990.60
                        Mean action std: 0.60
    Episode_Reward/track_lin_vel_xy_exp: 0.4589
     Episode_Reward/track_ang_vel_z_exp: 0.5327
            Episode_Reward/lin_vel_z_l2: -0.0322
           Episode_Reward/ang_vel_xy_l2: -0.1532
          Episode_Reward/dof_torques_l2: -0.0860
              Episode_Reward/dof_acc_l2: -0.0771
          Episode_Reward/action_rate_l2: -0.1088
           Episode_Reward/feet_air_time: -0.0099
     Episode_Reward/flat_orientation_l2: -0.0265
          Episode_Reward/dof_pos_limits: 0.0000
                   Metrics/success_rate: 0.2257
     Metrics/base_velocity/error_vel_xy: 0.6344
    Metrics/base_velocity/error_vel_yaw: 0.2832
           Episode_Termination/time_out: 0.9852
       Episode_Termination/base_contact: 0.0148
--------------------------------------------------------------------------------
                         Iteration time: 1.28s
                           Time elapsed: 00:02:32
                                    ETA: 00:08:49

################################################################################
[1m                           Learning iteration 112/500                           [0m 

                            Total steps: 5554176 
                       Steps per second: 37181 
                        Collection time: 1.268s 
                          Learning time: 0.054s 
                        Mean value loss: 0.0140
                    Mean surrogate loss: -0.0060
                      Mean entropy loss: 10.5922
                            Mean reward: 9.32
                    Mean episode length: 1000.00
                        Mean action std: 0.60
    Episode_Reward/track_lin_vel_xy_exp: 0.4757
     Episode_Reward/track_ang_vel_z_exp: 0.5335
            Episode_Reward/lin_vel_z_l2: -0.0312
           Episode_Reward/ang_vel_xy_l2: -0.1545
          Episode_Reward/dof_torques_l2: -0.0875
              Episode_Reward/dof_acc_l2: -0.0740
          Episode_Reward/action_rate_l2: -0.1094
           Episode_Reward/feet_air_time: -0.0096
     Episode_Reward/flat_orientation_l2: -0.0284
          Episode_Reward/dof_pos_limits: 0.0000
                   Metrics/success_rate: 0.3681
     Metrics/base_velocity/error_vel_xy: 0.6366
    Metrics/base_velocity/error_vel_yaw: 0.2815
           Episode_Termination/time_out: 0.9854
       Episode_Termination/base_contact: 0.0146
--------------------------------------------------------------------------------
                         Iteration time: 1.32s
                           Time elapsed: 00:02:34
                                    ETA: 00:08:48

################################################################################
[1m                           Learning iteration 113/500                           [0m 

                            Total steps: 5603328 
                       Steps per second: 38375 
                        Collection time: 1.216s 
                          Learning time: 0.065s 
                        Mean value loss: 0.0160
                    Mean surrogate loss: -0.0063
                      Mean entropy loss: 10.5903
                            Mean reward: 8.72
                    Mean episode length: 1000.00
                        Mean action std: 0.60
    Episode_Reward/track_lin_vel_xy_exp: 0.3515
     Episode_Reward/track_ang_vel_z_exp: 0.5337
            Episode_Reward/lin_vel_z_l2: -0.0329
           Episode_Reward/ang_vel_xy_l2: -0.1502
          Episode_Reward/dof_torques_l2: -0.0878
              Episode_Reward/dof_acc_l2: -0.0764
          Episode_Reward/action_rate_l2: -0.1079
           Episode_Reward/feet_air_time: -0.0106
     Episode_Reward/flat_orientation_l2: -0.0305
          Episode_Reward/dof_pos_limits: 0.0000
                   Metrics/success_rate: 0.0972
     Metrics/base_velocity/error_vel_xy: 0.7037
    Metrics/base_velocity/error_vel_yaw: 0.2829
           Episode_Termination/time_out: 0.9854
       Episode_Termination/base_contact: 0.0146
--------------------------------------------------------------------------------
                         Iteration time: 1.28s
                           Time elapsed: 00:02:35
                                    ETA: 00:08:46

################################################################################
[1m                           Learning iteration 114/500                           [0m 

                            Total steps: 5652480 
                       Steps per second: 40211 
                        Collection time: 1.166s 
                          Learning time: 0.056s 
                        Mean value loss: 0.0142
                    Mean surrogate loss: -0.0064
                      Mean entropy loss: 10.5919
                            Mean reward: 8.54
                    Mean episode length: 990.68
                        Mean action std: 0.60
    Episode_Reward/track_lin_vel_xy_exp: 0.3846
     Episode_Reward/track_ang_vel_z_exp: 0.4946
            Episode_Reward/lin_vel_z_l2: -0.0332
           Episode_Reward/ang_vel_xy_l2: -0.1408
          Episode_Reward/dof_torques_l2: -0.0837
              Episode_Reward/dof_acc_l2: -0.0744
          Episode_Reward/action_rate_l2: -0.1008
           Episode_Reward/feet_air_time: -0.0097
     Episode_Reward/flat_orientation_l2: -0.0299
          Episode_Reward/dof_pos_limits: 0.0000
                   Metrics/success_rate: 0.1528
     Metrics/base_velocity/error_vel_xy: 0.6928
    Metrics/base_velocity/error_vel_yaw: 0.2935
           Episode_Termination/time_out: 0.9856
       Episode_Termination/base_contact: 0.0144
--------------------------------------------------------------------------------
                         Iteration time: 1.22s
                           Time elapsed: 00:02:36
                                    ETA: 00:08:44

################################################################################
[1m                           Learning iteration 115/500                           [0m 

                            Total steps: 5701632 
                       Steps per second: 38311 
                        Collection time: 1.230s 
                          Learning time: 0.053s 
                        Mean value loss: 0.0126
                    Mean surrogate loss: -0.0071
                      Mean entropy loss: 10.5630
                            Mean reward: 8.64
                    Mean episode length: 990.68
                        Mean action std: 0.60
    Episode_Reward/track_lin_vel_xy_exp: 0.4132
     Episode_Reward/track_ang_vel_z_exp: 0.5320
            Episode_Reward/lin_vel_z_l2: -0.0319
           Episode_Reward/ang_vel_xy_l2: -0.1487
          Episode_Reward/dof_torques_l2: -0.0924
              Episode_Reward/dof_acc_l2: -0.0751
          Episode_Reward/action_rate_l2: -0.1079
           Episode_Reward/feet_air_time: -0.0093
     Episode_Reward/flat_orientation_l2: -0.0302
          Episode_Reward/dof_pos_limits: 0.0000
                   Metrics/success_rate: 0.1667
     Metrics/base_velocity/error_vel_xy: 0.6584
    Metrics/base_velocity/error_vel_yaw: 0.2833
           Episode_Termination/time_out: 0.9854
       Episode_Termination/base_contact: 0.0146
--------------------------------------------------------------------------------
                         Iteration time: 1.28s
                           Time elapsed: 00:02:38
                                    ETA: 00:08:43

################################################################################
[1m                           Learning iteration 116/500                           [0m 

                            Total steps: 5750784 
                       Steps per second: 38388 
                        Collection time: 1.217s 
                          Learning time: 0.064s 
                        Mean value loss: 0.0160
                    Mean surrogate loss: -0.0069
                      Mean entropy loss: 10.5442
                            Mean reward: 9.78
                    Mean episode length: 990.68
                        Mean action std: 0.60
    Episode_Reward/track_lin_vel_xy_exp: 0.4393
     Episode_Reward/track_ang_vel_z_exp: 0.5328
            Episode_Reward/lin_vel_z_l2: -0.0318
           Episode_Reward/ang_vel_xy_l2: -0.1463
          Episode_Reward/dof_torques_l2: -0.0912
              Episode_Reward/dof_acc_l2: -0.0745
          Episode_Reward/action_rate_l2: -0.1080
           Episode_Reward/feet_air_time: -0.0098
     Episode_Reward/flat_orientation_l2: -0.0291
          Episode_Reward/dof_pos_limits: 0.0000
                   Metrics/success_rate: 0.2299
     Metrics/base_velocity/error_vel_xy: 0.6429
    Metrics/base_velocity/error_vel_yaw: 0.2824
           Episode_Termination/time_out: 0.9854
       Episode_Termination/base_contact: 0.0146
--------------------------------------------------------------------------------
                         Iteration time: 1.28s
                           Time elapsed: 00:02:39
                                    ETA: 00:08:41

################################################################################
[1m                           Learning iteration 117/500                           [0m 

                            Total steps: 5799936 
                       Steps per second: 37521 
                        Collection time: 1.244s 
                          Learning time: 0.066s 
                        Mean value loss: 0.0153
                    Mean surrogate loss: -0.0065
                      Mean entropy loss: 10.5337
                            Mean reward: 10.02
                    Mean episode length: 990.61
                        Mean action std: 0.60
    Episode_Reward/track_lin_vel_xy_exp: 0.5532
     Episode_Reward/track_ang_vel_z_exp: 0.5165
            Episode_Reward/lin_vel_z_l2: -0.0319
           Episode_Reward/ang_vel_xy_l2: -0.1414
          Episode_Reward/dof_torques_l2: -0.0856
              Episode_Reward/dof_acc_l2: -0.0720
          Episode_Reward/action_rate_l2: -0.1043
           Episode_Reward/feet_air_time: -0.0089
     Episode_Reward/flat_orientation_l2: -0.0273
          Episode_Reward/dof_pos_limits: 0.0000
                   Metrics/success_rate: 0.3472
     Metrics/base_velocity/error_vel_xy: 0.5819
    Metrics/base_velocity/error_vel_yaw: 0.2930
           Episode_Termination/time_out: 0.9852
       Episode_Termination/base_contact: 0.0148
--------------------------------------------------------------------------------
                         Iteration time: 1.31s
                           Time elapsed: 00:02:40
                                    ETA: 00:08:40

################################################################################
[1m                           Learning iteration 118/500                           [0m 

                            Total steps: 5849088 
                       Steps per second: 37589 
                        Collection time: 1.254s 
                          Learning time: 0.053s 
                        Mean value loss: 0.0141
                    Mean surrogate loss: -0.0065
                      Mean entropy loss: 10.5212
                            Mean reward: 10.00
                    Mean episode length: 990.61
                        Mean action std: 0.60
    Episode_Reward/track_lin_vel_xy_exp: 0.5053
     Episode_Reward/track_ang_vel_z_exp: 0.5327
            Episode_Reward/lin_vel_z_l2: -0.0334
           Episode_Reward/ang_vel_xy_l2: -0.1478
          Episode_Reward/dof_torques_l2: -0.0944
              Episode_Reward/dof_acc_l2: -0.0763
          Episode_Reward/action_rate_l2: -0.1091
           Episode_Reward/feet_air_time: -0.0095
     Episode_Reward/flat_orientation_l2: -0.0281
          Episode_Reward/dof_pos_limits: 0.0000
                   Metrics/success_rate: 0.2806
     Metrics/base_velocity/error_vel_xy: 0.6040
    Metrics/base_velocity/error_vel_yaw: 0.2833
           Episode_Termination/time_out: 0.9849
       Episode_Termination/base_contact: 0.0151
--------------------------------------------------------------------------------
                         Iteration time: 1.31s
                           Time elapsed: 00:02:41
                                    ETA: 00:08:38

################################################################################
[1m                           Learning iteration 119/500                           [0m 

                            Total steps: 5898240 
                       Steps per second: 40207 
                        Collection time: 1.170s 
                          Learning time: 0.053s 
                        Mean value loss: 0.0139
                    Mean surrogate loss: -0.0058
                      Mean entropy loss: 10.4972
                            Mean reward: 10.19
                    Mean episode length: 990.68
                        Mean action std: 0.60
    Episode_Reward/track_lin_vel_xy_exp: 0.4717
     Episode_Reward/track_ang_vel_z_exp: 0.5266
            Episode_Reward/lin_vel_z_l2: -0.0322
           Episode_Reward/ang_vel_xy_l2: -0.1427
          Episode_Reward/dof_torques_l2: -0.0891
              Episode_Reward/dof_acc_l2: -0.0739
          Episode_Reward/action_rate_l2: -0.1056
           Episode_Reward/feet_air_time: -0.0096
     Episode_Reward/flat_orientation_l2: -0.0302
          Episode_Reward/dof_pos_limits: 0.0000
                   Metrics/success_rate: 0.2639
     Metrics/base_velocity/error_vel_xy: 0.6149
    Metrics/base_velocity/error_vel_yaw: 0.2918
           Episode_Termination/time_out: 0.9852
       Episode_Termination/base_contact: 0.0148
--------------------------------------------------------------------------------
                         Iteration time: 1.22s
                           Time elapsed: 00:02:43
                                    ETA: 00:08:36

################################################################################
[1m                           Learning iteration 120/500                           [0m 

                            Total steps: 5947392 
                       Steps per second: 39334 
                        Collection time: 1.195s 
                          Learning time: 0.054s 
                        Mean value loss: 0.0124
                    Mean surrogate loss: -0.0063
                      Mean entropy loss: 10.4800
                            Mean reward: 10.38
                    Mean episode length: 990.68
                        Mean action std: 0.60
    Episode_Reward/track_lin_vel_xy_exp: 0.4842
     Episode_Reward/track_ang_vel_z_exp: 0.5407
            Episode_Reward/lin_vel_z_l2: -0.0318
           Episode_Reward/ang_vel_xy_l2: -0.1473
          Episode_Reward/dof_torques_l2: -0.0905
              Episode_Reward/dof_acc_l2: -0.0791
          Episode_Reward/action_rate_l2: -0.1080
           Episode_Reward/feet_air_time: -0.0101
     Episode_Reward/flat_orientation_l2: -0.0258
          Episode_Reward/dof_pos_limits: 0.0000
                   Metrics/success_rate: 0.3333
     Metrics/base_velocity/error_vel_xy: 0.6110
    Metrics/base_velocity/error_vel_yaw: 0.2735
           Episode_Termination/time_out: 0.9849
       Episode_Termination/base_contact: 0.0151
--------------------------------------------------------------------------------
                         Iteration time: 1.25s
                           Time elapsed: 00:02:44
                                    ETA: 00:08:35

################################################################################
[1m                           Learning iteration 121/500                           [0m 

                            Total steps: 5996544 
                       Steps per second: 38600 
                        Collection time: 1.218s 
                          Learning time: 0.055s 
                        Mean value loss: 0.0132
                    Mean surrogate loss: -0.0065
                      Mean entropy loss: 10.4577
                            Mean reward: 10.26
                    Mean episode length: 981.25
                        Mean action std: 0.60
    Episode_Reward/track_lin_vel_xy_exp: 0.4683
     Episode_Reward/track_ang_vel_z_exp: 0.5293
            Episode_Reward/lin_vel_z_l2: -0.0317
           Episode_Reward/ang_vel_xy_l2: -0.1456
          Episode_Reward/dof_torques_l2: -0.0914
              Episode_Reward/dof_acc_l2: -0.0761
          Episode_Reward/action_rate_l2: -0.1072
           Episode_Reward/feet_air_time: -0.0095
     Episode_Reward/flat_orientation_l2: -0.0265
          Episode_Reward/dof_pos_limits: 0.0000
                   Metrics/success_rate: 0.2083
     Metrics/base_velocity/error_vel_xy: 0.6382
    Metrics/base_velocity/error_vel_yaw: 0.2812
           Episode_Termination/time_out: 0.9850
       Episode_Termination/base_contact: 0.0150
--------------------------------------------------------------------------------
                         Iteration time: 1.27s
                           Time elapsed: 00:02:45
                                    ETA: 00:08:33

################################################################################
[1m                           Learning iteration 122/500                           [0m 

                            Total steps: 6045696 
                       Steps per second: 37606 
                        Collection time: 1.256s 
                          Learning time: 0.051s 
                        Mean value loss: 0.0162
                    Mean surrogate loss: -0.0061
                      Mean entropy loss: 10.4642
                            Mean reward: 10.65
                    Mean episode length: 981.71
                        Mean action std: 0.60
    Episode_Reward/track_lin_vel_xy_exp: 0.4682
     Episode_Reward/track_ang_vel_z_exp: 0.5231
            Episode_Reward/lin_vel_z_l2: -0.0323
           Episode_Reward/ang_vel_xy_l2: -0.1447
          Episode_Reward/dof_torques_l2: -0.0865
              Episode_Reward/dof_acc_l2: -0.0794
          Episode_Reward/action_rate_l2: -0.1063
           Episode_Reward/feet_air_time: -0.0100
     Episode_Reward/flat_orientation_l2: -0.0282
          Episode_Reward/dof_pos_limits: 0.0000
                   Metrics/success_rate: 0.2729
     Metrics/base_velocity/error_vel_xy: 0.6400
    Metrics/base_velocity/error_vel_yaw: 0.2935
           Episode_Termination/time_out: 0.9852
       Episode_Termination/base_contact: 0.0148
--------------------------------------------------------------------------------
                         Iteration time: 1.31s
                           Time elapsed: 00:02:47
                                    ETA: 00:08:31

################################################################################
[1m                           Learning iteration 123/500                           [0m 

                            Total steps: 6094848 
                       Steps per second: 36945 
                        Collection time: 1.274s 
                          Learning time: 0.056s 
                        Mean value loss: 0.0165
                    Mean surrogate loss: -0.0067
                      Mean entropy loss: 10.4532
                            Mean reward: 10.09
                    Mean episode length: 991.14
                        Mean action std: 0.60
    Episode_Reward/track_lin_vel_xy_exp: 0.4715
     Episode_Reward/track_ang_vel_z_exp: 0.5433
            Episode_Reward/lin_vel_z_l2: -0.0331
           Episode_Reward/ang_vel_xy_l2: -0.1443
          Episode_Reward/dof_torques_l2: -0.0925
              Episode_Reward/dof_acc_l2: -0.0805
          Episode_Reward/action_rate_l2: -0.1094
           Episode_Reward/feet_air_time: -0.0096
     Episode_Reward/flat_orientation_l2: -0.0247
          Episode_Reward/dof_pos_limits: 0.0000
                   Metrics/success_rate: 0.2292
     Metrics/base_velocity/error_vel_xy: 0.6340
    Metrics/base_velocity/error_vel_yaw: 0.2709
           Episode_Termination/time_out: 0.9854
       Episode_Termination/base_contact: 0.0146
--------------------------------------------------------------------------------
                         Iteration time: 1.33s
                           Time elapsed: 00:02:48
                                    ETA: 00:08:30

################################################################################
[1m                           Learning iteration 124/500                           [0m 

                            Total steps: 6144000 
                       Steps per second: 39401 
                        Collection time: 1.194s 
                          Learning time: 0.054s 
                        Mean value loss: 0.0144
                    Mean surrogate loss: -0.0077
                      Mean entropy loss: 10.4452
                            Mean reward: 10.56
                    Mean episode length: 1000.00
                        Mean action std: 0.60
    Episode_Reward/track_lin_vel_xy_exp: 0.5385
     Episode_Reward/track_ang_vel_z_exp: 0.5432
            Episode_Reward/lin_vel_z_l2: -0.0336
           Episode_Reward/ang_vel_xy_l2: -0.1522
          Episode_Reward/dof_torques_l2: -0.0894
              Episode_Reward/dof_acc_l2: -0.0853
          Episode_Reward/action_rate_l2: -0.1099
           Episode_Reward/feet_air_time: -0.0105
     Episode_Reward/flat_orientation_l2: -0.0269
          Episode_Reward/dof_pos_limits: 0.0000
                   Metrics/success_rate: 0.3958
     Metrics/base_velocity/error_vel_xy: 0.5886
    Metrics/base_velocity/error_vel_yaw: 0.2706
           Episode_Termination/time_out: 0.9854
       Episode_Termination/base_contact: 0.0146
--------------------------------------------------------------------------------
                         Iteration time: 1.25s
                           Time elapsed: 00:02:49
                                    ETA: 00:08:28

################################################################################
[1m                           Learning iteration 125/500                           [0m 

                            Total steps: 6193152 
                       Steps per second: 39589 
                        Collection time: 1.190s 
                          Learning time: 0.051s 
                        Mean value loss: 0.0124
                    Mean surrogate loss: -0.0066
                      Mean entropy loss: 10.4335
                            Mean reward: 10.65
                    Mean episode length: 986.66
                        Mean action std: 0.59
    Episode_Reward/track_lin_vel_xy_exp: 0.4802
     Episode_Reward/track_ang_vel_z_exp: 0.5179
            Episode_Reward/lin_vel_z_l2: -0.0315
           Episode_Reward/ang_vel_xy_l2: -0.1421
          Episode_Reward/dof_torques_l2: -0.0840
              Episode_Reward/dof_acc_l2: -0.0757
          Episode_Reward/action_rate_l2: -0.1022
           Episode_Reward/feet_air_time: -0.0094
     Episode_Reward/flat_orientation_l2: -0.0294
          Episode_Reward/dof_pos_limits: 0.0000
                   Metrics/success_rate: 0.3194
     Metrics/base_velocity/error_vel_xy: 0.6041
    Metrics/base_velocity/error_vel_yaw: 0.2753
           Episode_Termination/time_out: 0.9854
       Episode_Termination/base_contact: 0.0146
--------------------------------------------------------------------------------
                         Iteration time: 1.24s
                           Time elapsed: 00:02:50
                                    ETA: 00:08:27

################################################################################
[1m                           Learning iteration 126/500                           [0m 

                            Total steps: 6242304 
                       Steps per second: 36845 
                        Collection time: 1.275s 
                          Learning time: 0.059s 
                        Mean value loss: 0.0114
                    Mean surrogate loss: -0.0072
                      Mean entropy loss: 10.3996
                            Mean reward: 11.33
                    Mean episode length: 986.66
                        Mean action std: 0.59
    Episode_Reward/track_lin_vel_xy_exp: 0.5159
     Episode_Reward/track_ang_vel_z_exp: 0.5475
            Episode_Reward/lin_vel_z_l2: -0.0328
           Episode_Reward/ang_vel_xy_l2: -0.1461
          Episode_Reward/dof_torques_l2: -0.0916
              Episode_Reward/dof_acc_l2: -0.0787
          Episode_Reward/action_rate_l2: -0.1093
           Episode_Reward/feet_air_time: -0.0101
     Episode_Reward/flat_orientation_l2: -0.0268
          Episode_Reward/dof_pos_limits: 0.0000
                   Metrics/success_rate: 0.2688
     Metrics/base_velocity/error_vel_xy: 0.5993
    Metrics/base_velocity/error_vel_yaw: 0.2655
           Episode_Termination/time_out: 0.9855
       Episode_Termination/base_contact: 0.0145
--------------------------------------------------------------------------------
                         Iteration time: 1.33s
                           Time elapsed: 00:02:52
                                    ETA: 00:08:25

################################################################################
[1m                           Learning iteration 127/500                           [0m 

                            Total steps: 6291456 
                       Steps per second: 39422 
                        Collection time: 1.194s 
                          Learning time: 0.053s 
                        Mean value loss: 0.0158
                    Mean surrogate loss: -0.0073
                      Mean entropy loss: 10.3617
                            Mean reward: 10.90
                    Mean episode length: 990.57
                        Mean action std: 0.59
    Episode_Reward/track_lin_vel_xy_exp: 0.4863
     Episode_Reward/track_ang_vel_z_exp: 0.5253
            Episode_Reward/lin_vel_z_l2: -0.0320
           Episode_Reward/ang_vel_xy_l2: -0.1417
          Episode_Reward/dof_torques_l2: -0.0878
              Episode_Reward/dof_acc_l2: -0.0789
          Episode_Reward/action_rate_l2: -0.1040
           Episode_Reward/feet_air_time: -0.0095
     Episode_Reward/flat_orientation_l2: -0.0289
          Episode_Reward/dof_pos_limits: 0.0000
                   Metrics/success_rate: 0.3229
     Metrics/base_velocity/error_vel_xy: 0.5967
    Metrics/base_velocity/error_vel_yaw: 0.2920
           Episode_Termination/time_out: 0.9857
       Episode_Termination/base_contact: 0.0143
--------------------------------------------------------------------------------
                         Iteration time: 1.25s
                           Time elapsed: 00:02:53
                                    ETA: 00:08:23

################################################################################
[1m                           Learning iteration 128/500                           [0m 

                            Total steps: 6340608 
                       Steps per second: 38141 
                        Collection time: 1.224s 
                          Learning time: 0.064s 
                        Mean value loss: 0.0191
                    Mean surrogate loss: -0.0070
                      Mean entropy loss: 10.3669
                            Mean reward: 10.50
                    Mean episode length: 990.55
                        Mean action std: 0.59
    Episode_Reward/track_lin_vel_xy_exp: 0.5176
     Episode_Reward/track_ang_vel_z_exp: 0.5422
            Episode_Reward/lin_vel_z_l2: -0.0329
           Episode_Reward/ang_vel_xy_l2: -0.1450
          Episode_Reward/dof_torques_l2: -0.0906
              Episode_Reward/dof_acc_l2: -0.0821
          Episode_Reward/action_rate_l2: -0.1086
           Episode_Reward/feet_air_time: -0.0103
     Episode_Reward/flat_orientation_l2: -0.0256
          Episode_Reward/dof_pos_limits: 0.0000
                   Metrics/success_rate: 0.3351
     Metrics/base_velocity/error_vel_xy: 0.5981
    Metrics/base_velocity/error_vel_yaw: 0.2701
           Episode_Termination/time_out: 0.9859
       Episode_Termination/base_contact: 0.0141
--------------------------------------------------------------------------------
                         Iteration time: 1.29s
                           Time elapsed: 00:02:54
                                    ETA: 00:08:22

################################################################################
[1m                           Learning iteration 129/500                           [0m 

                            Total steps: 6389760 
                       Steps per second: 38282 
                        Collection time: 1.219s 
                          Learning time: 0.065s 
                        Mean value loss: 0.0171
                    Mean surrogate loss: -0.0063
                      Mean entropy loss: 10.3660
                            Mean reward: 10.48
                    Mean episode length: 1000.00
                        Mean action std: 0.59
    Episode_Reward/track_lin_vel_xy_exp: 0.4739
     Episode_Reward/track_ang_vel_z_exp: 0.5463
            Episode_Reward/lin_vel_z_l2: -0.0331
           Episode_Reward/ang_vel_xy_l2: -0.1453
          Episode_Reward/dof_torques_l2: -0.0910
              Episode_Reward/dof_acc_l2: -0.0833
          Episode_Reward/action_rate_l2: -0.1092
           Episode_Reward/feet_air_time: -0.0106
     Episode_Reward/flat_orientation_l2: -0.0259
          Episode_Reward/dof_pos_limits: 0.0000
                   Metrics/success_rate: 0.2534
     Metrics/base_velocity/error_vel_xy: 0.6283
    Metrics/base_velocity/error_vel_yaw: 0.2673
           Episode_Termination/time_out: 0.9858
       Episode_Termination/base_contact: 0.0142
--------------------------------------------------------------------------------
                         Iteration time: 1.28s
                           Time elapsed: 00:02:55
                                    ETA: 00:08:20

################################################################################
[1m                           Learning iteration 130/500                           [0m 

                            Total steps: 6438912 
                       Steps per second: 40071 
                        Collection time: 1.171s 
                          Learning time: 0.056s 
                        Mean value loss: 0.0157
                    Mean surrogate loss: -0.0068
                      Mean entropy loss: 10.3726
                            Mean reward: 10.35
                    Mean episode length: 990.63
                        Mean action std: 0.59
    Episode_Reward/track_lin_vel_xy_exp: 0.4554
     Episode_Reward/track_ang_vel_z_exp: 0.5424
            Episode_Reward/lin_vel_z_l2: -0.0329
           Episode_Reward/ang_vel_xy_l2: -0.1408
          Episode_Reward/dof_torques_l2: -0.0929
              Episode_Reward/dof_acc_l2: -0.0794
          Episode_Reward/action_rate_l2: -0.1073
           Episode_Reward/feet_air_time: -0.0098
     Episode_Reward/flat_orientation_l2: -0.0287
          Episode_Reward/dof_pos_limits: 0.0000
                   Metrics/success_rate: 0.2254
     Metrics/base_velocity/error_vel_xy: 0.6344
    Metrics/base_velocity/error_vel_yaw: 0.2700
           Episode_Termination/time_out: 0.9861
       Episode_Termination/base_contact: 0.0139
--------------------------------------------------------------------------------
                         Iteration time: 1.23s
                           Time elapsed: 00:02:57
                                    ETA: 00:08:19

################################################################################
[1m                           Learning iteration 131/500                           [0m 

                            Total steps: 6488064 
                       Steps per second: 39313 
                        Collection time: 1.198s 
                          Learning time: 0.052s 
                        Mean value loss: 0.0201
                    Mean surrogate loss: -0.0061
                      Mean entropy loss: 10.3797
                            Mean reward: 10.27
                    Mean episode length: 990.56
                        Mean action std: 0.59
    Episode_Reward/track_lin_vel_xy_exp: 0.4719
     Episode_Reward/track_ang_vel_z_exp: 0.5370
            Episode_Reward/lin_vel_z_l2: -0.0329
           Episode_Reward/ang_vel_xy_l2: -0.1421
          Episode_Reward/dof_torques_l2: -0.0930
              Episode_Reward/dof_acc_l2: -0.0798
          Episode_Reward/action_rate_l2: -0.1077
           Episode_Reward/feet_air_time: -0.0095
     Episode_Reward/flat_orientation_l2: -0.0270
          Episode_Reward/dof_pos_limits: 0.0000
                   Metrics/success_rate: 0.2672
     Metrics/base_velocity/error_vel_xy: 0.6169
    Metrics/base_velocity/error_vel_yaw: 0.2785
           Episode_Termination/time_out: 0.9860
       Episode_Termination/base_contact: 0.0140
--------------------------------------------------------------------------------
                         Iteration time: 1.25s
                           Time elapsed: 00:02:58
                                    ETA: 00:08:17

################################################################################
[1m                           Learning iteration 132/500                           [0m 

                            Total steps: 6537216 
                       Steps per second: 38813 
                        Collection time: 1.195s 
                          Learning time: 0.072s 
                        Mean value loss: 0.0178
                    Mean surrogate loss: -0.0076
                      Mean entropy loss: 10.3877
                            Mean reward: 11.24
                    Mean episode length: 981.08
                        Mean action std: 0.59
    Episode_Reward/track_lin_vel_xy_exp: 0.5191
     Episode_Reward/track_ang_vel_z_exp: 0.5255
            Episode_Reward/lin_vel_z_l2: -0.0328
           Episode_Reward/ang_vel_xy_l2: -0.1406
          Episode_Reward/dof_torques_l2: -0.0888
              Episode_Reward/dof_acc_l2: -0.0791
          Episode_Reward/action_rate_l2: -0.1053
           Episode_Reward/feet_air_time: -0.0091
     Episode_Reward/flat_orientation_l2: -0.0267
          Episode_Reward/dof_pos_limits: 0.0000
                   Metrics/success_rate: 0.3604
     Metrics/base_velocity/error_vel_xy: 0.5849
    Metrics/base_velocity/error_vel_yaw: 0.2892
           Episode_Termination/time_out: 0.9852
       Episode_Termination/base_contact: 0.0148
--------------------------------------------------------------------------------
                         Iteration time: 1.27s
                           Time elapsed: 00:02:59
                                    ETA: 00:08:15

################################################################################
[1m                           Learning iteration 133/500                           [0m 

                            Total steps: 6586368 
                       Steps per second: 41000 
                        Collection time: 1.147s 
                          Learning time: 0.052s 
                        Mean value loss: 0.0126
                    Mean surrogate loss: -0.0079
                      Mean entropy loss: 10.3648
                            Mean reward: 12.00
                    Mean episode length: 981.36
                        Mean action std: 0.59
    Episode_Reward/track_lin_vel_xy_exp: 0.5482
     Episode_Reward/track_ang_vel_z_exp: 0.5418
            Episode_Reward/lin_vel_z_l2: -0.0326
           Episode_Reward/ang_vel_xy_l2: -0.1428
          Episode_Reward/dof_torques_l2: -0.0915
              Episode_Reward/dof_acc_l2: -0.0799
          Episode_Reward/action_rate_l2: -0.1073
           Episode_Reward/feet_air_time: -0.0098
     Episode_Reward/flat_orientation_l2: -0.0252
          Episode_Reward/dof_pos_limits: 0.0000
                   Metrics/success_rate: 0.4208
     Metrics/base_velocity/error_vel_xy: 0.5794
    Metrics/base_velocity/error_vel_yaw: 0.2717
           Episode_Termination/time_out: 0.9856
       Episode_Termination/base_contact: 0.0144
--------------------------------------------------------------------------------
                         Iteration time: 1.20s
                           Time elapsed: 00:03:00
                                    ETA: 00:08:14

################################################################################
[1m                           Learning iteration 134/500                           [0m 

                            Total steps: 6635520 
                       Steps per second: 39913 
                        Collection time: 1.179s 
                          Learning time: 0.053s 
                        Mean value loss: 0.0164
                    Mean surrogate loss: -0.0071
                      Mean entropy loss: 10.3341
                            Mean reward: 12.71
                    Mean episode length: 990.77
                        Mean action std: 0.59
    Episode_Reward/track_lin_vel_xy_exp: 0.6270
     Episode_Reward/track_ang_vel_z_exp: 0.5465
            Episode_Reward/lin_vel_z_l2: -0.0342
           Episode_Reward/ang_vel_xy_l2: -0.1436
          Episode_Reward/dof_torques_l2: -0.0938
              Episode_Reward/dof_acc_l2: -0.0812
          Episode_Reward/action_rate_l2: -0.1093
           Episode_Reward/feet_air_time: -0.0098
     Episode_Reward/flat_orientation_l2: -0.0240
          Episode_Reward/dof_pos_limits: 0.0000
                   Metrics/success_rate: 0.4505
     Metrics/base_velocity/error_vel_xy: 0.5316
    Metrics/base_velocity/error_vel_yaw: 0.2675
           Episode_Termination/time_out: 0.9858
       Episode_Termination/base_contact: 0.0142
--------------------------------------------------------------------------------
                         Iteration time: 1.23s
                           Time elapsed: 00:03:02
                                    ETA: 00:08:12

################################################################################
[1m                           Learning iteration 135/500                           [0m 

                            Total steps: 6684672 
                       Steps per second: 37709 
                        Collection time: 1.250s 
                          Learning time: 0.054s 
                        Mean value loss: 0.0196
                    Mean surrogate loss: -0.0071
                      Mean entropy loss: 10.3311
                            Mean reward: 12.16
                    Mean episode length: 990.72
                        Mean action std: 0.59
    Episode_Reward/track_lin_vel_xy_exp: 0.6001
     Episode_Reward/track_ang_vel_z_exp: 0.5440
            Episode_Reward/lin_vel_z_l2: -0.0350
           Episode_Reward/ang_vel_xy_l2: -0.1422
          Episode_Reward/dof_torques_l2: -0.0918
              Episode_Reward/dof_acc_l2: -0.0870
          Episode_Reward/action_rate_l2: -0.1087
           Episode_Reward/feet_air_time: -0.0102
     Episode_Reward/flat_orientation_l2: -0.0253
          Episode_Reward/dof_pos_limits: 0.0000
                   Metrics/success_rate: 0.4069
     Metrics/base_velocity/error_vel_xy: 0.5420
    Metrics/base_velocity/error_vel_yaw: 0.2700
           Episode_Termination/time_out: 0.9864
       Episode_Termination/base_contact: 0.0136
--------------------------------------------------------------------------------
                         Iteration time: 1.30s
                           Time elapsed: 00:03:03
                                    ETA: 00:08:11

################################################################################
[1m                           Learning iteration 136/500                           [0m 

                            Total steps: 6733824 
                       Steps per second: 39223 
                        Collection time: 1.193s 
                          Learning time: 0.061s 
                        Mean value loss: 0.0138
                    Mean surrogate loss: -0.0062
                      Mean entropy loss: 10.3267
                            Mean reward: 12.31
                    Mean episode length: 973.28
                        Mean action std: 0.59
    Episode_Reward/track_lin_vel_xy_exp: 0.6173
     Episode_Reward/track_ang_vel_z_exp: 0.5303
            Episode_Reward/lin_vel_z_l2: -0.0324
           Episode_Reward/ang_vel_xy_l2: -0.1408
          Episode_Reward/dof_torques_l2: -0.0899
              Episode_Reward/dof_acc_l2: -0.0795
          Episode_Reward/action_rate_l2: -0.1049
           Episode_Reward/feet_air_time: -0.0098
     Episode_Reward/flat_orientation_l2: -0.0265
          Episode_Reward/dof_pos_limits: 0.0000
                   Metrics/success_rate: 0.4139
     Metrics/base_velocity/error_vel_xy: 0.5329
    Metrics/base_velocity/error_vel_yaw: 0.2748
           Episode_Termination/time_out: 0.9856
       Episode_Termination/base_contact: 0.0144
--------------------------------------------------------------------------------
                         Iteration time: 1.25s
                           Time elapsed: 00:03:04
                                    ETA: 00:08:09

################################################################################
[1m                           Learning iteration 137/500                           [0m 

                            Total steps: 6782976 
                       Steps per second: 39602 
                        Collection time: 1.189s 
                          Learning time: 0.052s 
                        Mean value loss: 0.0218
                    Mean surrogate loss: -0.0076
                      Mean entropy loss: 10.3233
                            Mean reward: 11.91
                    Mean episode length: 962.42
                        Mean action std: 0.59
    Episode_Reward/track_lin_vel_xy_exp: 0.5573
     Episode_Reward/track_ang_vel_z_exp: 0.5322
            Episode_Reward/lin_vel_z_l2: -0.0340
           Episode_Reward/ang_vel_xy_l2: -0.1423
          Episode_Reward/dof_torques_l2: -0.0875
              Episode_Reward/dof_acc_l2: -0.0846
          Episode_Reward/action_rate_l2: -0.1059
           Episode_Reward/feet_air_time: -0.0098
     Episode_Reward/flat_orientation_l2: -0.0254
          Episode_Reward/dof_pos_limits: 0.0000
                   Metrics/success_rate: 0.4942
     Metrics/base_velocity/error_vel_xy: 0.5699
    Metrics/base_velocity/error_vel_yaw: 0.2898
           Episode_Termination/time_out: 0.9854
       Episode_Termination/base_contact: 0.0146
--------------------------------------------------------------------------------
                         Iteration time: 1.24s
                           Time elapsed: 00:03:05
                                    ETA: 00:08:07

################################################################################
[1m                           Learning iteration 138/500                           [0m 

                            Total steps: 6832128 
                       Steps per second: 40364 
                        Collection time: 1.166s 
                          Learning time: 0.052s 
                        Mean value loss: 0.0156
                    Mean surrogate loss: -0.0073
                      Mean entropy loss: 10.3316
                            Mean reward: 11.26
                    Mean episode length: 963.45
                        Mean action std: 0.59
    Episode_Reward/track_lin_vel_xy_exp: 0.5190
     Episode_Reward/track_ang_vel_z_exp: 0.5408
            Episode_Reward/lin_vel_z_l2: -0.0349
           Episode_Reward/ang_vel_xy_l2: -0.1424
          Episode_Reward/dof_torques_l2: -0.0922
              Episode_Reward/dof_acc_l2: -0.0836
          Episode_Reward/action_rate_l2: -0.1080
           Episode_Reward/feet_air_time: -0.0100
     Episode_Reward/flat_orientation_l2: -0.0245
          Episode_Reward/dof_pos_limits: 0.0000
                   Metrics/success_rate: 0.2764
     Metrics/base_velocity/error_vel_xy: 0.5960
    Metrics/base_velocity/error_vel_yaw: 0.2684
           Episode_Termination/time_out: 0.9845
       Episode_Termination/base_contact: 0.0155
--------------------------------------------------------------------------------
                         Iteration time: 1.22s
                           Time elapsed: 00:03:07
                                    ETA: 00:08:06

################################################################################
[1m                           Learning iteration 139/500                           [0m 

                            Total steps: 6881280 
                       Steps per second: 39328 
                        Collection time: 1.197s 
                          Learning time: 0.053s 
                        Mean value loss: 0.0118
                    Mean surrogate loss: -0.0074
                      Mean entropy loss: 10.3012
                            Mean reward: 11.62
                    Mean episode length: 963.36
                        Mean action std: 0.59
    Episode_Reward/track_lin_vel_xy_exp: 0.5226
     Episode_Reward/track_ang_vel_z_exp: 0.5421
            Episode_Reward/lin_vel_z_l2: -0.0337
           Episode_Reward/ang_vel_xy_l2: -0.1400
          Episode_Reward/dof_torques_l2: -0.0882
              Episode_Reward/dof_acc_l2: -0.0873
          Episode_Reward/action_rate_l2: -0.1062
           Episode_Reward/feet_air_time: -0.0111
     Episode_Reward/flat_orientation_l2: -0.0249
          Episode_Reward/dof_pos_limits: 0.0000
                   Metrics/success_rate: 0.3292
     Metrics/base_velocity/error_vel_xy: 0.5734
    Metrics/base_velocity/error_vel_yaw: 0.2744
           Episode_Termination/time_out: 0.9844
       Episode_Termination/base_contact: 0.0156
--------------------------------------------------------------------------------
                         Iteration time: 1.25s
                           Time elapsed: 00:03:08
                                    ETA: 00:08:04

################################################################################
[1m                           Learning iteration 140/500                           [0m 

                            Total steps: 6930432 
                       Steps per second: 39711 
                        Collection time: 1.181s 
                          Learning time: 0.057s 
                        Mean value loss: 0.0107
                    Mean surrogate loss: -0.0064
                      Mean entropy loss: 10.2740
                            Mean reward: 12.10
                    Mean episode length: 983.20
                        Mean action std: 0.59
    Episode_Reward/track_lin_vel_xy_exp: 0.5639
     Episode_Reward/track_ang_vel_z_exp: 0.5444
            Episode_Reward/lin_vel_z_l2: -0.0351
           Episode_Reward/ang_vel_xy_l2: -0.1424
          Episode_Reward/dof_torques_l2: -0.0939
              Episode_Reward/dof_acc_l2: -0.0850
          Episode_Reward/action_rate_l2: -0.1089
           Episode_Reward/feet_air_time: -0.0102
     Episode_Reward/flat_orientation_l2: -0.0245
          Episode_Reward/dof_pos_limits: 0.0000
                   Metrics/success_rate: 0.4264
     Metrics/base_velocity/error_vel_xy: 0.5598
    Metrics/base_velocity/error_vel_yaw: 0.2613
           Episode_Termination/time_out: 0.9857
       Episode_Termination/base_contact: 0.0143
--------------------------------------------------------------------------------
                         Iteration time: 1.24s
                           Time elapsed: 00:03:09
                                    ETA: 00:08:02

################################################################################
[1m                           Learning iteration 141/500                           [0m 

                            Total steps: 6979584 
                       Steps per second: 38371 
                        Collection time: 1.225s 
                          Learning time: 0.056s 
                        Mean value loss: 0.0117
                    Mean surrogate loss: -0.0070
                      Mean entropy loss: 10.2488
                            Mean reward: 11.66
                    Mean episode length: 968.83
                        Mean action std: 0.59
    Episode_Reward/track_lin_vel_xy_exp: 0.5596
     Episode_Reward/track_ang_vel_z_exp: 0.5004
            Episode_Reward/lin_vel_z_l2: -0.0345
           Episode_Reward/ang_vel_xy_l2: -0.1348
          Episode_Reward/dof_torques_l2: -0.0859
              Episode_Reward/dof_acc_l2: -0.0817
          Episode_Reward/action_rate_l2: -0.1001
           Episode_Reward/feet_air_time: -0.0091
     Episode_Reward/flat_orientation_l2: -0.0258
          Episode_Reward/dof_pos_limits: 0.0000
                   Metrics/success_rate: 0.3951
     Metrics/base_velocity/error_vel_xy: 0.5435
    Metrics/base_velocity/error_vel_yaw: 0.2896
           Episode_Termination/time_out: 0.9845
       Episode_Termination/base_contact: 0.0155
--------------------------------------------------------------------------------
                         Iteration time: 1.28s
                           Time elapsed: 00:03:10
                                    ETA: 00:08:01

################################################################################
[1m                           Learning iteration 142/500                           [0m 

                            Total steps: 7028736 
                       Steps per second: 39779 
                        Collection time: 1.173s 
                          Learning time: 0.063s 
                        Mean value loss: 0.0154
                    Mean surrogate loss: -0.0070
                      Mean entropy loss: 10.2484
                            Mean reward: 11.69
                    Mean episode length: 963.44
                        Mean action std: 0.59
    Episode_Reward/track_lin_vel_xy_exp: 0.5963
     Episode_Reward/track_ang_vel_z_exp: 0.5477
            Episode_Reward/lin_vel_z_l2: -0.0368
           Episode_Reward/ang_vel_xy_l2: -0.1465
          Episode_Reward/dof_torques_l2: -0.0915
              Episode_Reward/dof_acc_l2: -0.0943
          Episode_Reward/action_rate_l2: -0.1098
           Episode_Reward/feet_air_time: -0.0108
     Episode_Reward/flat_orientation_l2: -0.0246
          Episode_Reward/dof_pos_limits: 0.0000
                   Metrics/success_rate: 0.4514
     Metrics/base_velocity/error_vel_xy: 0.5420
    Metrics/base_velocity/error_vel_yaw: 0.2639
           Episode_Termination/time_out: 0.9837
       Episode_Termination/base_contact: 0.0163
--------------------------------------------------------------------------------
                         Iteration time: 1.24s
                           Time elapsed: 00:03:12
                                    ETA: 00:07:59

################################################################################
[1m                           Learning iteration 143/500                           [0m 

                            Total steps: 7077888 
                       Steps per second: 40543 
                        Collection time: 1.158s 
                          Learning time: 0.055s 
                        Mean value loss: 0.0202
                    Mean surrogate loss: -0.0082
                      Mean entropy loss: 10.2433
                            Mean reward: 11.82
                    Mean episode length: 985.79
                        Mean action std: 0.59
    Episode_Reward/track_lin_vel_xy_exp: 0.5408
     Episode_Reward/track_ang_vel_z_exp: 0.5391
            Episode_Reward/lin_vel_z_l2: -0.0363
           Episode_Reward/ang_vel_xy_l2: -0.1399
          Episode_Reward/dof_torques_l2: -0.0891
              Episode_Reward/dof_acc_l2: -0.0905
          Episode_Reward/action_rate_l2: -0.1087
           Episode_Reward/feet_air_time: -0.0105
     Episode_Reward/flat_orientation_l2: -0.0249
          Episode_Reward/dof_pos_limits: 0.0000
                   Metrics/success_rate: 0.3264
     Metrics/base_velocity/error_vel_xy: 0.5700
    Metrics/base_velocity/error_vel_yaw: 0.2754
           Episode_Termination/time_out: 0.9832
       Episode_Termination/base_contact: 0.0168
--------------------------------------------------------------------------------
                         Iteration time: 1.21s
                           Time elapsed: 00:03:13
                                    ETA: 00:07:58

################################################################################
[1m                           Learning iteration 144/500                           [0m 

                            Total steps: 7127040 
                       Steps per second: 40597 
                        Collection time: 1.155s 
                          Learning time: 0.056s 
                        Mean value loss: 0.0169
                    Mean surrogate loss: -0.0069
                      Mean entropy loss: 10.2522
                            Mean reward: 12.30
                    Mean episode length: 986.63
                        Mean action std: 0.59
    Episode_Reward/track_lin_vel_xy_exp: 0.6279
     Episode_Reward/track_ang_vel_z_exp: 0.5460
            Episode_Reward/lin_vel_z_l2: -0.0371
           Episode_Reward/ang_vel_xy_l2: -0.1435
          Episode_Reward/dof_torques_l2: -0.0952
              Episode_Reward/dof_acc_l2: -0.0958
          Episode_Reward/action_rate_l2: -0.1103
           Episode_Reward/feet_air_time: -0.0104
     Episode_Reward/flat_orientation_l2: -0.0240
          Episode_Reward/dof_pos_limits: 0.0000
                   Metrics/success_rate: 0.5201
     Metrics/base_velocity/error_vel_xy: 0.5230
    Metrics/base_velocity/error_vel_yaw: 0.2633
           Episode_Termination/time_out: 0.9837
       Episode_Termination/base_contact: 0.0163
--------------------------------------------------------------------------------
                         Iteration time: 1.21s
                           Time elapsed: 00:03:14
                                    ETA: 00:07:56

################################################################################
[1m                           Learning iteration 145/500                           [0m 

                            Total steps: 7176192 
                       Steps per second: 37789 
                        Collection time: 1.246s 
                          Learning time: 0.055s 
                        Mean value loss: 0.0158
                    Mean surrogate loss: -0.0065
                      Mean entropy loss: 10.2585
                            Mean reward: 12.03
                    Mean episode length: 976.58
                        Mean action std: 0.59
    Episode_Reward/track_lin_vel_xy_exp: 0.4851
     Episode_Reward/track_ang_vel_z_exp: 0.4914
            Episode_Reward/lin_vel_z_l2: -0.0341
           Episode_Reward/ang_vel_xy_l2: -0.1339
          Episode_Reward/dof_torques_l2: -0.0880
              Episode_Reward/dof_acc_l2: -0.0881
          Episode_Reward/action_rate_l2: -0.1014
           Episode_Reward/feet_air_time: -0.0096
     Episode_Reward/flat_orientation_l2: -0.0280
          Episode_Reward/dof_pos_limits: 0.0000
                   Metrics/success_rate: 0.2812
     Metrics/base_velocity/error_vel_xy: 0.5782
    Metrics/base_velocity/error_vel_yaw: 0.3132
           Episode_Termination/time_out: 0.9826
       Episode_Termination/base_contact: 0.0174
--------------------------------------------------------------------------------
                         Iteration time: 1.30s
                           Time elapsed: 00:03:15
                                    ETA: 00:07:54

################################################################################
[1m                           Learning iteration 146/500                           [0m 

                            Total steps: 7225344 
                       Steps per second: 39572 
                        Collection time: 1.164s 
                          Learning time: 0.078s 
                        Mean value loss: 0.0124
                    Mean surrogate loss: -0.0065
                      Mean entropy loss: 10.2640
                            Mean reward: 12.32
                    Mean episode length: 979.11
                        Mean action std: 0.59
    Episode_Reward/track_lin_vel_xy_exp: 0.6167
     Episode_Reward/track_ang_vel_z_exp: 0.5459
            Episode_Reward/lin_vel_z_l2: -0.0367
           Episode_Reward/ang_vel_xy_l2: -0.1455
          Episode_Reward/dof_torques_l2: -0.0943
              Episode_Reward/dof_acc_l2: -0.0919
          Episode_Reward/action_rate_l2: -0.1109
           Episode_Reward/feet_air_time: -0.0104
     Episode_Reward/flat_orientation_l2: -0.0227
          Episode_Reward/dof_pos_limits: 0.0000
                   Metrics/success_rate: 0.4306
     Metrics/base_velocity/error_vel_xy: 0.5234
    Metrics/base_velocity/error_vel_yaw: 0.2655
           Episode_Termination/time_out: 0.9824
       Episode_Termination/base_contact: 0.0176
--------------------------------------------------------------------------------
                         Iteration time: 1.24s
                           Time elapsed: 00:03:17
                                    ETA: 00:07:53

################################################################################
[1m                           Learning iteration 147/500                           [0m 

                            Total steps: 7274496 
                       Steps per second: 39170 
                        Collection time: 1.196s 
                          Learning time: 0.059s 
                        Mean value loss: 0.0149
                    Mean surrogate loss: -0.0070
                      Mean entropy loss: 10.2508
                            Mean reward: 12.78
                    Mean episode length: 979.52
                        Mean action std: 0.59
    Episode_Reward/track_lin_vel_xy_exp: 0.6280
     Episode_Reward/track_ang_vel_z_exp: 0.5282
            Episode_Reward/lin_vel_z_l2: -0.0366
           Episode_Reward/ang_vel_xy_l2: -0.1392
          Episode_Reward/dof_torques_l2: -0.0923
              Episode_Reward/dof_acc_l2: -0.0914
          Episode_Reward/action_rate_l2: -0.1076
           Episode_Reward/feet_air_time: -0.0102
     Episode_Reward/flat_orientation_l2: -0.0234
          Episode_Reward/dof_pos_limits: 0.0000
                   Metrics/success_rate: 0.4583
     Metrics/base_velocity/error_vel_xy: 0.5232
    Metrics/base_velocity/error_vel_yaw: 0.2945
           Episode_Termination/time_out: 0.9815
       Episode_Termination/base_contact: 0.0185
--------------------------------------------------------------------------------
                         Iteration time: 1.25s
                           Time elapsed: 00:03:18
                                    ETA: 00:07:51

################################################################################
[1m                           Learning iteration 148/500                           [0m 

                            Total steps: 7323648 
                       Steps per second: 39784 
                        Collection time: 1.166s 
                          Learning time: 0.070s 
                        Mean value loss: 0.0188
                    Mean surrogate loss: -0.0077
                      Mean entropy loss: 10.2663
                            Mean reward: 14.10
                    Mean episode length: 974.79
                        Mean action std: 0.59
    Episode_Reward/track_lin_vel_xy_exp: 0.7244
     Episode_Reward/track_ang_vel_z_exp: 0.5498
            Episode_Reward/lin_vel_z_l2: -0.0358
           Episode_Reward/ang_vel_xy_l2: -0.1433
          Episode_Reward/dof_torques_l2: -0.0935
              Episode_Reward/dof_acc_l2: -0.0947
          Episode_Reward/action_rate_l2: -0.1112
           Episode_Reward/feet_air_time: -0.0108
     Episode_Reward/flat_orientation_l2: -0.0204
          Episode_Reward/dof_pos_limits: 0.0000
                   Metrics/success_rate: 0.6285
     Metrics/base_velocity/error_vel_xy: 0.4633
    Metrics/base_velocity/error_vel_yaw: 0.2589
           Episode_Termination/time_out: 0.9816
       Episode_Termination/base_contact: 0.0184
--------------------------------------------------------------------------------
                         Iteration time: 1.24s
                           Time elapsed: 00:03:19
                                    ETA: 00:07:50

################################################################################
[1m                           Learning iteration 149/500                           [0m 

                            Total steps: 7372800 
                       Steps per second: 37951 
                        Collection time: 1.237s 
                          Learning time: 0.059s 
                        Mean value loss: 0.0172
                    Mean surrogate loss: -0.0077
                      Mean entropy loss: 10.2699
                            Mean reward: 13.04
                    Mean episode length: 986.03
                        Mean action std: 0.59
    Episode_Reward/track_lin_vel_xy_exp: 0.5380
     Episode_Reward/track_ang_vel_z_exp: 0.5408
            Episode_Reward/lin_vel_z_l2: -0.0386
           Episode_Reward/ang_vel_xy_l2: -0.1439
          Episode_Reward/dof_torques_l2: -0.0989
              Episode_Reward/dof_acc_l2: -0.0960
          Episode_Reward/action_rate_l2: -0.1119
           Episode_Reward/feet_air_time: -0.0109
     Episode_Reward/flat_orientation_l2: -0.0229
          Episode_Reward/dof_pos_limits: 0.0000
                   Metrics/success_rate: 0.2951
     Metrics/base_velocity/error_vel_xy: 0.5659
    Metrics/base_velocity/error_vel_yaw: 0.2762
           Episode_Termination/time_out: 0.9811
       Episode_Termination/base_contact: 0.0189
--------------------------------------------------------------------------------
                         Iteration time: 1.30s
                           Time elapsed: 00:03:20
                                    ETA: 00:07:48

################################################################################
[1m                           Learning iteration 150/500                           [0m 

                            Total steps: 7421952 
                       Steps per second: 37639 
                        Collection time: 1.231s 
                          Learning time: 0.075s 
                        Mean value loss: 0.0206
                    Mean surrogate loss: -0.0073
                      Mean entropy loss: 10.2832
                            Mean reward: 12.82
                    Mean episode length: 978.00
                        Mean action std: 0.59
    Episode_Reward/track_lin_vel_xy_exp: 0.4967
     Episode_Reward/track_ang_vel_z_exp: 0.5366
            Episode_Reward/lin_vel_z_l2: -0.0380
           Episode_Reward/ang_vel_xy_l2: -0.1400
          Episode_Reward/dof_torques_l2: -0.0911
              Episode_Reward/dof_acc_l2: -0.0954
          Episode_Reward/action_rate_l2: -0.1082
           Episode_Reward/feet_air_time: -0.0110
     Episode_Reward/flat_orientation_l2: -0.0229
          Episode_Reward/dof_pos_limits: 0.0000
                   Metrics/success_rate: 0.3056
     Metrics/base_velocity/error_vel_xy: 0.5967
    Metrics/base_velocity/error_vel_yaw: 0.2834
           Episode_Termination/time_out: 0.9804
       Episode_Termination/base_contact: 0.0196
--------------------------------------------------------------------------------
                         Iteration time: 1.31s
                           Time elapsed: 00:03:22
                                    ETA: 00:07:47

################################################################################
[1m                           Learning iteration 151/500                           [0m 

                            Total steps: 7471104 
                       Steps per second: 36584 
                        Collection time: 1.291s 
                          Learning time: 0.053s 
                        Mean value loss: 0.0198
                    Mean surrogate loss: -0.0072
                      Mean entropy loss: 10.2923
                            Mean reward: 11.76
                    Mean episode length: 977.86
                        Mean action std: 0.59
    Episode_Reward/track_lin_vel_xy_exp: 0.6187
     Episode_Reward/track_ang_vel_z_exp: 0.5427
            Episode_Reward/lin_vel_z_l2: -0.0382
           Episode_Reward/ang_vel_xy_l2: -0.1447
          Episode_Reward/dof_torques_l2: -0.0937
              Episode_Reward/dof_acc_l2: -0.1022
          Episode_Reward/action_rate_l2: -0.1122
           Episode_Reward/feet_air_time: -0.0112
     Episode_Reward/flat_orientation_l2: -0.0226
          Episode_Reward/dof_pos_limits: 0.0000
                   Metrics/success_rate: 0.5500
     Metrics/base_velocity/error_vel_xy: 0.5327
    Metrics/base_velocity/error_vel_yaw: 0.2698
           Episode_Termination/time_out: 0.9802
       Episode_Termination/base_contact: 0.0198
--------------------------------------------------------------------------------
                         Iteration time: 1.34s
                           Time elapsed: 00:03:23
                                    ETA: 00:07:46

################################################################################
[1m                           Learning iteration 152/500                           [0m 

                            Total steps: 7520256 
                       Steps per second: 38246 
                        Collection time: 1.231s 
                          Learning time: 0.054s 
                        Mean value loss: 0.0161
                    Mean surrogate loss: -0.0073
                      Mean entropy loss: 10.3019
                            Mean reward: 13.09
                    Mean episode length: 987.38
                        Mean action std: 0.59
    Episode_Reward/track_lin_vel_xy_exp: 0.6909
     Episode_Reward/track_ang_vel_z_exp: 0.5546
            Episode_Reward/lin_vel_z_l2: -0.0381
           Episode_Reward/ang_vel_xy_l2: -0.1427
          Episode_Reward/dof_torques_l2: -0.0952
              Episode_Reward/dof_acc_l2: -0.0982
          Episode_Reward/action_rate_l2: -0.1127
           Episode_Reward/feet_air_time: -0.0099
     Episode_Reward/flat_orientation_l2: -0.0199
          Episode_Reward/dof_pos_limits: 0.0000
                   Metrics/success_rate: 0.4583
     Metrics/base_velocity/error_vel_xy: 0.4946
    Metrics/base_velocity/error_vel_yaw: 0.2586
           Episode_Termination/time_out: 0.9805
       Episode_Termination/base_contact: 0.0195
--------------------------------------------------------------------------------
                         Iteration time: 1.29s
                           Time elapsed: 00:03:24
                                    ETA: 00:07:44

################################################################################
[1m                           Learning iteration 153/500                           [0m 

                            Total steps: 7569408 
                       Steps per second: 38866 
                        Collection time: 1.203s 
                          Learning time: 0.062s 
                        Mean value loss: 0.0197
                    Mean surrogate loss: -0.0077
                      Mean entropy loss: 10.2942
                            Mean reward: 14.38
                    Mean episode length: 995.70
                        Mean action std: 0.59
    Episode_Reward/track_lin_vel_xy_exp: 0.7092
     Episode_Reward/track_ang_vel_z_exp: 0.5428
            Episode_Reward/lin_vel_z_l2: -0.0395
           Episode_Reward/ang_vel_xy_l2: -0.1452
          Episode_Reward/dof_torques_l2: -0.0920
              Episode_Reward/dof_acc_l2: -0.1017
          Episode_Reward/action_rate_l2: -0.1113
           Episode_Reward/feet_air_time: -0.0099
     Episode_Reward/flat_orientation_l2: -0.0251
          Episode_Reward/dof_pos_limits: 0.0000
                   Metrics/success_rate: 0.5382
     Metrics/base_velocity/error_vel_xy: 0.4763
    Metrics/base_velocity/error_vel_yaw: 0.2646
           Episode_Termination/time_out: 0.9797
       Episode_Termination/base_contact: 0.0203
--------------------------------------------------------------------------------
                         Iteration time: 1.26s
                           Time elapsed: 00:03:26
                                    ETA: 00:07:43

################################################################################
[1m                           Learning iteration 154/500                           [0m 

                            Total steps: 7618560 
                       Steps per second: 37980 
                        Collection time: 1.242s 
                          Learning time: 0.052s 
                        Mean value loss: 0.0158
                    Mean surrogate loss: -0.0071
                      Mean entropy loss: 10.2926
                            Mean reward: 13.70
                    Mean episode length: 979.01
                        Mean action std: 0.59
    Episode_Reward/track_lin_vel_xy_exp: 0.6457
     Episode_Reward/track_ang_vel_z_exp: 0.5405
            Episode_Reward/lin_vel_z_l2: -0.0371
           Episode_Reward/ang_vel_xy_l2: -0.1372
          Episode_Reward/dof_torques_l2: -0.0926
              Episode_Reward/dof_acc_l2: -0.0944
          Episode_Reward/action_rate_l2: -0.1090
           Episode_Reward/feet_air_time: -0.0109
     Episode_Reward/flat_orientation_l2: -0.0228
          Episode_Reward/dof_pos_limits: 0.0000
                   Metrics/success_rate: 0.4911
     Metrics/base_velocity/error_vel_xy: 0.4943
    Metrics/base_velocity/error_vel_yaw: 0.2739
           Episode_Termination/time_out: 0.9783
       Episode_Termination/base_contact: 0.0217
--------------------------------------------------------------------------------
                         Iteration time: 1.29s
                           Time elapsed: 00:03:27
                                    ETA: 00:07:41

################################################################################
[1m                           Learning iteration 155/500                           [0m 

                            Total steps: 7667712 
                       Steps per second: 38878 
                        Collection time: 1.195s 
                          Learning time: 0.069s 
                        Mean value loss: 0.0166
                    Mean surrogate loss: -0.0068
                      Mean entropy loss: 10.2939
                            Mean reward: 12.95
                    Mean episode length: 955.46
                        Mean action std: 0.59
    Episode_Reward/track_lin_vel_xy_exp: 0.6035
     Episode_Reward/track_ang_vel_z_exp: 0.5306
            Episode_Reward/lin_vel_z_l2: -0.0374
           Episode_Reward/ang_vel_xy_l2: -0.1366
          Episode_Reward/dof_torques_l2: -0.0936
              Episode_Reward/dof_acc_l2: -0.0924
          Episode_Reward/action_rate_l2: -0.1083
           Episode_Reward/feet_air_time: -0.0111
     Episode_Reward/flat_orientation_l2: -0.0263
          Episode_Reward/dof_pos_limits: 0.0000
                   Metrics/success_rate: 0.3208
     Metrics/base_velocity/error_vel_xy: 0.5321
    Metrics/base_velocity/error_vel_yaw: 0.2728
           Episode_Termination/time_out: 0.9773
       Episode_Termination/base_contact: 0.0227
--------------------------------------------------------------------------------
                         Iteration time: 1.26s
                           Time elapsed: 00:03:28
                                    ETA: 00:07:40

################################################################################
[1m                           Learning iteration 156/500                           [0m 

                            Total steps: 7716864 
                       Steps per second: 38289 
                        Collection time: 1.230s 
                          Learning time: 0.054s 
                        Mean value loss: 0.0128
                    Mean surrogate loss: -0.0074
                      Mean entropy loss: 10.2814
                            Mean reward: 12.91
                    Mean episode length: 951.54
                        Mean action std: 0.59
    Episode_Reward/track_lin_vel_xy_exp: 0.6022
     Episode_Reward/track_ang_vel_z_exp: 0.5306
            Episode_Reward/lin_vel_z_l2: -0.0363
           Episode_Reward/ang_vel_xy_l2: -0.1404
          Episode_Reward/dof_torques_l2: -0.0918
              Episode_Reward/dof_acc_l2: -0.0986
          Episode_Reward/action_rate_l2: -0.1091
           Episode_Reward/feet_air_time: -0.0109
     Episode_Reward/flat_orientation_l2: -0.0212
          Episode_Reward/dof_pos_limits: 0.0000
                   Metrics/success_rate: 0.3542
     Metrics/base_velocity/error_vel_xy: 0.5280
    Metrics/base_velocity/error_vel_yaw: 0.2862
           Episode_Termination/time_out: 0.9767
       Episode_Termination/base_contact: 0.0233
--------------------------------------------------------------------------------
                         Iteration time: 1.28s
                           Time elapsed: 00:03:29
                                    ETA: 00:07:38

################################################################################
[1m                           Learning iteration 157/500                           [0m 

                            Total steps: 7766016 
                       Steps per second: 39500 
                        Collection time: 1.190s 
                          Learning time: 0.054s 
                        Mean value loss: 0.0156
                    Mean surrogate loss: -0.0065
                      Mean entropy loss: 10.2795
                            Mean reward: 13.64
                    Mean episode length: 974.24
                        Mean action std: 0.59
    Episode_Reward/track_lin_vel_xy_exp: 0.7057
     Episode_Reward/track_ang_vel_z_exp: 0.5545
            Episode_Reward/lin_vel_z_l2: -0.0404
           Episode_Reward/ang_vel_xy_l2: -0.1387
          Episode_Reward/dof_torques_l2: -0.0983
              Episode_Reward/dof_acc_l2: -0.0984
          Episode_Reward/action_rate_l2: -0.1123
           Episode_Reward/feet_air_time: -0.0107
     Episode_Reward/flat_orientation_l2: -0.0245
          Episode_Reward/dof_pos_limits: 0.0000
                   Metrics/success_rate: 0.4604
     Metrics/base_velocity/error_vel_xy: 0.4777
    Metrics/base_velocity/error_vel_yaw: 0.2598
           Episode_Termination/time_out: 0.9766
       Episode_Termination/base_contact: 0.0234
--------------------------------------------------------------------------------
                         Iteration time: 1.24s
                           Time elapsed: 00:03:31
                                    ETA: 00:07:37

################################################################################
[1m                           Learning iteration 158/500                           [0m 

                            Total steps: 7815168 
                       Steps per second: 38129 
                        Collection time: 1.238s 
                          Learning time: 0.051s 
                        Mean value loss: 0.0170
                    Mean surrogate loss: -0.0064
                      Mean entropy loss: 10.2816
                            Mean reward: 14.69
                    Mean episode length: 990.85
                        Mean action std: 0.59
    Episode_Reward/track_lin_vel_xy_exp: 0.7173
     Episode_Reward/track_ang_vel_z_exp: 0.5517
            Episode_Reward/lin_vel_z_l2: -0.0382
           Episode_Reward/ang_vel_xy_l2: -0.1437
          Episode_Reward/dof_torques_l2: -0.1012
              Episode_Reward/dof_acc_l2: -0.1037
          Episode_Reward/action_rate_l2: -0.1156
           Episode_Reward/feet_air_time: -0.0112
     Episode_Reward/flat_orientation_l2: -0.0219
          Episode_Reward/dof_pos_limits: 0.0000
                   Metrics/success_rate: 0.5764
     Metrics/base_velocity/error_vel_xy: 0.4636
    Metrics/base_velocity/error_vel_yaw: 0.2619
           Episode_Termination/time_out: 0.9766
       Episode_Termination/base_contact: 0.0234
--------------------------------------------------------------------------------
                         Iteration time: 1.29s
                           Time elapsed: 00:03:32
                                    ETA: 00:07:35

################################################################################
[1m                           Learning iteration 159/500                           [0m 

                            Total steps: 7864320 
                       Steps per second: 38955 
                        Collection time: 1.204s 
                          Learning time: 0.057s 
                        Mean value loss: 0.0139
                    Mean surrogate loss: -0.0077
                      Mean entropy loss: 10.2586
                            Mean reward: 14.25
                    Mean episode length: 1000.00
                        Mean action std: 0.59
    Episode_Reward/track_lin_vel_xy_exp: 0.6478
     Episode_Reward/track_ang_vel_z_exp: 0.5518
            Episode_Reward/lin_vel_z_l2: -0.0416
           Episode_Reward/ang_vel_xy_l2: -0.1431
          Episode_Reward/dof_torques_l2: -0.0989
              Episode_Reward/dof_acc_l2: -0.1047
          Episode_Reward/action_rate_l2: -0.1144
           Episode_Reward/feet_air_time: -0.0108
     Episode_Reward/flat_orientation_l2: -0.0217
          Episode_Reward/dof_pos_limits: 0.0000
                   Metrics/success_rate: 0.4160
     Metrics/base_velocity/error_vel_xy: 0.5120
    Metrics/base_velocity/error_vel_yaw: 0.2615
           Episode_Termination/time_out: 0.9769
       Episode_Termination/base_contact: 0.0231
--------------------------------------------------------------------------------
                         Iteration time: 1.26s
                           Time elapsed: 00:03:33
                                    ETA: 00:07:34

################################################################################
[1m                           Learning iteration 160/500                           [0m 

                            Total steps: 7913472 
                       Steps per second: 38361 
                        Collection time: 1.197s 
                          Learning time: 0.084s 
                        Mean value loss: 0.0162
                    Mean surrogate loss: -0.0070
                      Mean entropy loss: 10.2394
                            Mean reward: 14.22
                    Mean episode length: 990.61
                        Mean action std: 0.59
    Episode_Reward/track_lin_vel_xy_exp: 0.7604
     Episode_Reward/track_ang_vel_z_exp: 0.5428
            Episode_Reward/lin_vel_z_l2: -0.0389
           Episode_Reward/ang_vel_xy_l2: -0.1374
          Episode_Reward/dof_torques_l2: -0.0972
              Episode_Reward/dof_acc_l2: -0.0985
          Episode_Reward/action_rate_l2: -0.1108
           Episode_Reward/feet_air_time: -0.0101
     Episode_Reward/flat_orientation_l2: -0.0234
          Episode_Reward/dof_pos_limits: 0.0000
                   Metrics/success_rate: 0.5875
     Metrics/base_velocity/error_vel_xy: 0.4464
    Metrics/base_velocity/error_vel_yaw: 0.2708
           Episode_Termination/time_out: 0.9768
       Episode_Termination/base_contact: 0.0232
--------------------------------------------------------------------------------
                         Iteration time: 1.28s
                           Time elapsed: 00:03:35
                                    ETA: 00:07:32

################################################################################
[1m                           Learning iteration 161/500                           [0m 

                            Total steps: 7962624 
                       Steps per second: 38783 
                        Collection time: 1.213s 
                          Learning time: 0.054s 
                        Mean value loss: 0.0156
                    Mean surrogate loss: -0.0078
                      Mean entropy loss: 10.2241
                            Mean reward: 15.44
                    Mean episode length: 973.13
                        Mean action std: 0.59
    Episode_Reward/track_lin_vel_xy_exp: 0.7850
     Episode_Reward/track_ang_vel_z_exp: 0.5364
            Episode_Reward/lin_vel_z_l2: -0.0396
           Episode_Reward/ang_vel_xy_l2: -0.1395
          Episode_Reward/dof_torques_l2: -0.0949
              Episode_Reward/dof_acc_l2: -0.0976
          Episode_Reward/action_rate_l2: -0.1093
           Episode_Reward/feet_air_time: -0.0106
     Episode_Reward/flat_orientation_l2: -0.0214
          Episode_Reward/dof_pos_limits: 0.0000
                   Metrics/success_rate: 0.7069
     Metrics/base_velocity/error_vel_xy: 0.4253
    Metrics/base_velocity/error_vel_yaw: 0.2633
           Episode_Termination/time_out: 0.9760
       Episode_Termination/base_contact: 0.0240
--------------------------------------------------------------------------------
                         Iteration time: 1.27s
                           Time elapsed: 00:03:36
                                    ETA: 00:07:31

################################################################################
[1m                           Learning iteration 162/500                           [0m 

                            Total steps: 8011776 
                       Steps per second: 33081 
                        Collection time: 1.425s 
                          Learning time: 0.060s 
                        Mean value loss: 0.0148
                    Mean surrogate loss: -0.0075
                      Mean entropy loss: 10.2095
                            Mean reward: 14.19
                    Mean episode length: 955.67
                        Mean action std: 0.58
    Episode_Reward/track_lin_vel_xy_exp: 0.6131
     Episode_Reward/track_ang_vel_z_exp: 0.5264
            Episode_Reward/lin_vel_z_l2: -0.0438
           Episode_Reward/ang_vel_xy_l2: -0.1399
          Episode_Reward/dof_torques_l2: -0.1010
              Episode_Reward/dof_acc_l2: -0.1121
          Episode_Reward/action_rate_l2: -0.1122
           Episode_Reward/feet_air_time: -0.0107
     Episode_Reward/flat_orientation_l2: -0.0258
          Episode_Reward/dof_pos_limits: 0.0000
                   Metrics/success_rate: 0.5201
     Metrics/base_velocity/error_vel_xy: 0.5399
    Metrics/base_velocity/error_vel_yaw: 0.2740
           Episode_Termination/time_out: 0.9748
       Episode_Termination/base_contact: 0.0252
--------------------------------------------------------------------------------
                         Iteration time: 1.49s
                           Time elapsed: 00:03:37
                                    ETA: 00:07:30

################################################################################
[1m                           Learning iteration 163/500                           [0m 

                            Total steps: 8060928 
                       Steps per second: 38716 
                        Collection time: 1.216s 
                          Learning time: 0.054s 
                        Mean value loss: 0.0191
                    Mean surrogate loss: -0.0079
                      Mean entropy loss: 10.2086
                            Mean reward: 13.61
                    Mean episode length: 938.25
                        Mean action std: 0.59
    Episode_Reward/track_lin_vel_xy_exp: 0.7191
     Episode_Reward/track_ang_vel_z_exp: 0.5134
            Episode_Reward/lin_vel_z_l2: -0.0407
           Episode_Reward/ang_vel_xy_l2: -0.1356
          Episode_Reward/dof_torques_l2: -0.0922
              Episode_Reward/dof_acc_l2: -0.1001
          Episode_Reward/action_rate_l2: -0.1075
           Episode_Reward/feet_air_time: -0.0107
     Episode_Reward/flat_orientation_l2: -0.0229
          Episode_Reward/dof_pos_limits: 0.0000
                   Metrics/success_rate: 0.5521
     Metrics/base_velocity/error_vel_xy: 0.4713
    Metrics/base_velocity/error_vel_yaw: 0.2870
           Episode_Termination/time_out: 0.9727
       Episode_Termination/base_contact: 0.0273
--------------------------------------------------------------------------------
                         Iteration time: 1.27s
                           Time elapsed: 00:03:39
                                    ETA: 00:07:28

################################################################################
[1m                           Learning iteration 164/500                           [0m 

                            Total steps: 8110080 
                       Steps per second: 36431 
                        Collection time: 1.293s 
                          Learning time: 0.056s 
                        Mean value loss: 0.0174
                    Mean surrogate loss: -0.0077
                      Mean entropy loss: 10.2294
                            Mean reward: 15.15
                    Mean episode length: 957.06
                        Mean action std: 0.59
    Episode_Reward/track_lin_vel_xy_exp: 0.7517
     Episode_Reward/track_ang_vel_z_exp: 0.5257
            Episode_Reward/lin_vel_z_l2: -0.0388
           Episode_Reward/ang_vel_xy_l2: -0.1359
          Episode_Reward/dof_torques_l2: -0.0919
              Episode_Reward/dof_acc_l2: -0.0980
          Episode_Reward/action_rate_l2: -0.1080
           Episode_Reward/feet_air_time: -0.0105
     Episode_Reward/flat_orientation_l2: -0.0216
          Episode_Reward/dof_pos_limits: 0.0000
                   Metrics/success_rate: 0.7438
     Metrics/base_velocity/error_vel_xy: 0.4377
    Metrics/base_velocity/error_vel_yaw: 0.2686
           Episode_Termination/time_out: 0.9724
       Episode_Termination/base_contact: 0.0276
--------------------------------------------------------------------------------
                         Iteration time: 1.35s
                           Time elapsed: 00:03:40
                                    ETA: 00:07:27

################################################################################
[1m                           Learning iteration 165/500                           [0m 

                            Total steps: 8159232 
                       Steps per second: 38713 
                        Collection time: 1.198s 
                          Learning time: 0.071s 
                        Mean value loss: 0.0165
                    Mean surrogate loss: -0.0090
                      Mean entropy loss: 10.2280
                            Mean reward: 14.80
                    Mean episode length: 953.57
                        Mean action std: 0.59
    Episode_Reward/track_lin_vel_xy_exp: 0.7004
     Episode_Reward/track_ang_vel_z_exp: 0.5308
            Episode_Reward/lin_vel_z_l2: -0.0406
           Episode_Reward/ang_vel_xy_l2: -0.1411
          Episode_Reward/dof_torques_l2: -0.0926
              Episode_Reward/dof_acc_l2: -0.1077
          Episode_Reward/action_rate_l2: -0.1112
           Episode_Reward/feet_air_time: -0.0109
     Episode_Reward/flat_orientation_l2: -0.0227
          Episode_Reward/dof_pos_limits: 0.0000
                   Metrics/success_rate: 0.5486
     Metrics/base_velocity/error_vel_xy: 0.4623
    Metrics/base_velocity/error_vel_yaw: 0.2674
           Episode_Termination/time_out: 0.9707
       Episode_Termination/base_contact: 0.0293
--------------------------------------------------------------------------------
                         Iteration time: 1.27s
                           Time elapsed: 00:03:41
                                    ETA: 00:07:26

################################################################################
[1m                           Learning iteration 166/500                           [0m 

                            Total steps: 8208384 
                       Steps per second: 41087 
                        Collection time: 1.145s 
                          Learning time: 0.051s 
                        Mean value loss: 0.0143
                    Mean surrogate loss: -0.0073
                      Mean entropy loss: 10.2091
                            Mean reward: 14.13
                    Mean episode length: 950.60
                        Mean action std: 0.58
    Episode_Reward/track_lin_vel_xy_exp: 0.7456
     Episode_Reward/track_ang_vel_z_exp: 0.5373
            Episode_Reward/lin_vel_z_l2: -0.0409
           Episode_Reward/ang_vel_xy_l2: -0.1428
          Episode_Reward/dof_torques_l2: -0.0959
              Episode_Reward/dof_acc_l2: -0.1110
          Episode_Reward/action_rate_l2: -0.1132
           Episode_Reward/feet_air_time: -0.0110
     Episode_Reward/flat_orientation_l2: -0.0223
          Episode_Reward/dof_pos_limits: 0.0000
                   Metrics/success_rate: 0.6215
     Metrics/base_velocity/error_vel_xy: 0.4492
    Metrics/base_velocity/error_vel_yaw: 0.2809
           Episode_Termination/time_out: 0.9690
       Episode_Termination/base_contact: 0.0310
--------------------------------------------------------------------------------
                         Iteration time: 1.20s
                           Time elapsed: 00:03:42
                                    ETA: 00:07:24

################################################################################
[1m                           Learning iteration 167/500                           [0m 

                            Total steps: 8257536 
                       Steps per second: 40351 
                        Collection time: 1.167s 
                          Learning time: 0.051s 
                        Mean value loss: 0.0121
                    Mean surrogate loss: -0.0079
                      Mean entropy loss: 10.1890
                            Mean reward: 15.06
                    Mean episode length: 975.52
                        Mean action std: 0.58
    Episode_Reward/track_lin_vel_xy_exp: 0.7960
     Episode_Reward/track_ang_vel_z_exp: 0.5571
            Episode_Reward/lin_vel_z_l2: -0.0413
           Episode_Reward/ang_vel_xy_l2: -0.1416
          Episode_Reward/dof_torques_l2: -0.0988
              Episode_Reward/dof_acc_l2: -0.1045
          Episode_Reward/action_rate_l2: -0.1141
           Episode_Reward/feet_air_time: -0.0106
     Episode_Reward/flat_orientation_l2: -0.0209
          Episode_Reward/dof_pos_limits: 0.0000
                   Metrics/success_rate: 0.6736
     Metrics/base_velocity/error_vel_xy: 0.4271
    Metrics/base_velocity/error_vel_yaw: 0.2564
           Episode_Termination/time_out: 0.9690
       Episode_Termination/base_contact: 0.0310
--------------------------------------------------------------------------------
                         Iteration time: 1.22s
                           Time elapsed: 00:03:44
                                    ETA: 00:07:22

################################################################################
[1m                           Learning iteration 168/500                           [0m 

                            Total steps: 8306688 
                       Steps per second: 38427 
                        Collection time: 1.227s 
                          Learning time: 0.052s 
                        Mean value loss: 0.0135
                    Mean surrogate loss: -0.0086
                      Mean entropy loss: 10.1598
                            Mean reward: 16.50
                    Mean episode length: 990.74
                        Mean action std: 0.58
    Episode_Reward/track_lin_vel_xy_exp: 0.8468
     Episode_Reward/track_ang_vel_z_exp: 0.5529
            Episode_Reward/lin_vel_z_l2: -0.0419
           Episode_Reward/ang_vel_xy_l2: -0.1406
          Episode_Reward/dof_torques_l2: -0.1025
              Episode_Reward/dof_acc_l2: -0.1130
          Episode_Reward/action_rate_l2: -0.1174
           Episode_Reward/feet_air_time: -0.0115
     Episode_Reward/flat_orientation_l2: -0.0211
          Episode_Reward/dof_pos_limits: 0.0000
                   Metrics/success_rate: 0.7232
     Metrics/base_velocity/error_vel_xy: 0.3972
    Metrics/base_velocity/error_vel_yaw: 0.2599
           Episode_Termination/time_out: 0.9694
       Episode_Termination/base_contact: 0.0306
--------------------------------------------------------------------------------
                         Iteration time: 1.28s
                           Time elapsed: 00:03:45
                                    ETA: 00:07:21

################################################################################
[1m                           Learning iteration 169/500                           [0m 

                            Total steps: 8355840 
                       Steps per second: 39711 
                        Collection time: 1.185s 
                          Learning time: 0.052s 
                        Mean value loss: 0.0172
                    Mean surrogate loss: -0.0071
                      Mean entropy loss: 10.1540
                            Mean reward: 15.98
                    Mean episode length: 976.90
                        Mean action std: 0.58
    Episode_Reward/track_lin_vel_xy_exp: 0.7900
     Episode_Reward/track_ang_vel_z_exp: 0.5374
            Episode_Reward/lin_vel_z_l2: -0.0409
           Episode_Reward/ang_vel_xy_l2: -0.1377
          Episode_Reward/dof_torques_l2: -0.0951
              Episode_Reward/dof_acc_l2: -0.1065
          Episode_Reward/action_rate_l2: -0.1117
           Episode_Reward/feet_air_time: -0.0109
     Episode_Reward/flat_orientation_l2: -0.0230
          Episode_Reward/dof_pos_limits: 0.0000
                   Metrics/success_rate: 0.6597
     Metrics/base_velocity/error_vel_xy: 0.4224
    Metrics/base_velocity/error_vel_yaw: 0.2652
           Episode_Termination/time_out: 0.9683
       Episode_Termination/base_contact: 0.0317
--------------------------------------------------------------------------------
                         Iteration time: 1.24s
                           Time elapsed: 00:03:46
                                    ETA: 00:07:19

################################################################################
[1m                           Learning iteration 170/500                           [0m 

                            Total steps: 8404992 
                       Steps per second: 39115 
                        Collection time: 1.205s 
                          Learning time: 0.052s 
                        Mean value loss: 0.0174
                    Mean surrogate loss: -0.0076
                      Mean entropy loss: 10.1416
                            Mean reward: 15.37
                    Mean episode length: 987.36
                        Mean action std: 0.58
    Episode_Reward/track_lin_vel_xy_exp: 0.7905
     Episode_Reward/track_ang_vel_z_exp: 0.5410
            Episode_Reward/lin_vel_z_l2: -0.0421
           Episode_Reward/ang_vel_xy_l2: -0.1434
          Episode_Reward/dof_torques_l2: -0.0967
              Episode_Reward/dof_acc_l2: -0.1126
          Episode_Reward/action_rate_l2: -0.1153
           Episode_Reward/feet_air_time: -0.0115
     Episode_Reward/flat_orientation_l2: -0.0267
          Episode_Reward/dof_pos_limits: 0.0000
                   Metrics/success_rate: 0.7007
     Metrics/base_velocity/error_vel_xy: 0.4245
    Metrics/base_velocity/error_vel_yaw: 0.2739
           Episode_Termination/time_out: 0.9676
       Episode_Termination/base_contact: 0.0324
--------------------------------------------------------------------------------
                         Iteration time: 1.26s
                           Time elapsed: 00:03:47
                                    ETA: 00:07:18

################################################################################
[1m                           Learning iteration 171/500                           [0m 

                            Total steps: 8454144 
                       Steps per second: 38664 
                        Collection time: 1.217s 
                          Learning time: 0.054s 
                        Mean value loss: 0.0250
                    Mean surrogate loss: -0.0083
                      Mean entropy loss: 10.1396
                            Mean reward: 17.32
                    Mean episode length: 990.46
                        Mean action std: 0.58
    Episode_Reward/track_lin_vel_xy_exp: 0.8371
     Episode_Reward/track_ang_vel_z_exp: 0.5500
            Episode_Reward/lin_vel_z_l2: -0.0425
           Episode_Reward/ang_vel_xy_l2: -0.1418
          Episode_Reward/dof_torques_l2: -0.0991
              Episode_Reward/dof_acc_l2: -0.1138
          Episode_Reward/action_rate_l2: -0.1158
           Episode_Reward/feet_air_time: -0.0113
     Episode_Reward/flat_orientation_l2: -0.0209
          Episode_Reward/dof_pos_limits: 0.0000
                   Metrics/success_rate: 0.7495
     Metrics/base_velocity/error_vel_xy: 0.4027
    Metrics/base_velocity/error_vel_yaw: 0.2635
           Episode_Termination/time_out: 0.9668
       Episode_Termination/base_contact: 0.0332
--------------------------------------------------------------------------------
                         Iteration time: 1.27s
                           Time elapsed: 00:03:49
                                    ETA: 00:07:16

################################################################################
[1m                           Learning iteration 172/500                           [0m 

                            Total steps: 8503296 
                       Steps per second: 35271 
                        Collection time: 1.334s 
                          Learning time: 0.059s 
                        Mean value loss: 0.0195
                    Mean surrogate loss: -0.0080
                      Mean entropy loss: 10.1669
                            Mean reward: 16.24
                    Mean episode length: 940.35
                        Mean action std: 0.58
    Episode_Reward/track_lin_vel_xy_exp: 0.8095
     Episode_Reward/track_ang_vel_z_exp: 0.5200
            Episode_Reward/lin_vel_z_l2: -0.0435
           Episode_Reward/ang_vel_xy_l2: -0.1375
          Episode_Reward/dof_torques_l2: -0.0953
              Episode_Reward/dof_acc_l2: -0.1089
          Episode_Reward/action_rate_l2: -0.1098
           Episode_Reward/feet_air_time: -0.0099
     Episode_Reward/flat_orientation_l2: -0.0226
          Episode_Reward/dof_pos_limits: 0.0000
                   Metrics/success_rate: 0.7056
     Metrics/base_velocity/error_vel_xy: 0.4097
    Metrics/base_velocity/error_vel_yaw: 0.2910
           Episode_Termination/time_out: 0.9653
       Episode_Termination/base_contact: 0.0347
--------------------------------------------------------------------------------
                         Iteration time: 1.39s
                           Time elapsed: 00:03:50
                                    ETA: 00:07:15

################################################################################
[1m                           Learning iteration 173/500                           [0m 

                            Total steps: 8552448 
                       Steps per second: 39174 
                        Collection time: 1.200s 
                          Learning time: 0.054s 
                        Mean value loss: 0.0166
                    Mean surrogate loss: -0.0076
                      Mean entropy loss: 10.1824
                            Mean reward: 16.01
                    Mean episode length: 978.71
                        Mean action std: 0.58
    Episode_Reward/track_lin_vel_xy_exp: 0.8048
     Episode_Reward/track_ang_vel_z_exp: 0.5465
            Episode_Reward/lin_vel_z_l2: -0.0454
           Episode_Reward/ang_vel_xy_l2: -0.1453
          Episode_Reward/dof_torques_l2: -0.1019
              Episode_Reward/dof_acc_l2: -0.1156
          Episode_Reward/action_rate_l2: -0.1169
           Episode_Reward/feet_air_time: -0.0110
     Episode_Reward/flat_orientation_l2: -0.0201
          Episode_Reward/dof_pos_limits: 0.0000
                   Metrics/success_rate: 0.6882
     Metrics/base_velocity/error_vel_xy: 0.4223
    Metrics/base_velocity/error_vel_yaw: 0.2654
           Episode_Termination/time_out: 0.9636
       Episode_Termination/base_contact: 0.0364
--------------------------------------------------------------------------------
                         Iteration time: 1.25s
                           Time elapsed: 00:03:51
                                    ETA: 00:07:14

################################################################################
[1m                           Learning iteration 174/500                           [0m 

                            Total steps: 8601600 
                       Steps per second: 38964 
                        Collection time: 1.204s 
                          Learning time: 0.058s 
                        Mean value loss: 0.0158
                    Mean surrogate loss: -0.0088
                      Mean entropy loss: 10.1803
                            Mean reward: 16.38
                    Mean episode length: 960.97
                        Mean action std: 0.58
    Episode_Reward/track_lin_vel_xy_exp: 0.8045
     Episode_Reward/track_ang_vel_z_exp: 0.5269
            Episode_Reward/lin_vel_z_l2: -0.0415
           Episode_Reward/ang_vel_xy_l2: -0.1399
          Episode_Reward/dof_torques_l2: -0.0948
              Episode_Reward/dof_acc_l2: -0.1081
          Episode_Reward/action_rate_l2: -0.1106
           Episode_Reward/feet_air_time: -0.0105
     Episode_Reward/flat_orientation_l2: -0.0209
          Episode_Reward/dof_pos_limits: 0.0000
                   Metrics/success_rate: 0.7545
     Metrics/base_velocity/error_vel_xy: 0.4141
    Metrics/base_velocity/error_vel_yaw: 0.2862
           Episode_Termination/time_out: 0.9632
       Episode_Termination/base_contact: 0.0368
--------------------------------------------------------------------------------
                         Iteration time: 1.26s
                           Time elapsed: 00:03:53
                                    ETA: 00:07:12

################################################################################
[1m                           Learning iteration 175/500                           [0m 

                            Total steps: 8650752 
                       Steps per second: 39144 
                        Collection time: 1.200s 
                          Learning time: 0.056s 
                        Mean value loss: 0.0134
                    Mean surrogate loss: -0.0090
                      Mean entropy loss: 10.1366
                            Mean reward: 15.96
                    Mean episode length: 957.66
                        Mean action std: 0.58
    Episode_Reward/track_lin_vel_xy_exp: 0.8192
     Episode_Reward/track_ang_vel_z_exp: 0.5253
            Episode_Reward/lin_vel_z_l2: -0.0435
           Episode_Reward/ang_vel_xy_l2: -0.1401
          Episode_Reward/dof_torques_l2: -0.0981
              Episode_Reward/dof_acc_l2: -0.1166
          Episode_Reward/action_rate_l2: -0.1119
           Episode_Reward/feet_air_time: -0.0108
     Episode_Reward/flat_orientation_l2: -0.0232
          Episode_Reward/dof_pos_limits: 0.0000
                   Metrics/success_rate: 0.8118
     Metrics/base_velocity/error_vel_xy: 0.4211
    Metrics/base_velocity/error_vel_yaw: 0.2813
           Episode_Termination/time_out: 0.9618
       Episode_Termination/base_contact: 0.0382
--------------------------------------------------------------------------------
                         Iteration time: 1.26s
                           Time elapsed: 00:03:54
                                    ETA: 00:07:11

################################################################################
[1m                           Learning iteration 176/500                           [0m 

                            Total steps: 8699904 
                       Steps per second: 39581 
                        Collection time: 1.190s 
                          Learning time: 0.052s 
                        Mean value loss: 0.0171
                    Mean surrogate loss: -0.0088
                      Mean entropy loss: 10.1081
                            Mean reward: 16.51
                    Mean episode length: 992.58
                        Mean action std: 0.58
    Episode_Reward/track_lin_vel_xy_exp: 0.8507
     Episode_Reward/track_ang_vel_z_exp: 0.5397
            Episode_Reward/lin_vel_z_l2: -0.0484
           Episode_Reward/ang_vel_xy_l2: -0.1444
          Episode_Reward/dof_torques_l2: -0.1007
              Episode_Reward/dof_acc_l2: -0.1189
          Episode_Reward/action_rate_l2: -0.1166
           Episode_Reward/feet_air_time: -0.0118
     Episode_Reward/flat_orientation_l2: -0.0226
          Episode_Reward/dof_pos_limits: 0.0000
                   Metrics/success_rate: 0.7690
     Metrics/base_velocity/error_vel_xy: 0.3933
    Metrics/base_velocity/error_vel_yaw: 0.2654
           Episode_Termination/time_out: 0.9620
       Episode_Termination/base_contact: 0.0380
--------------------------------------------------------------------------------
                         Iteration time: 1.24s
                           Time elapsed: 00:03:55
                                    ETA: 00:07:09

################################################################################
[1m                           Learning iteration 177/500                           [0m 

                            Total steps: 8749056 
                       Steps per second: 38993 
                        Collection time: 1.186s 
                          Learning time: 0.074s 
                        Mean value loss: 0.0117
                    Mean surrogate loss: -0.0082
                      Mean entropy loss: 10.0967
                            Mean reward: 15.58
                    Mean episode length: 964.77
                        Mean action std: 0.58
    Episode_Reward/track_lin_vel_xy_exp: 0.8311
     Episode_Reward/track_ang_vel_z_exp: 0.5312
            Episode_Reward/lin_vel_z_l2: -0.0462
           Episode_Reward/ang_vel_xy_l2: -0.1416
          Episode_Reward/dof_torques_l2: -0.0993
              Episode_Reward/dof_acc_l2: -0.1195
          Episode_Reward/action_rate_l2: -0.1153
           Episode_Reward/feet_air_time: -0.0109
     Episode_Reward/flat_orientation_l2: -0.0222
          Episode_Reward/dof_pos_limits: 0.0000
                   Metrics/success_rate: 0.7438
     Metrics/base_velocity/error_vel_xy: 0.4040
    Metrics/base_velocity/error_vel_yaw: 0.2747
           Episode_Termination/time_out: 0.9610
       Episode_Termination/base_contact: 0.0390
--------------------------------------------------------------------------------
                         Iteration time: 1.26s
                           Time elapsed: 00:03:56
                                    ETA: 00:07:08

################################################################################
[1m                           Learning iteration 178/500                           [0m 

                            Total steps: 8798208 
                       Steps per second: 39626 
                        Collection time: 1.186s 
                          Learning time: 0.055s 
                        Mean value loss: 0.0121
                    Mean surrogate loss: -0.0078
                      Mean entropy loss: 10.0461
                            Mean reward: 15.76
                    Mean episode length: 946.95
                        Mean action std: 0.58
    Episode_Reward/track_lin_vel_xy_exp: 0.8737
     Episode_Reward/track_ang_vel_z_exp: 0.5150
            Episode_Reward/lin_vel_z_l2: -0.0463
           Episode_Reward/ang_vel_xy_l2: -0.1413
          Episode_Reward/dof_torques_l2: -0.0953
              Episode_Reward/dof_acc_l2: -0.1157
          Episode_Reward/action_rate_l2: -0.1125
           Episode_Reward/feet_air_time: -0.0111
     Episode_Reward/flat_orientation_l2: -0.0213
          Episode_Reward/dof_pos_limits: 0.0000
                   Metrics/success_rate: 0.7625
     Metrics/base_velocity/error_vel_xy: 0.3813
    Metrics/base_velocity/error_vel_yaw: 0.2841
           Episode_Termination/time_out: 0.9604
       Episode_Termination/base_contact: 0.0396
--------------------------------------------------------------------------------
                         Iteration time: 1.24s
                           Time elapsed: 00:03:58
                                    ETA: 00:07:06

################################################################################
[1m                           Learning iteration 179/500                           [0m 

                            Total steps: 8847360 
                       Steps per second: 39160 
                        Collection time: 1.201s 
                          Learning time: 0.054s 
                        Mean value loss: 0.0159
                    Mean surrogate loss: -0.0084
                      Mean entropy loss: 10.0125
                            Mean reward: 17.37
                    Mean episode length: 965.62
                        Mean action std: 0.57
    Episode_Reward/track_lin_vel_xy_exp: 0.8584
     Episode_Reward/track_ang_vel_z_exp: 0.5210
            Episode_Reward/lin_vel_z_l2: -0.0462
           Episode_Reward/ang_vel_xy_l2: -0.1412
          Episode_Reward/dof_torques_l2: -0.0962
              Episode_Reward/dof_acc_l2: -0.1190
          Episode_Reward/action_rate_l2: -0.1139
           Episode_Reward/feet_air_time: -0.0114
     Episode_Reward/flat_orientation_l2: -0.0233
          Episode_Reward/dof_pos_limits: 0.0000
                   Metrics/success_rate: 0.7972
     Metrics/base_velocity/error_vel_xy: 0.3935
    Metrics/base_velocity/error_vel_yaw: 0.3017
           Episode_Termination/time_out: 0.9603
       Episode_Termination/base_contact: 0.0397
--------------------------------------------------------------------------------
                         Iteration time: 1.26s
                           Time elapsed: 00:03:59
                                    ETA: 00:07:05

################################################################################
[1m                           Learning iteration 180/500                           [0m 

                            Total steps: 8896512 
                       Steps per second: 36480 
                        Collection time: 1.293s 
                          Learning time: 0.054s 
                        Mean value loss: 0.0137
                    Mean surrogate loss: -0.0081
                      Mean entropy loss: 10.0014
                            Mean reward: 18.98
                    Mean episode length: 981.43
                        Mean action std: 0.57
    Episode_Reward/track_lin_vel_xy_exp: 1.0040
     Episode_Reward/track_ang_vel_z_exp: 0.5578
            Episode_Reward/lin_vel_z_l2: -0.0453
           Episode_Reward/ang_vel_xy_l2: -0.1434
          Episode_Reward/dof_torques_l2: -0.1007
              Episode_Reward/dof_acc_l2: -0.1147
          Episode_Reward/action_rate_l2: -0.1171
           Episode_Reward/feet_air_time: -0.0116
     Episode_Reward/flat_orientation_l2: -0.0186
          Episode_Reward/dof_pos_limits: 0.0000
                   Metrics/success_rate: 0.8840
     Metrics/base_velocity/error_vel_xy: 0.3169
    Metrics/base_velocity/error_vel_yaw: 0.2556
           Episode_Termination/time_out: 0.9611
       Episode_Termination/base_contact: 0.0389
--------------------------------------------------------------------------------
                         Iteration time: 1.35s
                           Time elapsed: 00:04:00
                                    ETA: 00:07:04

################################################################################
[1m                           Learning iteration 181/500                           [0m 

                            Total steps: 8945664 
                       Steps per second: 37628 
                        Collection time: 1.252s 
                          Learning time: 0.054s 
                        Mean value loss: 0.0111
                    Mean surrogate loss: -0.0083
                      Mean entropy loss: 9.9679
                            Mean reward: 17.84
                    Mean episode length: 971.69
                        Mean action std: 0.57
    Episode_Reward/track_lin_vel_xy_exp: 0.8889
     Episode_Reward/track_ang_vel_z_exp: 0.5357
            Episode_Reward/lin_vel_z_l2: -0.0519
           Episode_Reward/ang_vel_xy_l2: -0.1488
          Episode_Reward/dof_torques_l2: -0.1023
              Episode_Reward/dof_acc_l2: -0.1304
          Episode_Reward/action_rate_l2: -0.1189
           Episode_Reward/feet_air_time: -0.0116
     Episode_Reward/flat_orientation_l2: -0.0203
          Episode_Reward/dof_pos_limits: 0.0000
                   Metrics/success_rate: 0.9236
     Metrics/base_velocity/error_vel_xy: 0.3713
    Metrics/base_velocity/error_vel_yaw: 0.2774
           Episode_Termination/time_out: 0.9612
       Episode_Termination/base_contact: 0.0388
--------------------------------------------------------------------------------
                         Iteration time: 1.31s
                           Time elapsed: 00:04:01
                                    ETA: 00:07:02

################################################################################
[1m                           Learning iteration 182/500                           [0m 

                            Total steps: 8994816 
                       Steps per second: 36583 
                        Collection time: 1.289s 
                          Learning time: 0.055s 
                        Mean value loss: 0.0131
                    Mean surrogate loss: -0.0068
                      Mean entropy loss: 9.9387
                            Mean reward: 18.20
                    Mean episode length: 980.83
                        Mean action std: 0.57
    Episode_Reward/track_lin_vel_xy_exp: 0.9572
     Episode_Reward/track_ang_vel_z_exp: 0.5507
            Episode_Reward/lin_vel_z_l2: -0.0479
           Episode_Reward/ang_vel_xy_l2: -0.1458
          Episode_Reward/dof_torques_l2: -0.1036
              Episode_Reward/dof_acc_l2: -0.1256
          Episode_Reward/action_rate_l2: -0.1199
           Episode_Reward/feet_air_time: -0.0117
     Episode_Reward/flat_orientation_l2: -0.0187
          Episode_Reward/dof_pos_limits: 0.0000
                   Metrics/success_rate: 0.8125
     Metrics/base_velocity/error_vel_xy: 0.3420
    Metrics/base_velocity/error_vel_yaw: 0.2630
           Episode_Termination/time_out: 0.9604
       Episode_Termination/base_contact: 0.0396
--------------------------------------------------------------------------------
                         Iteration time: 1.34s
                           Time elapsed: 00:04:03
                                    ETA: 00:07:01

################################################################################
[1m                           Learning iteration 183/500                           [0m 

                            Total steps: 9043968 
                       Steps per second: 38136 
                        Collection time: 1.235s 
                          Learning time: 0.054s 
                        Mean value loss: 0.0108
                    Mean surrogate loss: -0.0066
                      Mean entropy loss: 9.9262
                            Mean reward: 18.03
                    Mean episode length: 961.37
                        Mean action std: 0.57
    Episode_Reward/track_lin_vel_xy_exp: 0.8544
     Episode_Reward/track_ang_vel_z_exp: 0.4992
            Episode_Reward/lin_vel_z_l2: -0.0477
           Episode_Reward/ang_vel_xy_l2: -0.1381
          Episode_Reward/dof_torques_l2: -0.0985
              Episode_Reward/dof_acc_l2: -0.1194
          Episode_Reward/action_rate_l2: -0.1101
           Episode_Reward/feet_air_time: -0.0102
     Episode_Reward/flat_orientation_l2: -0.0247
          Episode_Reward/dof_pos_limits: 0.0000
                   Metrics/success_rate: 0.7986
     Metrics/base_velocity/error_vel_xy: 0.3694
    Metrics/base_velocity/error_vel_yaw: 0.2892
           Episode_Termination/time_out: 0.9608
       Episode_Termination/base_contact: 0.0392
--------------------------------------------------------------------------------
                         Iteration time: 1.29s
                           Time elapsed: 00:04:04
                                    ETA: 00:07:00

################################################################################
[1m                           Learning iteration 184/500                           [0m 

                            Total steps: 9093120 
                       Steps per second: 37796 
                        Collection time: 1.249s 
                          Learning time: 0.052s 
                        Mean value loss: 0.0122
                    Mean surrogate loss: -0.0075
                      Mean entropy loss: 9.9017
                            Mean reward: 16.94
                    Mean episode length: 950.49
                        Mean action std: 0.57
    Episode_Reward/track_lin_vel_xy_exp: 0.8697
     Episode_Reward/track_ang_vel_z_exp: 0.5236
            Episode_Reward/lin_vel_z_l2: -0.0534
           Episode_Reward/ang_vel_xy_l2: -0.1493
          Episode_Reward/dof_torques_l2: -0.0973
              Episode_Reward/dof_acc_l2: -0.1331
          Episode_Reward/action_rate_l2: -0.1175
           Episode_Reward/feet_air_time: -0.0116
     Episode_Reward/flat_orientation_l2: -0.0239
          Episode_Reward/dof_pos_limits: 0.0000
                   Metrics/success_rate: 0.8472
     Metrics/base_velocity/error_vel_xy: 0.3735
    Metrics/base_velocity/error_vel_yaw: 0.2769
           Episode_Termination/time_out: 0.9596
       Episode_Termination/base_contact: 0.0404
--------------------------------------------------------------------------------
                         Iteration time: 1.30s
                           Time elapsed: 00:04:05
                                    ETA: 00:06:58

################################################################################
[1m                           Learning iteration 185/500                           [0m 

                            Total steps: 9142272 
                       Steps per second: 37122 
                        Collection time: 1.265s 
                          Learning time: 0.059s 
                        Mean value loss: 0.0131
                    Mean surrogate loss: -0.0080
                      Mean entropy loss: 9.8713
                            Mean reward: 17.45
                    Mean episode length: 966.68
                        Mean action std: 0.57
    Episode_Reward/track_lin_vel_xy_exp: 0.9882
     Episode_Reward/track_ang_vel_z_exp: 0.5330
            Episode_Reward/lin_vel_z_l2: -0.0504
           Episode_Reward/ang_vel_xy_l2: -0.1434
          Episode_Reward/dof_torques_l2: -0.0967
              Episode_Reward/dof_acc_l2: -0.1245
          Episode_Reward/action_rate_l2: -0.1165
           Episode_Reward/feet_air_time: -0.0111
     Episode_Reward/flat_orientation_l2: -0.0229
          Episode_Reward/dof_pos_limits: 0.0000
                   Metrics/success_rate: 0.9167
     Metrics/base_velocity/error_vel_xy: 0.3180
    Metrics/base_velocity/error_vel_yaw: 0.2660
           Episode_Termination/time_out: 0.9590
       Episode_Termination/base_contact: 0.0410
--------------------------------------------------------------------------------
                         Iteration time: 1.32s
                           Time elapsed: 00:04:07
                                    ETA: 00:06:57

################################################################################
[1m                           Learning iteration 186/500                           [0m 

                            Total steps: 9191424 
                       Steps per second: 38370 
                        Collection time: 1.227s 
                          Learning time: 0.054s 
                        Mean value loss: 0.0114
                    Mean surrogate loss: -0.0073
                      Mean entropy loss: 9.8432
                            Mean reward: 18.46
                    Mean episode length: 979.89
                        Mean action std: 0.57
    Episode_Reward/track_lin_vel_xy_exp: 0.9929
     Episode_Reward/track_ang_vel_z_exp: 0.5465
            Episode_Reward/lin_vel_z_l2: -0.0516
           Episode_Reward/ang_vel_xy_l2: -0.1462
          Episode_Reward/dof_torques_l2: -0.1037
              Episode_Reward/dof_acc_l2: -0.1285
          Episode_Reward/action_rate_l2: -0.1205
           Episode_Reward/feet_air_time: -0.0111
     Episode_Reward/flat_orientation_l2: -0.0202
          Episode_Reward/dof_pos_limits: 0.0000
                   Metrics/success_rate: 0.9514
     Metrics/base_velocity/error_vel_xy: 0.3205
    Metrics/base_velocity/error_vel_yaw: 0.2628
           Episode_Termination/time_out: 0.9586
       Episode_Termination/base_contact: 0.0414
--------------------------------------------------------------------------------
                         Iteration time: 1.28s
                           Time elapsed: 00:04:08
                                    ETA: 00:06:55

################################################################################
[1m                           Learning iteration 187/500                           [0m 

                            Total steps: 9240576 
                       Steps per second: 37087 
                        Collection time: 1.256s 
                          Learning time: 0.070s 
                        Mean value loss: 0.0105
                    Mean surrogate loss: -0.0064
                      Mean entropy loss: 9.8182
                            Mean reward: 19.29
                    Mean episode length: 983.29
                        Mean action std: 0.56
    Episode_Reward/track_lin_vel_xy_exp: 0.9889
     Episode_Reward/track_ang_vel_z_exp: 0.5473
            Episode_Reward/lin_vel_z_l2: -0.0507
           Episode_Reward/ang_vel_xy_l2: -0.1488
          Episode_Reward/dof_torques_l2: -0.1040
              Episode_Reward/dof_acc_l2: -0.1319
          Episode_Reward/action_rate_l2: -0.1217
           Episode_Reward/feet_air_time: -0.0118
     Episode_Reward/flat_orientation_l2: -0.0194
          Episode_Reward/dof_pos_limits: 0.0000
                   Metrics/success_rate: 0.9500
     Metrics/base_velocity/error_vel_xy: 0.3271
    Metrics/base_velocity/error_vel_yaw: 0.2656
           Episode_Termination/time_out: 0.9595
       Episode_Termination/base_contact: 0.0405
--------------------------------------------------------------------------------
                         Iteration time: 1.33s
                           Time elapsed: 00:04:09
                                    ETA: 00:06:54

################################################################################
[1m                           Learning iteration 188/500                           [0m 

                            Total steps: 9289728 
                       Steps per second: 38303 
                        Collection time: 1.231s 
                          Learning time: 0.052s 
                        Mean value loss: 0.0106
                    Mean surrogate loss: -0.0073
                      Mean entropy loss: 9.8065
                            Mean reward: 19.46
                    Mean episode length: 978.81
                        Mean action std: 0.56
    Episode_Reward/track_lin_vel_xy_exp: 1.0219
     Episode_Reward/track_ang_vel_z_exp: 0.5292
            Episode_Reward/lin_vel_z_l2: -0.0481
           Episode_Reward/ang_vel_xy_l2: -0.1426
          Episode_Reward/dof_torques_l2: -0.0991
              Episode_Reward/dof_acc_l2: -0.1187
          Episode_Reward/action_rate_l2: -0.1157
           Episode_Reward/feet_air_time: -0.0109
     Episode_Reward/flat_orientation_l2: -0.0210
          Episode_Reward/dof_pos_limits: 0.0000
                   Metrics/success_rate: 0.9583
     Metrics/base_velocity/error_vel_xy: 0.3036
    Metrics/base_velocity/error_vel_yaw: 0.2666
           Episode_Termination/time_out: 0.9590
       Episode_Termination/base_contact: 0.0410
--------------------------------------------------------------------------------
                         Iteration time: 1.28s
                           Time elapsed: 00:04:11
                                    ETA: 00:06:53

################################################################################
[1m                           Learning iteration 189/500                           [0m 

                            Total steps: 9338880 
                       Steps per second: 36190 
                        Collection time: 1.302s 
                          Learning time: 0.056s 
                        Mean value loss: 0.0128
                    Mean surrogate loss: -0.0074
                      Mean entropy loss: 9.8003
                            Mean reward: 18.78
                    Mean episode length: 959.95
                        Mean action std: 0.56
    Episode_Reward/track_lin_vel_xy_exp: 0.8607
     Episode_Reward/track_ang_vel_z_exp: 0.4889
            Episode_Reward/lin_vel_z_l2: -0.0490
           Episode_Reward/ang_vel_xy_l2: -0.1349
          Episode_Reward/dof_torques_l2: -0.0931
              Episode_Reward/dof_acc_l2: -0.1181
          Episode_Reward/action_rate_l2: -0.1099
           Episode_Reward/feet_air_time: -0.0110
     Episode_Reward/flat_orientation_l2: -0.0256
          Episode_Reward/dof_pos_limits: 0.0000
                   Metrics/success_rate: 0.8125
     Metrics/base_velocity/error_vel_xy: 0.3836
    Metrics/base_velocity/error_vel_yaw: 0.3172
           Episode_Termination/time_out: 0.9590
       Episode_Termination/base_contact: 0.0410
--------------------------------------------------------------------------------
                         Iteration time: 1.36s
                           Time elapsed: 00:04:12
                                    ETA: 00:06:51

################################################################################
[1m                           Learning iteration 190/500                           [0m 

                            Total steps: 9388032 
                       Steps per second: 39315 
                        Collection time: 1.197s 
                          Learning time: 0.053s 
                        Mean value loss: 0.0130
                    Mean surrogate loss: -0.0077
                      Mean entropy loss: 9.8013
                            Mean reward: 18.38
                    Mean episode length: 952.13
                        Mean action std: 0.56
    Episode_Reward/track_lin_vel_xy_exp: 0.9483
     Episode_Reward/track_ang_vel_z_exp: 0.5294
            Episode_Reward/lin_vel_z_l2: -0.0497
           Episode_Reward/ang_vel_xy_l2: -0.1435
          Episode_Reward/dof_torques_l2: -0.1014
              Episode_Reward/dof_acc_l2: -0.1283
          Episode_Reward/action_rate_l2: -0.1188
           Episode_Reward/feet_air_time: -0.0111
     Episode_Reward/flat_orientation_l2: -0.0211
          Episode_Reward/dof_pos_limits: 0.0000
                   Metrics/success_rate: 0.7778
     Metrics/base_velocity/error_vel_xy: 0.3414
    Metrics/base_velocity/error_vel_yaw: 0.2808
           Episode_Termination/time_out: 0.9585
       Episode_Termination/base_contact: 0.0415
--------------------------------------------------------------------------------
                         Iteration time: 1.25s
                           Time elapsed: 00:04:13
                                    ETA: 00:06:50

################################################################################
[1m                           Learning iteration 191/500                           [0m 

                            Total steps: 9437184 
                       Steps per second: 40909 
                        Collection time: 1.150s 
                          Learning time: 0.052s 
                        Mean value loss: 0.0148
                    Mean surrogate loss: -0.0073
                      Mean entropy loss: 9.7927
                            Mean reward: 17.64
                    Mean episode length: 941.87
                        Mean action std: 0.56
    Episode_Reward/track_lin_vel_xy_exp: 0.9396
     Episode_Reward/track_ang_vel_z_exp: 0.5131
            Episode_Reward/lin_vel_z_l2: -0.0528
           Episode_Reward/ang_vel_xy_l2: -0.1437
          Episode_Reward/dof_torques_l2: -0.1005
              Episode_Reward/dof_acc_l2: -0.1316
          Episode_Reward/action_rate_l2: -0.1169
           Episode_Reward/feet_air_time: -0.0110
     Episode_Reward/flat_orientation_l2: -0.0249
          Episode_Reward/dof_pos_limits: 0.0000
                   Metrics/success_rate: 0.9028
     Metrics/base_velocity/error_vel_xy: 0.3512
    Metrics/base_velocity/error_vel_yaw: 0.3106
           Episode_Termination/time_out: 0.9568
       Episode_Termination/base_contact: 0.0432
--------------------------------------------------------------------------------
                         Iteration time: 1.20s
                           Time elapsed: 00:04:14
                                    ETA: 00:06:48

################################################################################
[1m                           Learning iteration 192/500                           [0m 

                            Total steps: 9486336 
                       Steps per second: 40706 
                        Collection time: 1.150s 
                          Learning time: 0.057s 
                        Mean value loss: 0.0118
                    Mean surrogate loss: -0.0079
                      Mean entropy loss: 9.7829
                            Mean reward: 19.22
                    Mean episode length: 964.71
                        Mean action std: 0.56
    Episode_Reward/track_lin_vel_xy_exp: 1.0715
     Episode_Reward/track_ang_vel_z_exp: 0.5462
            Episode_Reward/lin_vel_z_l2: -0.0550
           Episode_Reward/ang_vel_xy_l2: -0.1485
          Episode_Reward/dof_torques_l2: -0.1034
              Episode_Reward/dof_acc_l2: -0.1366
          Episode_Reward/action_rate_l2: -0.1220
           Episode_Reward/feet_air_time: -0.0119
     Episode_Reward/flat_orientation_l2: -0.0231
          Episode_Reward/dof_pos_limits: 0.0000
                   Metrics/success_rate: 1.0000
     Metrics/base_velocity/error_vel_xy: 0.2798
    Metrics/base_velocity/error_vel_yaw: 0.2621
           Episode_Termination/time_out: 0.9570
       Episode_Termination/base_contact: 0.0430
--------------------------------------------------------------------------------
                         Iteration time: 1.21s
                           Time elapsed: 00:04:16
                                    ETA: 00:06:47

################################################################################
[1m                           Learning iteration 193/500                           [0m 

                            Total steps: 9535488 
                       Steps per second: 39123 
                        Collection time: 1.198s 
                          Learning time: 0.058s 
                        Mean value loss: 0.0129
                    Mean surrogate loss: -0.0079
                      Mean entropy loss: 9.7666
                            Mean reward: 19.56
                    Mean episode length: 976.19
                        Mean action std: 0.56
    Episode_Reward/track_lin_vel_xy_exp: 0.9879
     Episode_Reward/track_ang_vel_z_exp: 0.5096
            Episode_Reward/lin_vel_z_l2: -0.0503
           Episode_Reward/ang_vel_xy_l2: -0.1433
          Episode_Reward/dof_torques_l2: -0.0983
              Episode_Reward/dof_acc_l2: -0.1353
          Episode_Reward/action_rate_l2: -0.1166
           Episode_Reward/feet_air_time: -0.0115
     Episode_Reward/flat_orientation_l2: -0.0269
          Episode_Reward/dof_pos_limits: 0.0000
                   Metrics/success_rate: 0.9306
     Metrics/base_velocity/error_vel_xy: 0.3253
    Metrics/base_velocity/error_vel_yaw: 0.3123
           Episode_Termination/time_out: 0.9564
       Episode_Termination/base_contact: 0.0436
--------------------------------------------------------------------------------
                         Iteration time: 1.26s
                           Time elapsed: 00:04:17
                                    ETA: 00:06:45

################################################################################
[1m                           Learning iteration 194/500                           [0m 

                            Total steps: 9584640 
                       Steps per second: 38949 
                        Collection time: 1.203s 
                          Learning time: 0.059s 
                        Mean value loss: 0.0106
                    Mean surrogate loss: -0.0077
                      Mean entropy loss: 9.7569
                            Mean reward: 18.95
                    Mean episode length: 951.97
                        Mean action std: 0.56
    Episode_Reward/track_lin_vel_xy_exp: 1.0169
     Episode_Reward/track_ang_vel_z_exp: 0.5268
            Episode_Reward/lin_vel_z_l2: -0.0511
           Episode_Reward/ang_vel_xy_l2: -0.1461
          Episode_Reward/dof_torques_l2: -0.0975
              Episode_Reward/dof_acc_l2: -0.1349
          Episode_Reward/action_rate_l2: -0.1185
           Episode_Reward/feet_air_time: -0.0115
     Episode_Reward/flat_orientation_l2: -0.0225
          Episode_Reward/dof_pos_limits: 0.0000
                   Metrics/success_rate: 0.8993
     Metrics/base_velocity/error_vel_xy: 0.3092
    Metrics/base_velocity/error_vel_yaw: 0.2967
           Episode_Termination/time_out: 0.9558
       Episode_Termination/base_contact: 0.0442
--------------------------------------------------------------------------------
                         Iteration time: 1.26s
                           Time elapsed: 00:04:18
                                    ETA: 00:06:44

################################################################################
[1m                           Learning iteration 195/500                           [0m 

                            Total steps: 9633792 
                       Steps per second: 38192 
                        Collection time: 1.233s 
                          Learning time: 0.053s 
                        Mean value loss: 0.0120
                    Mean surrogate loss: -0.0083
                      Mean entropy loss: 9.7320
                            Mean reward: 18.99
                    Mean episode length: 953.60
                        Mean action std: 0.56
    Episode_Reward/track_lin_vel_xy_exp: 0.9977
     Episode_Reward/track_ang_vel_z_exp: 0.5130
            Episode_Reward/lin_vel_z_l2: -0.0527
           Episode_Reward/ang_vel_xy_l2: -0.1427
          Episode_Reward/dof_torques_l2: -0.1039
              Episode_Reward/dof_acc_l2: -0.1336
          Episode_Reward/action_rate_l2: -0.1194
           Episode_Reward/feet_air_time: -0.0111
     Episode_Reward/flat_orientation_l2: -0.0221
          Episode_Reward/dof_pos_limits: 0.0000
                   Metrics/success_rate: 0.9444
     Metrics/base_velocity/error_vel_xy: 0.3207
    Metrics/base_velocity/error_vel_yaw: 0.3006
           Episode_Termination/time_out: 0.9556
       Episode_Termination/base_contact: 0.0444
--------------------------------------------------------------------------------
                         Iteration time: 1.29s
                           Time elapsed: 00:04:19
                                    ETA: 00:06:43

################################################################################
[1m                           Learning iteration 196/500                           [0m 

                            Total steps: 9682944 
                       Steps per second: 37629 
                        Collection time: 1.251s 
                          Learning time: 0.055s 
                        Mean value loss: 0.0116
                    Mean surrogate loss: -0.0083
                      Mean entropy loss: 9.7017
                            Mean reward: 19.35
                    Mean episode length: 962.23
                        Mean action std: 0.56
    Episode_Reward/track_lin_vel_xy_exp: 0.9609
     Episode_Reward/track_ang_vel_z_exp: 0.5250
            Episode_Reward/lin_vel_z_l2: -0.0558
           Episode_Reward/ang_vel_xy_l2: -0.1432
          Episode_Reward/dof_torques_l2: -0.1002
              Episode_Reward/dof_acc_l2: -0.1345
          Episode_Reward/action_rate_l2: -0.1185
           Episode_Reward/feet_air_time: -0.0121
     Episode_Reward/flat_orientation_l2: -0.0236
          Episode_Reward/dof_pos_limits: 0.0000
                   Metrics/success_rate: 0.9167
     Metrics/base_velocity/error_vel_xy: 0.3415
    Metrics/base_velocity/error_vel_yaw: 0.2999
           Episode_Termination/time_out: 0.9566
       Episode_Termination/base_contact: 0.0434
--------------------------------------------------------------------------------
                         Iteration time: 1.31s
                           Time elapsed: 00:04:21
                                    ETA: 00:06:41

################################################################################
[1m                           Learning iteration 197/500                           [0m 

                            Total steps: 9732096 
                       Steps per second: 39985 
                        Collection time: 1.175s 
                          Learning time: 0.054s 
                        Mean value loss: 0.0105
                    Mean surrogate loss: -0.0070
                      Mean entropy loss: 9.6849
                            Mean reward: 20.00
                    Mean episode length: 974.82
                        Mean action std: 0.56
    Episode_Reward/track_lin_vel_xy_exp: 1.0826
     Episode_Reward/track_ang_vel_z_exp: 0.5204
            Episode_Reward/lin_vel_z_l2: -0.0512
           Episode_Reward/ang_vel_xy_l2: -0.1440
          Episode_Reward/dof_torques_l2: -0.0964
              Episode_Reward/dof_acc_l2: -0.1266
          Episode_Reward/action_rate_l2: -0.1160
           Episode_Reward/feet_air_time: -0.0111
     Episode_Reward/flat_orientation_l2: -0.0233
          Episode_Reward/dof_pos_limits: 0.0000
                   Metrics/success_rate: 0.9583
     Metrics/base_velocity/error_vel_xy: 0.2795
    Metrics/base_velocity/error_vel_yaw: 0.2839
           Episode_Termination/time_out: 0.9567
       Episode_Termination/base_contact: 0.0433
--------------------------------------------------------------------------------
                         Iteration time: 1.23s
                           Time elapsed: 00:04:22
                                    ETA: 00:06:40

################################################################################
[1m                           Learning iteration 198/500                           [0m 

                            Total steps: 9781248 
                       Steps per second: 37445 
                        Collection time: 1.240s 
                          Learning time: 0.073s 
                        Mean value loss: 0.0077
                    Mean surrogate loss: -0.0081
                      Mean entropy loss: 9.6764
                            Mean reward: 19.50
                    Mean episode length: 962.18
                        Mean action std: 0.56
    Episode_Reward/track_lin_vel_xy_exp: 0.9905
     Episode_Reward/track_ang_vel_z_exp: 0.5209
            Episode_Reward/lin_vel_z_l2: -0.0532
           Episode_Reward/ang_vel_xy_l2: -0.1450
          Episode_Reward/dof_torques_l2: -0.1066
              Episode_Reward/dof_acc_l2: -0.1355
          Episode_Reward/action_rate_l2: -0.1206
           Episode_Reward/feet_air_time: -0.0108
     Episode_Reward/flat_orientation_l2: -0.0226
          Episode_Reward/dof_pos_limits: 0.0000
                   Metrics/success_rate: 0.8958
     Metrics/base_velocity/error_vel_xy: 0.3280
    Metrics/base_velocity/error_vel_yaw: 0.3030
           Episode_Termination/time_out: 0.9561
       Episode_Termination/base_contact: 0.0439
--------------------------------------------------------------------------------
                         Iteration time: 1.31s
                           Time elapsed: 00:04:23
                                    ETA: 00:06:38

################################################################################
[1m                           Learning iteration 199/500                           [0m 

                            Total steps: 9830400 
                       Steps per second: 35864 
                        Collection time: 1.316s 
                          Learning time: 0.055s 
                        Mean value loss: 0.0102
                    Mean surrogate loss: -0.0071
                      Mean entropy loss: 9.6394
                            Mean reward: 20.28
                    Mean episode length: 974.94
                        Mean action std: 0.56
    Episode_Reward/track_lin_vel_xy_exp: 1.0899
     Episode_Reward/track_ang_vel_z_exp: 0.5390
            Episode_Reward/lin_vel_z_l2: -0.0567
           Episode_Reward/ang_vel_xy_l2: -0.1443
          Episode_Reward/dof_torques_l2: -0.1084
              Episode_Reward/dof_acc_l2: -0.1334
          Episode_Reward/action_rate_l2: -0.1217
           Episode_Reward/feet_air_time: -0.0110
     Episode_Reward/flat_orientation_l2: -0.0212
          Episode_Reward/dof_pos_limits: 0.0000
                   Metrics/success_rate: 0.9792
     Metrics/base_velocity/error_vel_xy: 0.2748
    Metrics/base_velocity/error_vel_yaw: 0.2717
           Episode_Termination/time_out: 0.9560
       Episode_Termination/base_contact: 0.0440
--------------------------------------------------------------------------------
                         Iteration time: 1.37s
                           Time elapsed: 00:04:25
                                    ETA: 00:06:37

################################################################################
[1m                           Learning iteration 200/500                           [0m 

                            Total steps: 9879552 
                       Steps per second: 40499 
                        Collection time: 1.159s 
                          Learning time: 0.055s 
                        Mean value loss: 0.0086
                    Mean surrogate loss: -0.0085
                      Mean entropy loss: 9.6133
                            Mean reward: 20.18
                    Mean episode length: 976.26
                        Mean action std: 0.55
    Episode_Reward/track_lin_vel_xy_exp: 1.0671
     Episode_Reward/track_ang_vel_z_exp: 0.5402
            Episode_Reward/lin_vel_z_l2: -0.0549
           Episode_Reward/ang_vel_xy_l2: -0.1473
          Episode_Reward/dof_torques_l2: -0.1057
              Episode_Reward/dof_acc_l2: -0.1447
          Episode_Reward/action_rate_l2: -0.1231
           Episode_Reward/feet_air_time: -0.0121
     Episode_Reward/flat_orientation_l2: -0.0247
          Episode_Reward/dof_pos_limits: 0.0000
                   Metrics/success_rate: 0.9861
     Metrics/base_velocity/error_vel_xy: 0.2807
    Metrics/base_velocity/error_vel_yaw: 0.2718
           Episode_Termination/time_out: 0.9553
       Episode_Termination/base_contact: 0.0447
--------------------------------------------------------------------------------
                         Iteration time: 1.21s
                           Time elapsed: 00:04:26
                                    ETA: 00:06:36

################################################################################
[1m                           Learning iteration 201/500                           [0m 

                            Total steps: 9928704 
                       Steps per second: 38928 
                        Collection time: 1.203s 
                          Learning time: 0.060s 
                        Mean value loss: 0.0097
                    Mean surrogate loss: -0.0066
                      Mean entropy loss: 9.5839
                            Mean reward: 20.86
                    Mean episode length: 976.26
                        Mean action std: 0.55
    Episode_Reward/track_lin_vel_xy_exp: 1.1115
     Episode_Reward/track_ang_vel_z_exp: 0.5487
            Episode_Reward/lin_vel_z_l2: -0.0517
           Episode_Reward/ang_vel_xy_l2: -0.1456
          Episode_Reward/dof_torques_l2: -0.1118
              Episode_Reward/dof_acc_l2: -0.1314
          Episode_Reward/action_rate_l2: -0.1251
           Episode_Reward/feet_air_time: -0.0118
     Episode_Reward/flat_orientation_l2: -0.0248
          Episode_Reward/dof_pos_limits: 0.0000
                   Metrics/success_rate: 1.0000
     Metrics/base_velocity/error_vel_xy: 0.2672
    Metrics/base_velocity/error_vel_yaw: 0.2648
           Episode_Termination/time_out: 0.9546
       Episode_Termination/base_contact: 0.0454
--------------------------------------------------------------------------------
                         Iteration time: 1.26s
                           Time elapsed: 00:04:27
                                    ETA: 00:06:34

################################################################################
[1m                           Learning iteration 202/500                           [0m 

                            Total steps: 9977856 
                       Steps per second: 40708 
                        Collection time: 1.153s 
                          Learning time: 0.055s 
                        Mean value loss: 0.0079
                    Mean surrogate loss: -0.0085
                      Mean entropy loss: 9.5470
                            Mean reward: 21.06
                    Mean episode length: 979.76
                        Mean action std: 0.55
    Episode_Reward/track_lin_vel_xy_exp: 1.1051
     Episode_Reward/track_ang_vel_z_exp: 0.5387
            Episode_Reward/lin_vel_z_l2: -0.0578
           Episode_Reward/ang_vel_xy_l2: -0.1465
          Episode_Reward/dof_torques_l2: -0.1083
              Episode_Reward/dof_acc_l2: -0.1381
          Episode_Reward/action_rate_l2: -0.1229
           Episode_Reward/feet_air_time: -0.0109
     Episode_Reward/flat_orientation_l2: -0.0245
          Episode_Reward/dof_pos_limits: 0.0000
                   Metrics/success_rate: 1.0000
     Metrics/base_velocity/error_vel_xy: 0.2581
    Metrics/base_velocity/error_vel_yaw: 0.2661
           Episode_Termination/time_out: 0.9545
       Episode_Termination/base_contact: 0.0455
--------------------------------------------------------------------------------
                         Iteration time: 1.21s
                           Time elapsed: 00:04:28
                                    ETA: 00:06:33

################################################################################
[1m                           Learning iteration 203/500                           [0m 

                            Total steps: 10027008 
                       Steps per second: 41332 
                        Collection time: 1.136s 
                          Learning time: 0.053s 
                        Mean value loss: 0.0086
                    Mean surrogate loss: -0.0079
                      Mean entropy loss: 9.4977
                            Mean reward: 21.52
                    Mean episode length: 990.11
                        Mean action std: 0.55
    Episode_Reward/track_lin_vel_xy_exp: 1.1375
     Episode_Reward/track_ang_vel_z_exp: 0.5408
            Episode_Reward/lin_vel_z_l2: -0.0558
           Episode_Reward/ang_vel_xy_l2: -0.1471
          Episode_Reward/dof_torques_l2: -0.1068
              Episode_Reward/dof_acc_l2: -0.1401
          Episode_Reward/action_rate_l2: -0.1239
           Episode_Reward/feet_air_time: -0.0116
     Episode_Reward/flat_orientation_l2: -0.0214
          Episode_Reward/dof_pos_limits: 0.0000
                   Metrics/success_rate: 1.0000
     Metrics/base_velocity/error_vel_xy: 0.2455
    Metrics/base_velocity/error_vel_yaw: 0.2660
           Episode_Termination/time_out: 0.9548
       Episode_Termination/base_contact: 0.0452
--------------------------------------------------------------------------------
                         Iteration time: 1.19s
                           Time elapsed: 00:04:30
                                    ETA: 00:06:31

################################################################################
[1m                           Learning iteration 204/500                           [0m 

                            Total steps: 10076160 
                       Steps per second: 39464 
                        Collection time: 1.195s 
                          Learning time: 0.051s 
                        Mean value loss: 0.0107
                    Mean surrogate loss: -0.0072
                      Mean entropy loss: 9.4755
                            Mean reward: 20.28
                    Mean episode length: 979.90
                        Mean action std: 0.55
    Episode_Reward/track_lin_vel_xy_exp: 1.0364
     Episode_Reward/track_ang_vel_z_exp: 0.5379
            Episode_Reward/lin_vel_z_l2: -0.0589
           Episode_Reward/ang_vel_xy_l2: -0.1503
          Episode_Reward/dof_torques_l2: -0.1090
              Episode_Reward/dof_acc_l2: -0.1447
          Episode_Reward/action_rate_l2: -0.1244
           Episode_Reward/feet_air_time: -0.0112
     Episode_Reward/flat_orientation_l2: -0.0228
          Episode_Reward/dof_pos_limits: 0.0000
                   Metrics/success_rate: 0.9861
     Metrics/base_velocity/error_vel_xy: 0.3016
    Metrics/base_velocity/error_vel_yaw: 0.2803
           Episode_Termination/time_out: 0.9562
       Episode_Termination/base_contact: 0.0438
--------------------------------------------------------------------------------
                         Iteration time: 1.25s
                           Time elapsed: 00:04:31
                                    ETA: 00:06:30

################################################################################
[1m                           Learning iteration 205/500                           [0m 

                            Total steps: 10125312 
                       Steps per second: 41158 
                        Collection time: 1.138s 
                          Learning time: 0.056s 
                        Mean value loss: 0.0117
                    Mean surrogate loss: -0.0082
                      Mean entropy loss: 9.4597
                            Mean reward: 20.62
                    Mean episode length: 978.20
                        Mean action std: 0.55
    Episode_Reward/track_lin_vel_xy_exp: 1.1709
     Episode_Reward/track_ang_vel_z_exp: 0.5442
            Episode_Reward/lin_vel_z_l2: -0.0549
           Episode_Reward/ang_vel_xy_l2: -0.1477
          Episode_Reward/dof_torques_l2: -0.1033
              Episode_Reward/dof_acc_l2: -0.1419
          Episode_Reward/action_rate_l2: -0.1223
           Episode_Reward/feet_air_time: -0.0116
     Episode_Reward/flat_orientation_l2: -0.0244
          Episode_Reward/dof_pos_limits: 0.0000
                   Metrics/success_rate: 1.0000
     Metrics/base_velocity/error_vel_xy: 0.2301
    Metrics/base_velocity/error_vel_yaw: 0.2634
           Episode_Termination/time_out: 0.9565
       Episode_Termination/base_contact: 0.0435
--------------------------------------------------------------------------------
                         Iteration time: 1.19s
                           Time elapsed: 00:04:32
                                    ETA: 00:06:28

################################################################################
[1m                           Learning iteration 206/500                           [0m 

                            Total steps: 10174464 
                       Steps per second: 39375 
                        Collection time: 1.182s 
                          Learning time: 0.066s 
                        Mean value loss: 0.0105
                    Mean surrogate loss: -0.0081
                      Mean entropy loss: 9.4475
                            Mean reward: 21.31
                    Mean episode length: 978.69
                        Mean action std: 0.55
    Episode_Reward/track_lin_vel_xy_exp: 1.1010
     Episode_Reward/track_ang_vel_z_exp: 0.5373
            Episode_Reward/lin_vel_z_l2: -0.0572
           Episode_Reward/ang_vel_xy_l2: -0.1443
          Episode_Reward/dof_torques_l2: -0.1090
              Episode_Reward/dof_acc_l2: -0.1390
          Episode_Reward/action_rate_l2: -0.1246
           Episode_Reward/feet_air_time: -0.0116
     Episode_Reward/flat_orientation_l2: -0.0240
          Episode_Reward/dof_pos_limits: 0.0000
                   Metrics/success_rate: 0.9722
     Metrics/base_velocity/error_vel_xy: 0.2821
    Metrics/base_velocity/error_vel_yaw: 0.2893
           Episode_Termination/time_out: 0.9570
       Episode_Termination/base_contact: 0.0430
--------------------------------------------------------------------------------
                         Iteration time: 1.25s
                           Time elapsed: 00:04:33
                                    ETA: 00:06:27

################################################################################
[1m                           Learning iteration 207/500                           [0m 

                            Total steps: 10223616 
                       Steps per second: 40824 
                        Collection time: 1.149s 
                          Learning time: 0.055s 
                        Mean value loss: 0.0083
                    Mean surrogate loss: -0.0078
                      Mean entropy loss: 9.3931
                            Mean reward: 21.24
                    Mean episode length: 981.12
                        Mean action std: 0.54
    Episode_Reward/track_lin_vel_xy_exp: 1.1681
     Episode_Reward/track_ang_vel_z_exp: 0.5494
            Episode_Reward/lin_vel_z_l2: -0.0552
           Episode_Reward/ang_vel_xy_l2: -0.1521
          Episode_Reward/dof_torques_l2: -0.1047
              Episode_Reward/dof_acc_l2: -0.1435
          Episode_Reward/action_rate_l2: -0.1239
           Episode_Reward/feet_air_time: -0.0114
     Episode_Reward/flat_orientation_l2: -0.0218
          Episode_Reward/dof_pos_limits: 0.0000
                   Metrics/success_rate: 0.9792
     Metrics/base_velocity/error_vel_xy: 0.2393
    Metrics/base_velocity/error_vel_yaw: 0.2656
           Episode_Termination/time_out: 0.9593
       Episode_Termination/base_contact: 0.0407
--------------------------------------------------------------------------------
                         Iteration time: 1.20s
                           Time elapsed: 00:04:34
                                    ETA: 00:06:25

################################################################################
[1m                           Learning iteration 208/500                           [0m 

                            Total steps: 10272768 
                       Steps per second: 24844 
                        Collection time: 1.907s 
                          Learning time: 0.071s 
                        Mean value loss: 0.0084
                    Mean surrogate loss: -0.0070
                      Mean entropy loss: 9.3497
                            Mean reward: 21.82
                    Mean episode length: 981.07
                        Mean action std: 0.54
    Episode_Reward/track_lin_vel_xy_exp: 1.1309
     Episode_Reward/track_ang_vel_z_exp: 0.5324
            Episode_Reward/lin_vel_z_l2: -0.0516
           Episode_Reward/ang_vel_xy_l2: -0.1430
          Episode_Reward/dof_torques_l2: -0.1024
              Episode_Reward/dof_acc_l2: -0.1312
          Episode_Reward/action_rate_l2: -0.1190
           Episode_Reward/feet_air_time: -0.0115
     Episode_Reward/flat_orientation_l2: -0.0219
          Episode_Reward/dof_pos_limits: 0.0000
                   Metrics/success_rate: 0.9583
     Metrics/base_velocity/error_vel_xy: 0.2586
    Metrics/base_velocity/error_vel_yaw: 0.2832
           Episode_Termination/time_out: 0.9604
       Episode_Termination/base_contact: 0.0396
--------------------------------------------------------------------------------
                         Iteration time: 1.98s
                           Time elapsed: 00:04:36
                                    ETA: 00:06:25

################################################################################
[1m                           Learning iteration 209/500                           [0m 

                            Total steps: 10321920 
                       Steps per second: 20545 
                        Collection time: 2.328s 
                          Learning time: 0.064s 
                        Mean value loss: 0.0086
                    Mean surrogate loss: -0.0073
                      Mean entropy loss: 9.3009
                            Mean reward: 21.92
                    Mean episode length: 990.59
                        Mean action std: 0.54
    Episode_Reward/track_lin_vel_xy_exp: 1.1876
     Episode_Reward/track_ang_vel_z_exp: 0.5501
            Episode_Reward/lin_vel_z_l2: -0.0551
           Episode_Reward/ang_vel_xy_l2: -0.1465
          Episode_Reward/dof_torques_l2: -0.1137
              Episode_Reward/dof_acc_l2: -0.1473
          Episode_Reward/action_rate_l2: -0.1288
           Episode_Reward/feet_air_time: -0.0117
     Episode_Reward/flat_orientation_l2: -0.0227
          Episode_Reward/dof_pos_limits: 0.0000
                   Metrics/success_rate: 1.0000
     Metrics/base_velocity/error_vel_xy: 0.2298
    Metrics/base_velocity/error_vel_yaw: 0.2631
           Episode_Termination/time_out: 0.9604
       Episode_Termination/base_contact: 0.0396
--------------------------------------------------------------------------------
                         Iteration time: 2.39s
                           Time elapsed: 00:04:39
                                    ETA: 00:06:25

################################################################################
[1m                           Learning iteration 210/500                           [0m 

                            Total steps: 10371072 
                       Steps per second: 21054 
                        Collection time: 2.262s 
                          Learning time: 0.073s 
                        Mean value loss: 0.0104
                    Mean surrogate loss: -0.0069
                      Mean entropy loss: 9.2738
                            Mean reward: 21.93
                    Mean episode length: 986.27
                        Mean action std: 0.54
    Episode_Reward/track_lin_vel_xy_exp: 1.1722
     Episode_Reward/track_ang_vel_z_exp: 0.5359
            Episode_Reward/lin_vel_z_l2: -0.0576
           Episode_Reward/ang_vel_xy_l2: -0.1432
          Episode_Reward/dof_torques_l2: -0.1091
              Episode_Reward/dof_acc_l2: -0.1377
          Episode_Reward/action_rate_l2: -0.1233
           Episode_Reward/feet_air_time: -0.0115
     Episode_Reward/flat_orientation_l2: -0.0234
          Episode_Reward/dof_pos_limits: 0.0000
                   Metrics/success_rate: 0.9792
     Metrics/base_velocity/error_vel_xy: 0.2325
    Metrics/base_velocity/error_vel_yaw: 0.2760
           Episode_Termination/time_out: 0.9605
       Episode_Termination/base_contact: 0.0395
--------------------------------------------------------------------------------
                         Iteration time: 2.33s
                           Time elapsed: 00:04:41
                                    ETA: 00:06:25

################################################################################
[1m                           Learning iteration 211/500                           [0m 

                            Total steps: 10420224 
                       Steps per second: 20917 
                        Collection time: 2.294s 
                          Learning time: 0.056s 
                        Mean value loss: 0.0137
                    Mean surrogate loss: -0.0072
                      Mean entropy loss: 9.2576
                            Mean reward: 22.46
                    Mean episode length: 995.46
                        Mean action std: 0.54
    Episode_Reward/track_lin_vel_xy_exp: 1.1768
     Episode_Reward/track_ang_vel_z_exp: 0.5524
            Episode_Reward/lin_vel_z_l2: -0.0545
           Episode_Reward/ang_vel_xy_l2: -0.1470
          Episode_Reward/dof_torques_l2: -0.1073
              Episode_Reward/dof_acc_l2: -0.1402
          Episode_Reward/action_rate_l2: -0.1242
           Episode_Reward/feet_air_time: -0.0118
     Episode_Reward/flat_orientation_l2: -0.0205
          Episode_Reward/dof_pos_limits: 0.0000
                   Metrics/success_rate: 1.0000
     Metrics/base_velocity/error_vel_xy: 0.2337
    Metrics/base_velocity/error_vel_yaw: 0.2609
           Episode_Termination/time_out: 0.9612
       Episode_Termination/base_contact: 0.0388
--------------------------------------------------------------------------------
                         Iteration time: 2.35s
                           Time elapsed: 00:04:43
                                    ETA: 00:06:25

################################################################################
[1m                           Learning iteration 212/500                           [0m 

                            Total steps: 10469376 
                       Steps per second: 19446 
                        Collection time: 2.474s 
                          Learning time: 0.054s 
                        Mean value loss: 0.0124
                    Mean surrogate loss: -0.0095
                      Mean entropy loss: 9.2476
                            Mean reward: 22.01
                    Mean episode length: 960.29
                        Mean action std: 0.54
    Episode_Reward/track_lin_vel_xy_exp: 1.1759
     Episode_Reward/track_ang_vel_z_exp: 0.5346
            Episode_Reward/lin_vel_z_l2: -0.0531
           Episode_Reward/ang_vel_xy_l2: -0.1432
          Episode_Reward/dof_torques_l2: -0.1036
              Episode_Reward/dof_acc_l2: -0.1363
          Episode_Reward/action_rate_l2: -0.1201
           Episode_Reward/feet_air_time: -0.0116
     Episode_Reward/flat_orientation_l2: -0.0215
          Episode_Reward/dof_pos_limits: 0.0000
                   Metrics/success_rate: 0.9646
     Metrics/base_velocity/error_vel_xy: 0.2422
    Metrics/base_velocity/error_vel_yaw: 0.2802
           Episode_Termination/time_out: 0.9607
       Episode_Termination/base_contact: 0.0393
--------------------------------------------------------------------------------
                         Iteration time: 2.53s
                           Time elapsed: 00:04:46
                                    ETA: 00:06:26

################################################################################
[1m                           Learning iteration 213/500                           [0m 

                            Total steps: 10518528 
                       Steps per second: 20364 
                        Collection time: 2.357s 
                          Learning time: 0.057s 
                        Mean value loss: 0.0119
                    Mean surrogate loss: -0.0079
                      Mean entropy loss: 9.2286
                            Mean reward: 22.92
                    Mean episode length: 981.47
                        Mean action std: 0.54
    Episode_Reward/track_lin_vel_xy_exp: 1.1880
     Episode_Reward/track_ang_vel_z_exp: 0.5416
            Episode_Reward/lin_vel_z_l2: -0.0538
           Episode_Reward/ang_vel_xy_l2: -0.1428
          Episode_Reward/dof_torques_l2: -0.1061
              Episode_Reward/dof_acc_l2: -0.1362
          Episode_Reward/action_rate_l2: -0.1210
           Episode_Reward/feet_air_time: -0.0115
     Episode_Reward/flat_orientation_l2: -0.0205
          Episode_Reward/dof_pos_limits: 0.0000
                   Metrics/success_rate: 0.9792
     Metrics/base_velocity/error_vel_xy: 0.2288
    Metrics/base_velocity/error_vel_yaw: 0.2716
           Episode_Termination/time_out: 0.9601
       Episode_Termination/base_contact: 0.0399
--------------------------------------------------------------------------------
                         Iteration time: 2.41s
                           Time elapsed: 00:04:48
                                    ETA: 00:06:26

################################################################################
[1m                           Learning iteration 214/500                           [0m 

                            Total steps: 10567680 
                       Steps per second: 19211 
                        Collection time: 2.500s 
                          Learning time: 0.059s 
                        Mean value loss: 0.0104
                    Mean surrogate loss: -0.0067
                      Mean entropy loss: 9.2039
                            Mean reward: 22.77
                    Mean episode length: 972.06
                        Mean action std: 0.54
    Episode_Reward/track_lin_vel_xy_exp: 1.2032
     Episode_Reward/track_ang_vel_z_exp: 0.5445
            Episode_Reward/lin_vel_z_l2: -0.0546
           Episode_Reward/ang_vel_xy_l2: -0.1412
          Episode_Reward/dof_torques_l2: -0.1078
              Episode_Reward/dof_acc_l2: -0.1318
          Episode_Reward/action_rate_l2: -0.1215
           Episode_Reward/feet_air_time: -0.0113
     Episode_Reward/flat_orientation_l2: -0.0212
          Episode_Reward/dof_pos_limits: 0.0000
                   Metrics/success_rate: 0.9792
     Metrics/base_velocity/error_vel_xy: 0.2206
    Metrics/base_velocity/error_vel_yaw: 0.2609
           Episode_Termination/time_out: 0.9613
       Episode_Termination/base_contact: 0.0387
--------------------------------------------------------------------------------
                         Iteration time: 2.56s
                           Time elapsed: 00:04:51
                                    ETA: 00:06:26

################################################################################
[1m                           Learning iteration 215/500                           [0m 

                            Total steps: 10616832 
                       Steps per second: 20073 
                        Collection time: 2.395s 
                          Learning time: 0.054s 
                        Mean value loss: 0.0088
                    Mean surrogate loss: -0.0073
                      Mean entropy loss: 9.1750
                            Mean reward: 22.70
                    Mean episode length: 981.17
                        Mean action std: 0.53
    Episode_Reward/track_lin_vel_xy_exp: 1.1959
     Episode_Reward/track_ang_vel_z_exp: 0.5491
            Episode_Reward/lin_vel_z_l2: -0.0533
           Episode_Reward/ang_vel_xy_l2: -0.1432
          Episode_Reward/dof_torques_l2: -0.1112
              Episode_Reward/dof_acc_l2: -0.1318
          Episode_Reward/action_rate_l2: -0.1231
           Episode_Reward/feet_air_time: -0.0110
     Episode_Reward/flat_orientation_l2: -0.0220
          Episode_Reward/dof_pos_limits: 0.0000
                   Metrics/success_rate: 0.9896
     Metrics/base_velocity/error_vel_xy: 0.2251
    Metrics/base_velocity/error_vel_yaw: 0.2607
           Episode_Termination/time_out: 0.9619
       Episode_Termination/base_contact: 0.0381
--------------------------------------------------------------------------------
                         Iteration time: 2.45s
                           Time elapsed: 00:04:53
                                    ETA: 00:06:26

################################################################################
[1m                           Learning iteration 216/500                           [0m 

                            Total steps: 10665984 
                       Steps per second: 16728 
                        Collection time: 2.886s 
                          Learning time: 0.053s 
                        Mean value loss: 0.0088
                    Mean surrogate loss: -0.0080
                      Mean entropy loss: 9.1508
                            Mean reward: 22.87
                    Mean episode length: 983.27
                        Mean action std: 0.53
    Episode_Reward/track_lin_vel_xy_exp: 1.2100
     Episode_Reward/track_ang_vel_z_exp: 0.5441
            Episode_Reward/lin_vel_z_l2: -0.0537
           Episode_Reward/ang_vel_xy_l2: -0.1441
          Episode_Reward/dof_torques_l2: -0.1083
              Episode_Reward/dof_acc_l2: -0.1340
          Episode_Reward/action_rate_l2: -0.1219
           Episode_Reward/feet_air_time: -0.0112
     Episode_Reward/flat_orientation_l2: -0.0207
          Episode_Reward/dof_pos_limits: 0.0000
                   Metrics/success_rate: 0.9757
     Metrics/base_velocity/error_vel_xy: 0.2163
    Metrics/base_velocity/error_vel_yaw: 0.2622
           Episode_Termination/time_out: 0.9631
       Episode_Termination/base_contact: 0.0369
--------------------------------------------------------------------------------
                         Iteration time: 2.94s
                           Time elapsed: 00:04:56
                                    ETA: 00:06:27

################################################################################
[1m                           Learning iteration 217/500                           [0m 

                            Total steps: 10715136 
                       Steps per second: 39182 
                        Collection time: 1.203s 
                          Learning time: 0.052s 
                        Mean value loss: 0.0075
                    Mean surrogate loss: -0.0070
                      Mean entropy loss: 9.1106
                            Mean reward: 24.17
                    Mean episode length: 1000.00
                        Mean action std: 0.53
    Episode_Reward/track_lin_vel_xy_exp: 1.2336
     Episode_Reward/track_ang_vel_z_exp: 0.5556
            Episode_Reward/lin_vel_z_l2: -0.0539
           Episode_Reward/ang_vel_xy_l2: -0.1414
          Episode_Reward/dof_torques_l2: -0.1143
              Episode_Reward/dof_acc_l2: -0.1293
          Episode_Reward/action_rate_l2: -0.1244
           Episode_Reward/feet_air_time: -0.0111
     Episode_Reward/flat_orientation_l2: -0.0207
          Episode_Reward/dof_pos_limits: 0.0000
                   Metrics/success_rate: 1.0000
     Metrics/base_velocity/error_vel_xy: 0.2081
    Metrics/base_velocity/error_vel_yaw: 0.2578
           Episode_Termination/time_out: 0.9648
       Episode_Termination/base_contact: 0.0352
--------------------------------------------------------------------------------
                         Iteration time: 1.25s
                           Time elapsed: 00:04:58
                                    ETA: 00:06:25

################################################################################
[1m                           Learning iteration 218/500                           [0m 

                            Total steps: 10764288 
                       Steps per second: 38805 
                        Collection time: 1.215s 
                          Learning time: 0.052s 
                        Mean value loss: 0.0074
                    Mean surrogate loss: -0.0083
                      Mean entropy loss: 9.0613
                            Mean reward: 23.03
                    Mean episode length: 971.90
                        Mean action std: 0.53
    Episode_Reward/track_lin_vel_xy_exp: 1.1709
     Episode_Reward/track_ang_vel_z_exp: 0.5306
            Episode_Reward/lin_vel_z_l2: -0.0539
           Episode_Reward/ang_vel_xy_l2: -0.1374
          Episode_Reward/dof_torques_l2: -0.1037
              Episode_Reward/dof_acc_l2: -0.1280
          Episode_Reward/action_rate_l2: -0.1178
           Episode_Reward/feet_air_time: -0.0106
     Episode_Reward/flat_orientation_l2: -0.0236
          Episode_Reward/dof_pos_limits: 0.0000
                   Metrics/success_rate: 0.9514
     Metrics/base_velocity/error_vel_xy: 0.2377
    Metrics/base_velocity/error_vel_yaw: 0.2854
           Episode_Termination/time_out: 0.9643
       Episode_Termination/base_contact: 0.0357
--------------------------------------------------------------------------------
                         Iteration time: 1.27s
                           Time elapsed: 00:04:59
                                    ETA: 00:06:24

################################################################################
[1m                           Learning iteration 219/500                           [0m 

                            Total steps: 10813440 
                       Steps per second: 39207 
                        Collection time: 1.196s 
                          Learning time: 0.057s 
                        Mean value loss: 0.0055
                    Mean surrogate loss: -0.0078
                      Mean entropy loss: 9.0370
                            Mean reward: 23.14
                    Mean episode length: 981.21
                        Mean action std: 0.53
    Episode_Reward/track_lin_vel_xy_exp: 1.2180
     Episode_Reward/track_ang_vel_z_exp: 0.5576
            Episode_Reward/lin_vel_z_l2: -0.0555
           Episode_Reward/ang_vel_xy_l2: -0.1438
          Episode_Reward/dof_torques_l2: -0.1100
              Episode_Reward/dof_acc_l2: -0.1380
          Episode_Reward/action_rate_l2: -0.1247
           Episode_Reward/feet_air_time: -0.0117
     Episode_Reward/flat_orientation_l2: -0.0207
          Episode_Reward/dof_pos_limits: 0.0000
                   Metrics/success_rate: 1.0000
     Metrics/base_velocity/error_vel_xy: 0.2141
    Metrics/base_velocity/error_vel_yaw: 0.2555
           Episode_Termination/time_out: 0.9656
       Episode_Termination/base_contact: 0.0344
--------------------------------------------------------------------------------
                         Iteration time: 1.25s
                           Time elapsed: 00:05:00
                                    ETA: 00:06:22

################################################################################
[1m                           Learning iteration 220/500                           [0m 

                            Total steps: 10862592 
                       Steps per second: 39169 
                        Collection time: 1.202s 
                          Learning time: 0.053s 
                        Mean value loss: 0.0067
                    Mean surrogate loss: -0.0076
                      Mean entropy loss: 8.9742
                            Mean reward: 23.81
                    Mean episode length: 1000.00
                        Mean action std: 0.52
    Episode_Reward/track_lin_vel_xy_exp: 1.2421
     Episode_Reward/track_ang_vel_z_exp: 0.5585
            Episode_Reward/lin_vel_z_l2: -0.0554
           Episode_Reward/ang_vel_xy_l2: -0.1417
          Episode_Reward/dof_torques_l2: -0.1070
              Episode_Reward/dof_acc_l2: -0.1349
          Episode_Reward/action_rate_l2: -0.1236
           Episode_Reward/feet_air_time: -0.0117
     Episode_Reward/flat_orientation_l2: -0.0197
          Episode_Reward/dof_pos_limits: 0.0000
                   Metrics/success_rate: 1.0000
     Metrics/base_velocity/error_vel_xy: 0.2027
    Metrics/base_velocity/error_vel_yaw: 0.2547
           Episode_Termination/time_out: 0.9671
       Episode_Termination/base_contact: 0.0329
--------------------------------------------------------------------------------
                         Iteration time: 1.25s
                           Time elapsed: 00:05:01
                                    ETA: 00:06:21

################################################################################
[1m                           Learning iteration 221/500                           [0m 

                            Total steps: 10911744 
                       Steps per second: 39472 
                        Collection time: 1.192s 
                          Learning time: 0.053s 
                        Mean value loss: 0.0088
                    Mean surrogate loss: -0.0077
                      Mean entropy loss: 8.9149
                            Mean reward: 24.69
                    Mean episode length: 1000.00
                        Mean action std: 0.52
    Episode_Reward/track_lin_vel_xy_exp: 1.2840
     Episode_Reward/track_ang_vel_z_exp: 0.5613
            Episode_Reward/lin_vel_z_l2: -0.0476
           Episode_Reward/ang_vel_xy_l2: -0.1388
          Episode_Reward/dof_torques_l2: -0.1044
              Episode_Reward/dof_acc_l2: -0.1180
          Episode_Reward/action_rate_l2: -0.1190
           Episode_Reward/feet_air_time: -0.0103
     Episode_Reward/flat_orientation_l2: -0.0176
          Episode_Reward/dof_pos_limits: 0.0000
                   Metrics/success_rate: 1.0000
     Metrics/base_velocity/error_vel_xy: 0.1798
    Metrics/base_velocity/error_vel_yaw: 0.2525
           Episode_Termination/time_out: 0.9679
       Episode_Termination/base_contact: 0.0321
--------------------------------------------------------------------------------
                         Iteration time: 1.25s
                           Time elapsed: 00:05:03
                                    ETA: 00:06:19

################################################################################
[1m                           Learning iteration 222/500                           [0m 

                            Total steps: 10960896 
                       Steps per second: 38666 
                        Collection time: 1.216s 
                          Learning time: 0.055s 
                        Mean value loss: 0.0055
                    Mean surrogate loss: -0.0077
                      Mean entropy loss: 8.8689
                            Mean reward: 24.03
                    Mean episode length: 981.12
                        Mean action std: 0.52
    Episode_Reward/track_lin_vel_xy_exp: 1.1724
     Episode_Reward/track_ang_vel_z_exp: 0.5215
            Episode_Reward/lin_vel_z_l2: -0.0535
           Episode_Reward/ang_vel_xy_l2: -0.1364
          Episode_Reward/dof_torques_l2: -0.0974
              Episode_Reward/dof_acc_l2: -0.1355
          Episode_Reward/action_rate_l2: -0.1141
           Episode_Reward/feet_air_time: -0.0113
     Episode_Reward/flat_orientation_l2: -0.0216
          Episode_Reward/dof_pos_limits: 0.0000
                   Metrics/success_rate: 0.9306
     Metrics/base_velocity/error_vel_xy: 0.2208
    Metrics/base_velocity/error_vel_yaw: 0.3081
           Episode_Termination/time_out: 0.9677
       Episode_Termination/base_contact: 0.0323
--------------------------------------------------------------------------------
                         Iteration time: 1.27s
                           Time elapsed: 00:05:04
                                    ETA: 00:06:18

################################################################################
[1m                           Learning iteration 223/500                           [0m 

                            Total steps: 11010048 
                       Steps per second: 39263 
                        Collection time: 1.198s 
                          Learning time: 0.053s 
                        Mean value loss: 0.0070
                    Mean surrogate loss: -0.0076
                      Mean entropy loss: 8.8047
                            Mean reward: 23.75
                    Mean episode length: 981.12
                        Mean action std: 0.52
    Episode_Reward/track_lin_vel_xy_exp: 1.2429
     Episode_Reward/track_ang_vel_z_exp: 0.5525
            Episode_Reward/lin_vel_z_l2: -0.0541
           Episode_Reward/ang_vel_xy_l2: -0.1434
          Episode_Reward/dof_torques_l2: -0.1150
              Episode_Reward/dof_acc_l2: -0.1335
          Episode_Reward/action_rate_l2: -0.1253
           Episode_Reward/feet_air_time: -0.0105
     Episode_Reward/flat_orientation_l2: -0.0208
          Episode_Reward/dof_pos_limits: 0.0000
                   Metrics/success_rate: 1.0000
     Metrics/base_velocity/error_vel_xy: 0.2024
    Metrics/base_velocity/error_vel_yaw: 0.2613
           Episode_Termination/time_out: 0.9678
       Episode_Termination/base_contact: 0.0322
--------------------------------------------------------------------------------
                         Iteration time: 1.25s
                           Time elapsed: 00:05:05
                                    ETA: 00:06:16

################################################################################
[1m                           Learning iteration 224/500                           [0m 

                            Total steps: 11059200 
                       Steps per second: 39116 
                        Collection time: 1.202s 
                          Learning time: 0.055s 
                        Mean value loss: 0.0072
                    Mean surrogate loss: -0.0077
                      Mean entropy loss: 8.7656
                            Mean reward: 24.22
                    Mean episode length: 1000.00
                        Mean action std: 0.52
    Episode_Reward/track_lin_vel_xy_exp: 1.2461
     Episode_Reward/track_ang_vel_z_exp: 0.5570
            Episode_Reward/lin_vel_z_l2: -0.0557
           Episode_Reward/ang_vel_xy_l2: -0.1429
          Episode_Reward/dof_torques_l2: -0.1083
              Episode_Reward/dof_acc_l2: -0.1383
          Episode_Reward/action_rate_l2: -0.1246
           Episode_Reward/feet_air_time: -0.0108
     Episode_Reward/flat_orientation_l2: -0.0200
          Episode_Reward/dof_pos_limits: 0.0000
                   Metrics/success_rate: 1.0000
     Metrics/base_velocity/error_vel_xy: 0.1993
    Metrics/base_velocity/error_vel_yaw: 0.2563
           Episode_Termination/time_out: 0.9684
       Episode_Termination/base_contact: 0.0316
--------------------------------------------------------------------------------
                         Iteration time: 1.26s
                           Time elapsed: 00:05:06
                                    ETA: 00:06:15

################################################################################
[1m                           Learning iteration 225/500                           [0m 

                            Total steps: 11108352 
                       Steps per second: 39632 
                        Collection time: 1.183s 
                          Learning time: 0.057s 
                        Mean value loss: 0.0084
                    Mean surrogate loss: -0.0075
                      Mean entropy loss: 8.7336
                            Mean reward: 24.44
                    Mean episode length: 990.71
                        Mean action std: 0.51
    Episode_Reward/track_lin_vel_xy_exp: 1.2673
     Episode_Reward/track_ang_vel_z_exp: 0.5537
            Episode_Reward/lin_vel_z_l2: -0.0535
           Episode_Reward/ang_vel_xy_l2: -0.1374
          Episode_Reward/dof_torques_l2: -0.1080
              Episode_Reward/dof_acc_l2: -0.1237
          Episode_Reward/action_rate_l2: -0.1191
           Episode_Reward/feet_air_time: -0.0107
     Episode_Reward/flat_orientation_l2: -0.0198
          Episode_Reward/dof_pos_limits: 0.0000
                   Metrics/success_rate: 0.9861
     Metrics/base_velocity/error_vel_xy: 0.1925
    Metrics/base_velocity/error_vel_yaw: 0.2607
           Episode_Termination/time_out: 0.9695
       Episode_Termination/base_contact: 0.0305
--------------------------------------------------------------------------------
                         Iteration time: 1.24s
                           Time elapsed: 00:05:08
                                    ETA: 00:06:13

################################################################################
[1m                           Learning iteration 226/500                           [0m 

                            Total steps: 11157504 
                       Steps per second: 40846 
                        Collection time: 1.151s 
                          Learning time: 0.052s 
                        Mean value loss: 0.0094
                    Mean surrogate loss: -0.0073
                      Mean entropy loss: 8.7108
                            Mean reward: 24.99
                    Mean episode length: 990.71
                        Mean action std: 0.51
    Episode_Reward/track_lin_vel_xy_exp: 1.2903
     Episode_Reward/track_ang_vel_z_exp: 0.5642
            Episode_Reward/lin_vel_z_l2: -0.0534
           Episode_Reward/ang_vel_xy_l2: -0.1401
          Episode_Reward/dof_torques_l2: -0.1056
              Episode_Reward/dof_acc_l2: -0.1300
          Episode_Reward/action_rate_l2: -0.1215
           Episode_Reward/feet_air_time: -0.0117
     Episode_Reward/flat_orientation_l2: -0.0178
          Episode_Reward/dof_pos_limits: 0.0000
                   Metrics/success_rate: 1.0000
     Metrics/base_velocity/error_vel_xy: 0.1784
    Metrics/base_velocity/error_vel_yaw: 0.2494
           Episode_Termination/time_out: 0.9715
       Episode_Termination/base_contact: 0.0285
--------------------------------------------------------------------------------
                         Iteration time: 1.20s
                           Time elapsed: 00:05:09
                                    ETA: 00:06:12

################################################################################
[1m                           Learning iteration 227/500                           [0m 

                            Total steps: 11206656 
                       Steps per second: 39658 
                        Collection time: 1.188s 
                          Learning time: 0.052s 
                        Mean value loss: 0.0076
                    Mean surrogate loss: -0.0079
                      Mean entropy loss: 8.6943
                            Mean reward: 23.65
                    Mean episode length: 963.32
                        Mean action std: 0.51
    Episode_Reward/track_lin_vel_xy_exp: 1.1746
     Episode_Reward/track_ang_vel_z_exp: 0.5280
            Episode_Reward/lin_vel_z_l2: -0.0545
           Episode_Reward/ang_vel_xy_l2: -0.1348
          Episode_Reward/dof_torques_l2: -0.1031
              Episode_Reward/dof_acc_l2: -0.1354
          Episode_Reward/action_rate_l2: -0.1181
           Episode_Reward/feet_air_time: -0.0111
     Episode_Reward/flat_orientation_l2: -0.0255
          Episode_Reward/dof_pos_limits: 0.0000
                   Metrics/success_rate: 0.9465
     Metrics/base_velocity/error_vel_xy: 0.2352
    Metrics/base_velocity/error_vel_yaw: 0.2918
           Episode_Termination/time_out: 0.9709
       Episode_Termination/base_contact: 0.0291
--------------------------------------------------------------------------------
                         Iteration time: 1.24s
                           Time elapsed: 00:05:10
                                    ETA: 00:06:10

################################################################################
[1m                           Learning iteration 228/500                           [0m 

                            Total steps: 11255808 
                       Steps per second: 38002 
                        Collection time: 1.236s 
                          Learning time: 0.057s 
                        Mean value loss: 0.0059
                    Mean surrogate loss: -0.0068
                      Mean entropy loss: 8.6394
                            Mean reward: 23.71
                    Mean episode length: 963.32
                        Mean action std: 0.51
    Episode_Reward/track_lin_vel_xy_exp: 1.2845
     Episode_Reward/track_ang_vel_z_exp: 0.5637
            Episode_Reward/lin_vel_z_l2: -0.0495
           Episode_Reward/ang_vel_xy_l2: -0.1329
          Episode_Reward/dof_torques_l2: -0.1072
              Episode_Reward/dof_acc_l2: -0.1196
          Episode_Reward/action_rate_l2: -0.1186
           Episode_Reward/feet_air_time: -0.0107
     Episode_Reward/flat_orientation_l2: -0.0204
          Episode_Reward/dof_pos_limits: 0.0000
                   Metrics/success_rate: 1.0000
     Metrics/base_velocity/error_vel_xy: 0.1800
    Metrics/base_velocity/error_vel_yaw: 0.2494
           Episode_Termination/time_out: 0.9712
       Episode_Termination/base_contact: 0.0288
--------------------------------------------------------------------------------
                         Iteration time: 1.29s
                           Time elapsed: 00:05:11
                                    ETA: 00:06:09

################################################################################
[1m                           Learning iteration 229/500                           [0m 

                            Total steps: 11304960 
                       Steps per second: 39802 
                        Collection time: 1.180s 
                          Learning time: 0.055s 
                        Mean value loss: 0.0044
                    Mean surrogate loss: -0.0078
                      Mean entropy loss: 8.5921
                            Mean reward: 25.01
                    Mean episode length: 1000.00
                        Mean action std: 0.51
    Episode_Reward/track_lin_vel_xy_exp: 1.2714
     Episode_Reward/track_ang_vel_z_exp: 0.5587
            Episode_Reward/lin_vel_z_l2: -0.0561
           Episode_Reward/ang_vel_xy_l2: -0.1400
          Episode_Reward/dof_torques_l2: -0.1085
              Episode_Reward/dof_acc_l2: -0.1337
          Episode_Reward/action_rate_l2: -0.1231
           Episode_Reward/feet_air_time: -0.0112
     Episode_Reward/flat_orientation_l2: -0.0165
          Episode_Reward/dof_pos_limits: 0.0000
                   Metrics/success_rate: 1.0000
     Metrics/base_velocity/error_vel_xy: 0.1880
    Metrics/base_velocity/error_vel_yaw: 0.2550
           Episode_Termination/time_out: 0.9714
       Episode_Termination/base_contact: 0.0286
--------------------------------------------------------------------------------
                         Iteration time: 1.23s
                           Time elapsed: 00:05:13
                                    ETA: 00:06:07

################################################################################
[1m                           Learning iteration 230/500                           [0m 

                            Total steps: 11354112 
                       Steps per second: 37701 
                        Collection time: 1.234s 
                          Learning time: 0.070s 
                        Mean value loss: 0.0057
                    Mean surrogate loss: -0.0076
                      Mean entropy loss: 8.5358
                            Mean reward: 25.33
                    Mean episode length: 1000.00
                        Mean action std: 0.51
    Episode_Reward/track_lin_vel_xy_exp: 1.2822
     Episode_Reward/track_ang_vel_z_exp: 0.5654
            Episode_Reward/lin_vel_z_l2: -0.0492
           Episode_Reward/ang_vel_xy_l2: -0.1365
          Episode_Reward/dof_torques_l2: -0.1086
              Episode_Reward/dof_acc_l2: -0.1221
          Episode_Reward/action_rate_l2: -0.1196
           Episode_Reward/feet_air_time: -0.0113
     Episode_Reward/flat_orientation_l2: -0.0173
          Episode_Reward/dof_pos_limits: 0.0000
                   Metrics/success_rate: 1.0000
     Metrics/base_velocity/error_vel_xy: 0.1832
    Metrics/base_velocity/error_vel_yaw: 0.2475
           Episode_Termination/time_out: 0.9723
       Episode_Termination/base_contact: 0.0277
--------------------------------------------------------------------------------
                         Iteration time: 1.30s
                           Time elapsed: 00:05:14
                                    ETA: 00:06:06

################################################################################
[1m                           Learning iteration 231/500                           [0m 

                            Total steps: 11403264 
                       Steps per second: 38285 
                        Collection time: 1.232s 
                          Learning time: 0.052s 
                        Mean value loss: 0.0065
                    Mean surrogate loss: -0.0073
                      Mean entropy loss: 8.4950
                            Mean reward: 24.83
                    Mean episode length: 990.68
                        Mean action std: 0.50
    Episode_Reward/track_lin_vel_xy_exp: 1.2638
     Episode_Reward/track_ang_vel_z_exp: 0.5489
            Episode_Reward/lin_vel_z_l2: -0.0523
           Episode_Reward/ang_vel_xy_l2: -0.1362
          Episode_Reward/dof_torques_l2: -0.1026
              Episode_Reward/dof_acc_l2: -0.1299
          Episode_Reward/action_rate_l2: -0.1187
           Episode_Reward/feet_air_time: -0.0119
     Episode_Reward/flat_orientation_l2: -0.0201
          Episode_Reward/dof_pos_limits: 0.0000
                   Metrics/success_rate: 0.9792
     Metrics/base_velocity/error_vel_xy: 0.1928
    Metrics/base_velocity/error_vel_yaw: 0.2627
           Episode_Termination/time_out: 0.9729
       Episode_Termination/base_contact: 0.0271
--------------------------------------------------------------------------------
                         Iteration time: 1.28s
                           Time elapsed: 00:05:15
                                    ETA: 00:06:04

################################################################################
[1m                           Learning iteration 232/500                           [0m 

                            Total steps: 11452416 
                       Steps per second: 40461 
                        Collection time: 1.164s 
                          Learning time: 0.051s 
                        Mean value loss: 0.0054
                    Mean surrogate loss: -0.0066
                      Mean entropy loss: 8.4572
                            Mean reward: 25.04
                    Mean episode length: 990.68
                        Mean action std: 0.50
    Episode_Reward/track_lin_vel_xy_exp: 1.2627
     Episode_Reward/track_ang_vel_z_exp: 0.5579
            Episode_Reward/lin_vel_z_l2: -0.0510
           Episode_Reward/ang_vel_xy_l2: -0.1376
          Episode_Reward/dof_torques_l2: -0.1164
              Episode_Reward/dof_acc_l2: -0.1289
          Episode_Reward/action_rate_l2: -0.1237
           Episode_Reward/feet_air_time: -0.0111
     Episode_Reward/flat_orientation_l2: -0.0191
          Episode_Reward/dof_pos_limits: 0.0000
                   Metrics/success_rate: 1.0000
     Metrics/base_velocity/error_vel_xy: 0.1938
    Metrics/base_velocity/error_vel_yaw: 0.2564
           Episode_Termination/time_out: 0.9744
       Episode_Termination/base_contact: 0.0256
--------------------------------------------------------------------------------
                         Iteration time: 1.21s
                           Time elapsed: 00:05:16
                                    ETA: 00:06:03

################################################################################
[1m                           Learning iteration 233/500                           [0m 

                            Total steps: 11501568 
                       Steps per second: 38363 
                        Collection time: 1.228s 
                          Learning time: 0.054s 
                        Mean value loss: 0.0066
                    Mean surrogate loss: -0.0064
                      Mean entropy loss: 8.4030
                            Mean reward: 25.60
                    Mean episode length: 1000.00
                        Mean action std: 0.50
    Episode_Reward/track_lin_vel_xy_exp: 1.2913
     Episode_Reward/track_ang_vel_z_exp: 0.5647
            Episode_Reward/lin_vel_z_l2: -0.0505
           Episode_Reward/ang_vel_xy_l2: -0.1341
          Episode_Reward/dof_torques_l2: -0.1089
              Episode_Reward/dof_acc_l2: -0.1227
          Episode_Reward/action_rate_l2: -0.1191
           Episode_Reward/feet_air_time: -0.0104
     Episode_Reward/flat_orientation_l2: -0.0168
          Episode_Reward/dof_pos_limits: 0.0000
                   Metrics/success_rate: 1.0000
     Metrics/base_velocity/error_vel_xy: 0.1777
    Metrics/base_velocity/error_vel_yaw: 0.2485
           Episode_Termination/time_out: 0.9760
       Episode_Termination/base_contact: 0.0240
--------------------------------------------------------------------------------
                         Iteration time: 1.28s
                           Time elapsed: 00:05:18
                                    ETA: 00:06:01

################################################################################
[1m                           Learning iteration 234/500                           [0m 

                            Total steps: 11550720 
                       Steps per second: 39613 
                        Collection time: 1.188s 
                          Learning time: 0.052s 
                        Mean value loss: 0.0080
                    Mean surrogate loss: -0.0079
                      Mean entropy loss: 8.3415
                            Mean reward: 25.62
                    Mean episode length: 1000.00
                        Mean action std: 0.50
    Episode_Reward/track_lin_vel_xy_exp: 1.2765
     Episode_Reward/track_ang_vel_z_exp: 0.5640
            Episode_Reward/lin_vel_z_l2: -0.0569
           Episode_Reward/ang_vel_xy_l2: -0.1372
          Episode_Reward/dof_torques_l2: -0.1048
              Episode_Reward/dof_acc_l2: -0.1314
          Episode_Reward/action_rate_l2: -0.1209
           Episode_Reward/feet_air_time: -0.0108
     Episode_Reward/flat_orientation_l2: -0.0176
          Episode_Reward/dof_pos_limits: 0.0000
                   Metrics/success_rate: 1.0000
     Metrics/base_velocity/error_vel_xy: 0.1862
    Metrics/base_velocity/error_vel_yaw: 0.2490
           Episode_Termination/time_out: 0.9763
       Episode_Termination/base_contact: 0.0237
--------------------------------------------------------------------------------
                         Iteration time: 1.24s
                           Time elapsed: 00:05:19
                                    ETA: 00:06:00

################################################################################
[1m                           Learning iteration 235/500                           [0m 

                            Total steps: 11599872 
                       Steps per second: 39079 
                        Collection time: 1.204s 
                          Learning time: 0.054s 
                        Mean value loss: 0.0063
                    Mean surrogate loss: -0.0061
                      Mean entropy loss: 8.3073
                            Mean reward: 25.62
                    Mean episode length: 1000.00
                        Mean action std: 0.50
    Episode_Reward/track_lin_vel_xy_exp: 1.2897
     Episode_Reward/track_ang_vel_z_exp: 0.5644
            Episode_Reward/lin_vel_z_l2: -0.0517
           Episode_Reward/ang_vel_xy_l2: -0.1338
          Episode_Reward/dof_torques_l2: -0.1077
              Episode_Reward/dof_acc_l2: -0.1242
          Episode_Reward/action_rate_l2: -0.1188
           Episode_Reward/feet_air_time: -0.0112
     Episode_Reward/flat_orientation_l2: -0.0161
          Episode_Reward/dof_pos_limits: 0.0000
                   Metrics/success_rate: 1.0000
     Metrics/base_velocity/error_vel_xy: 0.1781
    Metrics/base_velocity/error_vel_yaw: 0.2487
           Episode_Termination/time_out: 0.9776
       Episode_Termination/base_contact: 0.0224
--------------------------------------------------------------------------------
                         Iteration time: 1.26s
                           Time elapsed: 00:05:20
                                    ETA: 00:05:58

################################################################################
[1m                           Learning iteration 236/500                           [0m 

                            Total steps: 11649024 
                       Steps per second: 37845 
                        Collection time: 1.245s 
                          Learning time: 0.054s 
                        Mean value loss: 0.0073
                    Mean surrogate loss: -0.0071
                      Mean entropy loss: 8.2797
                            Mean reward: 25.72
                    Mean episode length: 990.66
                        Mean action std: 0.49
    Episode_Reward/track_lin_vel_xy_exp: 1.2967
     Episode_Reward/track_ang_vel_z_exp: 0.5636
            Episode_Reward/lin_vel_z_l2: -0.0513
           Episode_Reward/ang_vel_xy_l2: -0.1332
          Episode_Reward/dof_torques_l2: -0.1034
              Episode_Reward/dof_acc_l2: -0.1222
          Episode_Reward/action_rate_l2: -0.1161
           Episode_Reward/feet_air_time: -0.0109
     Episode_Reward/flat_orientation_l2: -0.0179
          Episode_Reward/dof_pos_limits: 0.0000
                   Metrics/success_rate: 0.9896
     Metrics/base_velocity/error_vel_xy: 0.1777
    Metrics/base_velocity/error_vel_yaw: 0.2495
           Episode_Termination/time_out: 0.9786
       Episode_Termination/base_contact: 0.0214
--------------------------------------------------------------------------------
                         Iteration time: 1.30s
                           Time elapsed: 00:05:22
                                    ETA: 00:05:57

################################################################################
[1m                           Learning iteration 237/500                           [0m 

                            Total steps: 11698176 
                       Steps per second: 39885 
                        Collection time: 1.179s 
                          Learning time: 0.053s 
                        Mean value loss: 0.0067
                    Mean surrogate loss: -0.0072
                      Mean entropy loss: 8.2387
                            Mean reward: 25.65
                    Mean episode length: 981.20
                        Mean action std: 0.49
    Episode_Reward/track_lin_vel_xy_exp: 1.2758
     Episode_Reward/track_ang_vel_z_exp: 0.5594
            Episode_Reward/lin_vel_z_l2: -0.0505
           Episode_Reward/ang_vel_xy_l2: -0.1324
          Episode_Reward/dof_torques_l2: -0.1044
              Episode_Reward/dof_acc_l2: -0.1232
          Episode_Reward/action_rate_l2: -0.1158
           Episode_Reward/feet_air_time: -0.0109
     Episode_Reward/flat_orientation_l2: -0.0163
          Episode_Reward/dof_pos_limits: 0.0000
                   Metrics/success_rate: 0.9792
     Metrics/base_velocity/error_vel_xy: 0.1875
    Metrics/base_velocity/error_vel_yaw: 0.2580
           Episode_Termination/time_out: 0.9790
       Episode_Termination/base_contact: 0.0210
--------------------------------------------------------------------------------
                         Iteration time: 1.23s
                           Time elapsed: 00:05:23
                                    ETA: 00:05:55

################################################################################
[1m                           Learning iteration 238/500                           [0m 

                            Total steps: 11747328 
                       Steps per second: 38472 
                        Collection time: 1.224s 
                          Learning time: 0.054s 
                        Mean value loss: 0.0056
                    Mean surrogate loss: -0.0068
                      Mean entropy loss: 8.2219
                            Mean reward: 25.30
                    Mean episode length: 981.19
                        Mean action std: 0.49
    Episode_Reward/track_lin_vel_xy_exp: 1.2176
     Episode_Reward/track_ang_vel_z_exp: 0.5467
            Episode_Reward/lin_vel_z_l2: -0.0524
           Episode_Reward/ang_vel_xy_l2: -0.1288
          Episode_Reward/dof_torques_l2: -0.1063
              Episode_Reward/dof_acc_l2: -0.1259
          Episode_Reward/action_rate_l2: -0.1169
           Episode_Reward/feet_air_time: -0.0109
     Episode_Reward/flat_orientation_l2: -0.0593
          Episode_Reward/dof_pos_limits: 0.0000
                   Metrics/success_rate: 0.9167
     Metrics/base_velocity/error_vel_xy: 0.2209
    Metrics/base_velocity/error_vel_yaw: 0.2663
           Episode_Termination/time_out: 0.9791
       Episode_Termination/base_contact: 0.0209
--------------------------------------------------------------------------------
                         Iteration time: 1.28s
                           Time elapsed: 00:05:24
                                    ETA: 00:05:54

################################################################################
[1m                           Learning iteration 239/500                           [0m 

                            Total steps: 11796480 
                       Steps per second: 36654 
                        Collection time: 1.287s 
                          Learning time: 0.054s 
                        Mean value loss: 0.0063
                    Mean surrogate loss: -0.0082
                      Mean entropy loss: 8.2017
                            Mean reward: 25.27
                    Mean episode length: 981.36
                        Mean action std: 0.49
    Episode_Reward/track_lin_vel_xy_exp: 1.2813
     Episode_Reward/track_ang_vel_z_exp: 0.5592
            Episode_Reward/lin_vel_z_l2: -0.0480
           Episode_Reward/ang_vel_xy_l2: -0.1273
          Episode_Reward/dof_torques_l2: -0.1005
              Episode_Reward/dof_acc_l2: -0.1172
          Episode_Reward/action_rate_l2: -0.1119
           Episode_Reward/feet_air_time: -0.0109
     Episode_Reward/flat_orientation_l2: -0.0172
          Episode_Reward/dof_pos_limits: 0.0000
                   Metrics/success_rate: 0.9792
     Metrics/base_velocity/error_vel_xy: 0.1818
    Metrics/base_velocity/error_vel_yaw: 0.2590
           Episode_Termination/time_out: 0.9801
       Episode_Termination/base_contact: 0.0199
--------------------------------------------------------------------------------
                         Iteration time: 1.34s
                           Time elapsed: 00:05:25
                                    ETA: 00:05:53

################################################################################
[1m                           Learning iteration 240/500                           [0m 

                            Total steps: 11845632 
                       Steps per second: 38868 
                        Collection time: 1.212s 
                          Learning time: 0.053s 
                        Mean value loss: 0.0067
                    Mean surrogate loss: -0.0070
                      Mean entropy loss: 8.1481
                            Mean reward: 26.03
                    Mean episode length: 990.71
                        Mean action std: 0.49
    Episode_Reward/track_lin_vel_xy_exp: 1.2854
     Episode_Reward/track_ang_vel_z_exp: 0.5622
            Episode_Reward/lin_vel_z_l2: -0.0536
           Episode_Reward/ang_vel_xy_l2: -0.1298
          Episode_Reward/dof_torques_l2: -0.1137
              Episode_Reward/dof_acc_l2: -0.1279
          Episode_Reward/action_rate_l2: -0.1220
           Episode_Reward/feet_air_time: -0.0109
     Episode_Reward/flat_orientation_l2: -0.0176
          Episode_Reward/dof_pos_limits: 0.0000
                   Metrics/success_rate: 1.0000
     Metrics/base_velocity/error_vel_xy: 0.1816
    Metrics/base_velocity/error_vel_yaw: 0.2516
           Episode_Termination/time_out: 0.9810
       Episode_Termination/base_contact: 0.0190
--------------------------------------------------------------------------------
                         Iteration time: 1.26s
                           Time elapsed: 00:05:27
                                    ETA: 00:05:51

################################################################################
[1m                           Learning iteration 241/500                           [0m 

                            Total steps: 11894784 
                       Steps per second: 39226 
                        Collection time: 1.201s 
                          Learning time: 0.052s 
                        Mean value loss: 0.0063
                    Mean surrogate loss: -0.0070
                      Mean entropy loss: 8.1209
                            Mean reward: 25.84
                    Mean episode length: 990.56
                        Mean action std: 0.49
    Episode_Reward/track_lin_vel_xy_exp: 1.2483
     Episode_Reward/track_ang_vel_z_exp: 0.5536
            Episode_Reward/lin_vel_z_l2: -0.0511
           Episode_Reward/ang_vel_xy_l2: -0.1311
          Episode_Reward/dof_torques_l2: -0.1092
              Episode_Reward/dof_acc_l2: -0.1234
          Episode_Reward/action_rate_l2: -0.1189
           Episode_Reward/feet_air_time: -0.0109
     Episode_Reward/flat_orientation_l2: -0.0201
          Episode_Reward/dof_pos_limits: 0.0000
                   Metrics/success_rate: 0.9792
     Metrics/base_velocity/error_vel_xy: 0.2038
    Metrics/base_velocity/error_vel_yaw: 0.2589
           Episode_Termination/time_out: 0.9810
       Episode_Termination/base_contact: 0.0190
--------------------------------------------------------------------------------
                         Iteration time: 1.25s
                           Time elapsed: 00:05:28
                                    ETA: 00:05:50

################################################################################
[1m                           Learning iteration 242/500                           [0m 

                            Total steps: 11943936 
                       Steps per second: 38866 
                        Collection time: 1.208s 
                          Learning time: 0.057s 
                        Mean value loss: 0.0063
                    Mean surrogate loss: -0.0078
                      Mean entropy loss: 8.0950
                            Mean reward: 25.79
                    Mean episode length: 990.56
                        Mean action std: 0.49
    Episode_Reward/track_lin_vel_xy_exp: 1.3066
     Episode_Reward/track_ang_vel_z_exp: 0.5687
            Episode_Reward/lin_vel_z_l2: -0.0558
           Episode_Reward/ang_vel_xy_l2: -0.1302
          Episode_Reward/dof_torques_l2: -0.1102
              Episode_Reward/dof_acc_l2: -0.1299
          Episode_Reward/action_rate_l2: -0.1184
           Episode_Reward/feet_air_time: -0.0114
     Episode_Reward/flat_orientation_l2: -0.0180
          Episode_Reward/dof_pos_limits: 0.0000
                   Metrics/success_rate: 1.0000
     Metrics/base_velocity/error_vel_xy: 0.1697
    Metrics/base_velocity/error_vel_yaw: 0.2440
           Episode_Termination/time_out: 0.9815
       Episode_Termination/base_contact: 0.0185
--------------------------------------------------------------------------------
                         Iteration time: 1.26s
                           Time elapsed: 00:05:29
                                    ETA: 00:05:48

################################################################################
[1m                           Learning iteration 243/500                           [0m 

                            Total steps: 11993088 
                       Steps per second: 38049 
                        Collection time: 1.240s 
                          Learning time: 0.051s 
                        Mean value loss: 0.0041
                    Mean surrogate loss: -0.0072
                      Mean entropy loss: 8.0493
                            Mean reward: 26.18
                    Mean episode length: 1000.00
                        Mean action std: 0.49
    Episode_Reward/track_lin_vel_xy_exp: 1.3017
     Episode_Reward/track_ang_vel_z_exp: 0.5713
            Episode_Reward/lin_vel_z_l2: -0.0518
           Episode_Reward/ang_vel_xy_l2: -0.1280
          Episode_Reward/dof_torques_l2: -0.1095
              Episode_Reward/dof_acc_l2: -0.1210
          Episode_Reward/action_rate_l2: -0.1143
           Episode_Reward/feet_air_time: -0.0107
     Episode_Reward/flat_orientation_l2: -0.0184
          Episode_Reward/dof_pos_limits: 0.0000
                   Metrics/success_rate: 1.0000
     Metrics/base_velocity/error_vel_xy: 0.1716
    Metrics/base_velocity/error_vel_yaw: 0.2415
           Episode_Termination/time_out: 0.9819
       Episode_Termination/base_contact: 0.0181
--------------------------------------------------------------------------------
                         Iteration time: 1.29s
                           Time elapsed: 00:05:30
                                    ETA: 00:05:47

################################################################################
[1m                           Learning iteration 244/500                           [0m 

                            Total steps: 12042240 
                       Steps per second: 39934 
                        Collection time: 1.179s 
                          Learning time: 0.051s 
                        Mean value loss: 0.0064
                    Mean surrogate loss: -0.0068
                      Mean entropy loss: 7.9765
                            Mean reward: 26.15
                    Mean episode length: 991.92
                        Mean action std: 0.48
    Episode_Reward/track_lin_vel_xy_exp: 1.3008
     Episode_Reward/track_ang_vel_z_exp: 0.5657
            Episode_Reward/lin_vel_z_l2: -0.0495
           Episode_Reward/ang_vel_xy_l2: -0.1270
          Episode_Reward/dof_torques_l2: -0.1058
              Episode_Reward/dof_acc_l2: -0.1190
          Episode_Reward/action_rate_l2: -0.1132
           Episode_Reward/feet_air_time: -0.0109
     Episode_Reward/flat_orientation_l2: -0.0184
          Episode_Reward/dof_pos_limits: 0.0000
                   Metrics/success_rate: 0.9896
     Metrics/base_velocity/error_vel_xy: 0.1712
    Metrics/base_velocity/error_vel_yaw: 0.2502
           Episode_Termination/time_out: 0.9824
       Episode_Termination/base_contact: 0.0176
--------------------------------------------------------------------------------
                         Iteration time: 1.23s
                           Time elapsed: 00:05:32
                                    ETA: 00:05:45

################################################################################
[1m                           Learning iteration 245/500                           [0m 

                            Total steps: 12091392 
                       Steps per second: 38413 
                        Collection time: 1.211s 
                          Learning time: 0.068s 
                        Mean value loss: 0.0058
                    Mean surrogate loss: -0.0075
                      Mean entropy loss: 7.9408
                            Mean reward: 26.25
                    Mean episode length: 991.92
                        Mean action std: 0.48
    Episode_Reward/track_lin_vel_xy_exp: 1.3045
     Episode_Reward/track_ang_vel_z_exp: 0.5722
            Episode_Reward/lin_vel_z_l2: -0.0483
           Episode_Reward/ang_vel_xy_l2: -0.1281
          Episode_Reward/dof_torques_l2: -0.1060
              Episode_Reward/dof_acc_l2: -0.1193
          Episode_Reward/action_rate_l2: -0.1139
           Episode_Reward/feet_air_time: -0.0109
     Episode_Reward/flat_orientation_l2: -0.0152
          Episode_Reward/dof_pos_limits: 0.0000
                   Metrics/success_rate: 1.0000
     Metrics/base_velocity/error_vel_xy: 0.1706
    Metrics/base_velocity/error_vel_yaw: 0.2403
           Episode_Termination/time_out: 0.9827
       Episode_Termination/base_contact: 0.0173
--------------------------------------------------------------------------------
                         Iteration time: 1.28s
                           Time elapsed: 00:05:33
                                    ETA: 00:05:44

################################################################################
[1m                           Learning iteration 246/500                           [0m 

                            Total steps: 12140544 
                       Steps per second: 40006 
                        Collection time: 1.176s 
                          Learning time: 0.053s 
                        Mean value loss: 0.0046
                    Mean surrogate loss: -0.0076
                      Mean entropy loss: 7.9086
                            Mean reward: 26.06
                    Mean episode length: 987.85
                        Mean action std: 0.48
    Episode_Reward/track_lin_vel_xy_exp: 1.2304
     Episode_Reward/track_ang_vel_z_exp: 0.5274
            Episode_Reward/lin_vel_z_l2: -0.0480
           Episode_Reward/ang_vel_xy_l2: -0.1221
          Episode_Reward/dof_torques_l2: -0.1012
              Episode_Reward/dof_acc_l2: -0.1174
          Episode_Reward/action_rate_l2: -0.1087
           Episode_Reward/feet_air_time: -0.0097
     Episode_Reward/flat_orientation_l2: -0.0453
          Episode_Reward/dof_pos_limits: 0.0000
                   Metrics/success_rate: 0.8958
     Metrics/base_velocity/error_vel_xy: 0.1929
    Metrics/base_velocity/error_vel_yaw: 0.2869
           Episode_Termination/time_out: 0.9824
       Episode_Termination/base_contact: 0.0176
--------------------------------------------------------------------------------
                         Iteration time: 1.23s
                           Time elapsed: 00:05:34
                                    ETA: 00:05:42

################################################################################
[1m                           Learning iteration 247/500                           [0m 

                            Total steps: 12189696 
                       Steps per second: 39568 
                        Collection time: 1.187s 
                          Learning time: 0.055s 
                        Mean value loss: 0.0061
                    Mean surrogate loss: -0.0068
                      Mean entropy loss: 7.8683
                            Mean reward: 25.84
                    Mean episode length: 978.74
                        Mean action std: 0.48
    Episode_Reward/track_lin_vel_xy_exp: 1.2976
     Episode_Reward/track_ang_vel_z_exp: 0.5660
            Episode_Reward/lin_vel_z_l2: -0.0516
           Episode_Reward/ang_vel_xy_l2: -0.1274
          Episode_Reward/dof_torques_l2: -0.1040
              Episode_Reward/dof_acc_l2: -0.1233
          Episode_Reward/action_rate_l2: -0.1147
           Episode_Reward/feet_air_time: -0.0112
     Episode_Reward/flat_orientation_l2: -0.0186
          Episode_Reward/dof_pos_limits: 0.0000
                   Metrics/success_rate: 0.9896
     Metrics/base_velocity/error_vel_xy: 0.1749
    Metrics/base_velocity/error_vel_yaw: 0.2486
           Episode_Termination/time_out: 0.9832
       Episode_Termination/base_contact: 0.0168
--------------------------------------------------------------------------------
                         Iteration time: 1.24s
                           Time elapsed: 00:05:35
                                    ETA: 00:05:41

################################################################################
[1m                           Learning iteration 248/500                           [0m 

                            Total steps: 12238848 
                       Steps per second: 38748 
                        Collection time: 1.215s 
                          Learning time: 0.054s 
                        Mean value loss: 0.0058
                    Mean surrogate loss: -0.0071
                      Mean entropy loss: 7.8329
                            Mean reward: 26.63
                    Mean episode length: 990.89
                        Mean action std: 0.48
    Episode_Reward/track_lin_vel_xy_exp: 1.3184
     Episode_Reward/track_ang_vel_z_exp: 0.5738
            Episode_Reward/lin_vel_z_l2: -0.0495
           Episode_Reward/ang_vel_xy_l2: -0.1250
          Episode_Reward/dof_torques_l2: -0.1069
              Episode_Reward/dof_acc_l2: -0.1119
          Episode_Reward/action_rate_l2: -0.1123
           Episode_Reward/feet_air_time: -0.0108
     Episode_Reward/flat_orientation_l2: -0.0152
          Episode_Reward/dof_pos_limits: 0.0000
                   Metrics/success_rate: 1.0000
     Metrics/base_velocity/error_vel_xy: 0.1628
    Metrics/base_velocity/error_vel_yaw: 0.2397
           Episode_Termination/time_out: 0.9836
       Episode_Termination/base_contact: 0.0164
--------------------------------------------------------------------------------
                         Iteration time: 1.27s
                           Time elapsed: 00:05:37
                                    ETA: 00:05:39

################################################################################
[1m                           Learning iteration 249/500                           [0m 

                            Total steps: 12288000 
                       Steps per second: 39883 
                        Collection time: 1.175s 
                          Learning time: 0.057s 
                        Mean value loss: 0.0056
                    Mean surrogate loss: -0.0059
                      Mean entropy loss: 7.7963
                            Mean reward: 26.85
                    Mean episode length: 991.51
                        Mean action std: 0.48
    Episode_Reward/track_lin_vel_xy_exp: 1.2769
     Episode_Reward/track_ang_vel_z_exp: 0.5515
            Episode_Reward/lin_vel_z_l2: -0.0504
           Episode_Reward/ang_vel_xy_l2: -0.1219
          Episode_Reward/dof_torques_l2: -0.0970
              Episode_Reward/dof_acc_l2: -0.1144
          Episode_Reward/action_rate_l2: -0.1078
           Episode_Reward/feet_air_time: -0.0103
     Episode_Reward/flat_orientation_l2: -0.0205
          Episode_Reward/dof_pos_limits: 0.0000
                   Metrics/success_rate: 0.9583
     Metrics/base_velocity/error_vel_xy: 0.1686
    Metrics/base_velocity/error_vel_yaw: 0.2761
           Episode_Termination/time_out: 0.9837
       Episode_Termination/base_contact: 0.0163
--------------------------------------------------------------------------------
                         Iteration time: 1.23s
                           Time elapsed: 00:05:38
                                    ETA: 00:05:38

################################################################################
[1m                           Learning iteration 250/500                           [0m 

                            Total steps: 12337152 
                       Steps per second: 38785 
                        Collection time: 1.197s 
                          Learning time: 0.071s 
                        Mean value loss: 0.0045
                    Mean surrogate loss: -0.0069
                      Mean entropy loss: 7.7493
                            Mean reward: 26.58
                    Mean episode length: 973.55
                        Mean action std: 0.47
    Episode_Reward/track_lin_vel_xy_exp: 1.2844
     Episode_Reward/track_ang_vel_z_exp: 0.5562
            Episode_Reward/lin_vel_z_l2: -0.0451
           Episode_Reward/ang_vel_xy_l2: -0.1218
          Episode_Reward/dof_torques_l2: -0.0972
              Episode_Reward/dof_acc_l2: -0.1045
          Episode_Reward/action_rate_l2: -0.1044
           Episode_Reward/feet_air_time: -0.0098
     Episode_Reward/flat_orientation_l2: -0.0186
          Episode_Reward/dof_pos_limits: 0.0000
                   Metrics/success_rate: 0.9653
     Metrics/base_velocity/error_vel_xy: 0.1890
    Metrics/base_velocity/error_vel_yaw: 0.2613
           Episode_Termination/time_out: 0.9828
       Episode_Termination/base_contact: 0.0172
--------------------------------------------------------------------------------
                         Iteration time: 1.27s
                           Time elapsed: 00:05:39
                                    ETA: 00:05:36

################################################################################
[1m                           Learning iteration 251/500                           [0m 

                            Total steps: 12386304 
                       Steps per second: 37899 
                        Collection time: 1.242s 
                          Learning time: 0.055s 
                        Mean value loss: 0.0047
                    Mean surrogate loss: -0.0071
                      Mean entropy loss: 7.6966
                            Mean reward: 26.32
                    Mean episode length: 972.79
                        Mean action std: 0.47
    Episode_Reward/track_lin_vel_xy_exp: 1.2652
     Episode_Reward/track_ang_vel_z_exp: 0.5522
            Episode_Reward/lin_vel_z_l2: -0.0498
           Episode_Reward/ang_vel_xy_l2: -0.1195
          Episode_Reward/dof_torques_l2: -0.1031
              Episode_Reward/dof_acc_l2: -0.1151
          Episode_Reward/action_rate_l2: -0.1092
           Episode_Reward/feet_air_time: -0.0104
     Episode_Reward/flat_orientation_l2: -0.0184
          Episode_Reward/dof_pos_limits: 0.0000
                   Metrics/success_rate: 0.9583
     Metrics/base_velocity/error_vel_xy: 0.2058
    Metrics/base_velocity/error_vel_yaw: 0.2596
           Episode_Termination/time_out: 0.9828
       Episode_Termination/base_contact: 0.0172
--------------------------------------------------------------------------------
                         Iteration time: 1.30s
                           Time elapsed: 00:05:40
                                    ETA: 00:05:35

################################################################################
[1m                           Learning iteration 252/500                           [0m 

                            Total steps: 12435456 
                       Steps per second: 39841 
                        Collection time: 1.176s 
                          Learning time: 0.057s 
                        Mean value loss: 0.0058
                    Mean surrogate loss: -0.0076
                      Mean entropy loss: 7.6583
                            Mean reward: 27.03
                    Mean episode length: 990.75
                        Mean action std: 0.47
    Episode_Reward/track_lin_vel_xy_exp: 1.3300
     Episode_Reward/track_ang_vel_z_exp: 0.5771
            Episode_Reward/lin_vel_z_l2: -0.0492
           Episode_Reward/ang_vel_xy_l2: -0.1219
          Episode_Reward/dof_torques_l2: -0.1045
              Episode_Reward/dof_acc_l2: -0.1132
          Episode_Reward/action_rate_l2: -0.1093
           Episode_Reward/feet_air_time: -0.0106
     Episode_Reward/flat_orientation_l2: -0.0161
          Episode_Reward/dof_pos_limits: 0.0000
                   Metrics/success_rate: 1.0000
     Metrics/base_velocity/error_vel_xy: 0.1566
    Metrics/base_velocity/error_vel_yaw: 0.2362
           Episode_Termination/time_out: 0.9831
       Episode_Termination/base_contact: 0.0169
--------------------------------------------------------------------------------
                         Iteration time: 1.23s
                           Time elapsed: 00:05:42
                                    ETA: 00:05:34

################################################################################
[1m                           Learning iteration 253/500                           [0m 

                            Total steps: 12484608 
                       Steps per second: 38850 
                        Collection time: 1.212s 
                          Learning time: 0.053s 
                        Mean value loss: 0.0057
                    Mean surrogate loss: -0.0081
                      Mean entropy loss: 7.6190
                            Mean reward: 27.30
                    Mean episode length: 991.25
                        Mean action std: 0.47
    Episode_Reward/track_lin_vel_xy_exp: 1.3087
     Episode_Reward/track_ang_vel_z_exp: 0.5704
            Episode_Reward/lin_vel_z_l2: -0.0509
           Episode_Reward/ang_vel_xy_l2: -0.1221
          Episode_Reward/dof_torques_l2: -0.1067
              Episode_Reward/dof_acc_l2: -0.1189
          Episode_Reward/action_rate_l2: -0.1119
           Episode_Reward/feet_air_time: -0.0109
     Episode_Reward/flat_orientation_l2: -0.0159
          Episode_Reward/dof_pos_limits: 0.0000
                   Metrics/success_rate: 0.9948
     Metrics/base_velocity/error_vel_xy: 0.1689
    Metrics/base_velocity/error_vel_yaw: 0.2420
           Episode_Termination/time_out: 0.9830
       Episode_Termination/base_contact: 0.0170
--------------------------------------------------------------------------------
                         Iteration time: 1.27s
                           Time elapsed: 00:05:43
                                    ETA: 00:05:32

################################################################################
[1m                           Learning iteration 254/500                           [0m 

                            Total steps: 12533760 
                       Steps per second: 40292 
                        Collection time: 1.166s 
                          Learning time: 0.054s 
                        Mean value loss: 0.0067
                    Mean surrogate loss: -0.0058
                      Mean entropy loss: 7.6068
                            Mean reward: 27.67
                    Mean episode length: 1000.00
                        Mean action std: 0.47
    Episode_Reward/track_lin_vel_xy_exp: 1.3305
     Episode_Reward/track_ang_vel_z_exp: 0.5766
            Episode_Reward/lin_vel_z_l2: -0.0486
           Episode_Reward/ang_vel_xy_l2: -0.1209
          Episode_Reward/dof_torques_l2: -0.1032
              Episode_Reward/dof_acc_l2: -0.1125
          Episode_Reward/action_rate_l2: -0.1096
           Episode_Reward/feet_air_time: -0.0108
     Episode_Reward/flat_orientation_l2: -0.0159
          Episode_Reward/dof_pos_limits: 0.0000
                   Metrics/success_rate: 1.0000
     Metrics/base_velocity/error_vel_xy: 0.1571
    Metrics/base_velocity/error_vel_yaw: 0.2367
           Episode_Termination/time_out: 0.9849
       Episode_Termination/base_contact: 0.0151
--------------------------------------------------------------------------------
                         Iteration time: 1.22s
                           Time elapsed: 00:05:44
                                    ETA: 00:05:31

################################################################################
[1m                           Learning iteration 255/500                           [0m 

                            Total steps: 12582912 
                       Steps per second: 41412 
                        Collection time: 1.136s 
                          Learning time: 0.051s 
                        Mean value loss: 0.0068
                    Mean surrogate loss: -0.0074
                      Mean entropy loss: 7.5719
                            Mean reward: 27.73
                    Mean episode length: 1000.00
                        Mean action std: 0.47
    Episode_Reward/track_lin_vel_xy_exp: 1.3309
     Episode_Reward/track_ang_vel_z_exp: 0.5778
            Episode_Reward/lin_vel_z_l2: -0.0482
           Episode_Reward/ang_vel_xy_l2: -0.1183
          Episode_Reward/dof_torques_l2: -0.1055
              Episode_Reward/dof_acc_l2: -0.1085
          Episode_Reward/action_rate_l2: -0.1076
           Episode_Reward/feet_air_time: -0.0100
     Episode_Reward/flat_orientation_l2: -0.0154
          Episode_Reward/dof_pos_limits: 0.0000
                   Metrics/success_rate: 1.0000
     Metrics/base_velocity/error_vel_xy: 0.1556
    Metrics/base_velocity/error_vel_yaw: 0.2353
           Episode_Termination/time_out: 0.9858
       Episode_Termination/base_contact: 0.0142
--------------------------------------------------------------------------------
                         Iteration time: 1.19s
                           Time elapsed: 00:05:45
                                    ETA: 00:05:29

################################################################################
[1m                           Learning iteration 256/500                           [0m 

                            Total steps: 12632064 
                       Steps per second: 40247 
                        Collection time: 1.162s 
                          Learning time: 0.059s 
                        Mean value loss: 0.0068
                    Mean surrogate loss: -0.0083
                      Mean entropy loss: 7.5547
                            Mean reward: 27.45
                    Mean episode length: 991.41
                        Mean action std: 0.47
    Episode_Reward/track_lin_vel_xy_exp: 1.3220
     Episode_Reward/track_ang_vel_z_exp: 0.5728
            Episode_Reward/lin_vel_z_l2: -0.0495
           Episode_Reward/ang_vel_xy_l2: -0.1187
          Episode_Reward/dof_torques_l2: -0.1045
              Episode_Reward/dof_acc_l2: -0.1096
          Episode_Reward/action_rate_l2: -0.1074
           Episode_Reward/feet_air_time: -0.0102
     Episode_Reward/flat_orientation_l2: -0.0155
          Episode_Reward/dof_pos_limits: 0.0000
                   Metrics/success_rate: 0.9917
     Metrics/base_velocity/error_vel_xy: 0.1634
    Metrics/base_velocity/error_vel_yaw: 0.2419
           Episode_Termination/time_out: 0.9862
       Episode_Termination/base_contact: 0.0138
--------------------------------------------------------------------------------
                         Iteration time: 1.22s
                           Time elapsed: 00:05:47
                                    ETA: 00:05:28

################################################################################
[1m                           Learning iteration 257/500                           [0m 

                            Total steps: 12681216 
                       Steps per second: 39158 
                        Collection time: 1.201s 
                          Learning time: 0.054s 
                        Mean value loss: 0.0060
                    Mean surrogate loss: -0.0073
                      Mean entropy loss: 7.5482
                            Mean reward: 27.23
                    Mean episode length: 990.86
                        Mean action std: 0.47
    Episode_Reward/track_lin_vel_xy_exp: 1.2697
     Episode_Reward/track_ang_vel_z_exp: 0.5567
            Episode_Reward/lin_vel_z_l2: -0.0503
           Episode_Reward/ang_vel_xy_l2: -0.1165
          Episode_Reward/dof_torques_l2: -0.1022
              Episode_Reward/dof_acc_l2: -0.1084
          Episode_Reward/action_rate_l2: -0.1048
           Episode_Reward/feet_air_time: -0.0098
     Episode_Reward/flat_orientation_l2: -0.0170
          Episode_Reward/dof_pos_limits: 0.0000
                   Metrics/success_rate: 0.9583
     Metrics/base_velocity/error_vel_xy: 0.1890
    Metrics/base_velocity/error_vel_yaw: 0.2706
           Episode_Termination/time_out: 0.9865
       Episode_Termination/base_contact: 0.0135
--------------------------------------------------------------------------------
                         Iteration time: 1.26s
                           Time elapsed: 00:05:48
                                    ETA: 00:05:26

################################################################################
[1m                           Learning iteration 258/500                           [0m 

                            Total steps: 12730368 
                       Steps per second: 39899 
                        Collection time: 1.171s 
                          Learning time: 0.061s 
                        Mean value loss: 0.0048
                    Mean surrogate loss: -0.0075
                      Mean entropy loss: 7.5307
                            Mean reward: 27.45
                    Mean episode length: 990.86
                        Mean action std: 0.47
    Episode_Reward/track_lin_vel_xy_exp: 1.3195
     Episode_Reward/track_ang_vel_z_exp: 0.5808
            Episode_Reward/lin_vel_z_l2: -0.0504
           Episode_Reward/ang_vel_xy_l2: -0.1200
          Episode_Reward/dof_torques_l2: -0.1070
              Episode_Reward/dof_acc_l2: -0.1090
          Episode_Reward/action_rate_l2: -0.1084
           Episode_Reward/feet_air_time: -0.0100
     Episode_Reward/flat_orientation_l2: -0.0156
          Episode_Reward/dof_pos_limits: 0.0000
                   Metrics/success_rate: 1.0000
     Metrics/base_velocity/error_vel_xy: 0.1620
    Metrics/base_velocity/error_vel_yaw: 0.2325
           Episode_Termination/time_out: 0.9868
       Episode_Termination/base_contact: 0.0132
--------------------------------------------------------------------------------
                         Iteration time: 1.23s
                           Time elapsed: 00:05:49
                                    ETA: 00:05:25

################################################################################
[1m                           Learning iteration 259/500                           [0m 

                            Total steps: 12779520 
                       Steps per second: 39186 
                        Collection time: 1.199s 
                          Learning time: 0.055s 
                        Mean value loss: 0.0070
                    Mean surrogate loss: -0.0061
                      Mean entropy loss: 7.5124
                            Mean reward: 28.12
                    Mean episode length: 1000.00
                        Mean action std: 0.47
    Episode_Reward/track_lin_vel_xy_exp: 1.3364
     Episode_Reward/track_ang_vel_z_exp: 0.5827
            Episode_Reward/lin_vel_z_l2: -0.0464
           Episode_Reward/ang_vel_xy_l2: -0.1178
          Episode_Reward/dof_torques_l2: -0.1064
              Episode_Reward/dof_acc_l2: -0.1045
          Episode_Reward/action_rate_l2: -0.1065
           Episode_Reward/feet_air_time: -0.0100
     Episode_Reward/flat_orientation_l2: -0.0158
          Episode_Reward/dof_pos_limits: 0.0000
                   Metrics/success_rate: 1.0000
     Metrics/base_velocity/error_vel_xy: 0.1525
    Metrics/base_velocity/error_vel_yaw: 0.2304
           Episode_Termination/time_out: 0.9869
       Episode_Termination/base_contact: 0.0131
--------------------------------------------------------------------------------
                         Iteration time: 1.25s
                           Time elapsed: 00:05:50
                                    ETA: 00:05:23

################################################################################
[1m                           Learning iteration 260/500                           [0m 

                            Total steps: 12828672 
                       Steps per second: 38216 
                        Collection time: 1.230s 
                          Learning time: 0.056s 
                        Mean value loss: 0.0059
                    Mean surrogate loss: -0.0084
                      Mean entropy loss: 7.4950
                            Mean reward: 27.74
                    Mean episode length: 1000.00
                        Mean action std: 0.46
    Episode_Reward/track_lin_vel_xy_exp: 1.3199
     Episode_Reward/track_ang_vel_z_exp: 0.5811
            Episode_Reward/lin_vel_z_l2: -0.0507
           Episode_Reward/ang_vel_xy_l2: -0.1173
          Episode_Reward/dof_torques_l2: -0.1067
              Episode_Reward/dof_acc_l2: -0.1174
          Episode_Reward/action_rate_l2: -0.1101
           Episode_Reward/feet_air_time: -0.0107
     Episode_Reward/flat_orientation_l2: -0.0167
          Episode_Reward/dof_pos_limits: 0.0000
                   Metrics/success_rate: 1.0000
     Metrics/base_velocity/error_vel_xy: 0.1621
    Metrics/base_velocity/error_vel_yaw: 0.2319
           Episode_Termination/time_out: 0.9882
       Episode_Termination/base_contact: 0.0118
--------------------------------------------------------------------------------
                         Iteration time: 1.29s
                           Time elapsed: 00:05:52
                                    ETA: 00:05:22

################################################################################
[1m                           Learning iteration 261/500                           [0m 

                            Total steps: 12877824 
                       Steps per second: 39591 
                        Collection time: 1.189s 
                          Learning time: 0.052s 
                        Mean value loss: 0.0047
                    Mean surrogate loss: -0.0061
                      Mean entropy loss: 7.4540
                            Mean reward: 27.97
                    Mean episode length: 1000.00
                        Mean action std: 0.46
    Episode_Reward/track_lin_vel_xy_exp: 1.3406
     Episode_Reward/track_ang_vel_z_exp: 0.5845
            Episode_Reward/lin_vel_z_l2: -0.0482
           Episode_Reward/ang_vel_xy_l2: -0.1175
          Episode_Reward/dof_torques_l2: -0.1036
              Episode_Reward/dof_acc_l2: -0.1082
          Episode_Reward/action_rate_l2: -0.1064
           Episode_Reward/feet_air_time: -0.0102
     Episode_Reward/flat_orientation_l2: -0.0132
          Episode_Reward/dof_pos_limits: 0.0000
                   Metrics/success_rate: 1.0000
     Metrics/base_velocity/error_vel_xy: 0.1502
    Metrics/base_velocity/error_vel_yaw: 0.2286
           Episode_Termination/time_out: 0.9883
       Episode_Termination/base_contact: 0.0117
--------------------------------------------------------------------------------
                         Iteration time: 1.24s
                           Time elapsed: 00:05:53
                                    ETA: 00:05:21

################################################################################
[1m                           Learning iteration 262/500                           [0m 

                            Total steps: 12926976 
                       Steps per second: 39655 
                        Collection time: 1.188s 
                          Learning time: 0.051s 
                        Mean value loss: 0.0062
                    Mean surrogate loss: -0.0063
                      Mean entropy loss: 7.4201
                            Mean reward: 28.09
                    Mean episode length: 1000.00
                        Mean action std: 0.46
    Episode_Reward/track_lin_vel_xy_exp: 1.3287
     Episode_Reward/track_ang_vel_z_exp: 0.5812
            Episode_Reward/lin_vel_z_l2: -0.0515
           Episode_Reward/ang_vel_xy_l2: -0.1158
          Episode_Reward/dof_torques_l2: -0.1073
              Episode_Reward/dof_acc_l2: -0.1151
          Episode_Reward/action_rate_l2: -0.1097
           Episode_Reward/feet_air_time: -0.0104
     Episode_Reward/flat_orientation_l2: -0.0155
          Episode_Reward/dof_pos_limits: 0.0000
                   Metrics/success_rate: 1.0000
     Metrics/base_velocity/error_vel_xy: 0.1588
    Metrics/base_velocity/error_vel_yaw: 0.2319
           Episode_Termination/time_out: 0.9883
       Episode_Termination/base_contact: 0.0117
--------------------------------------------------------------------------------
                         Iteration time: 1.24s
                           Time elapsed: 00:05:54
                                    ETA: 00:05:19

################################################################################
[1m                           Learning iteration 263/500                           [0m 

                            Total steps: 12976128 
                       Steps per second: 38372 
                        Collection time: 1.222s 
                          Learning time: 0.059s 
                        Mean value loss: 0.0045
                    Mean surrogate loss: -0.0075
                      Mean entropy loss: 7.4029
                            Mean reward: 27.06
                    Mean episode length: 972.79
                        Mean action std: 0.46
    Episode_Reward/track_lin_vel_xy_exp: 1.2822
     Episode_Reward/track_ang_vel_z_exp: 0.5628
            Episode_Reward/lin_vel_z_l2: -0.0475
           Episode_Reward/ang_vel_xy_l2: -0.1120
          Episode_Reward/dof_torques_l2: -0.1021
              Episode_Reward/dof_acc_l2: -0.1094
          Episode_Reward/action_rate_l2: -0.1032
           Episode_Reward/feet_air_time: -0.0097
     Episode_Reward/flat_orientation_l2: -0.0203
          Episode_Reward/dof_pos_limits: 0.0000
                   Metrics/success_rate: 0.9604
     Metrics/base_velocity/error_vel_xy: 0.1916
    Metrics/base_velocity/error_vel_yaw: 0.2450
           Episode_Termination/time_out: 0.9876
       Episode_Termination/base_contact: 0.0124
--------------------------------------------------------------------------------
                         Iteration time: 1.28s
                           Time elapsed: 00:05:55
                                    ETA: 00:05:18

################################################################################
[1m                           Learning iteration 264/500                           [0m 

                            Total steps: 13025280 
                       Steps per second: 38790 
                        Collection time: 1.211s 
                          Learning time: 0.056s 
                        Mean value loss: 0.0038
                    Mean surrogate loss: -0.0069
                      Mean entropy loss: 7.3594
                            Mean reward: 27.09
                    Mean episode length: 972.79
                        Mean action std: 0.46
    Episode_Reward/track_lin_vel_xy_exp: 1.3274
     Episode_Reward/track_ang_vel_z_exp: 0.5820
            Episode_Reward/lin_vel_z_l2: -0.0522
           Episode_Reward/ang_vel_xy_l2: -0.1194
          Episode_Reward/dof_torques_l2: -0.1019
              Episode_Reward/dof_acc_l2: -0.1177
          Episode_Reward/action_rate_l2: -0.1081
           Episode_Reward/feet_air_time: -0.0107
     Episode_Reward/flat_orientation_l2: -0.0141
          Episode_Reward/dof_pos_limits: 0.0000
                   Metrics/success_rate: 1.0000
     Metrics/base_velocity/error_vel_xy: 0.1586
    Metrics/base_velocity/error_vel_yaw: 0.2318
           Episode_Termination/time_out: 0.9876
       Episode_Termination/base_contact: 0.0124
--------------------------------------------------------------------------------
                         Iteration time: 1.27s
                           Time elapsed: 00:05:57
                                    ETA: 00:05:16

################################################################################
[1m                           Learning iteration 265/500                           [0m 

                            Total steps: 13074432 
                       Steps per second: 37422 
                        Collection time: 1.259s 
                          Learning time: 0.054s 
                        Mean value loss: 0.0038
                    Mean surrogate loss: -0.0077
                      Mean entropy loss: 7.3116
                            Mean reward: 27.59
                    Mean episode length: 991.29
                        Mean action std: 0.46
    Episode_Reward/track_lin_vel_xy_exp: 1.3333
     Episode_Reward/track_ang_vel_z_exp: 0.5869
            Episode_Reward/lin_vel_z_l2: -0.0508
           Episode_Reward/ang_vel_xy_l2: -0.1159
          Episode_Reward/dof_torques_l2: -0.1061
              Episode_Reward/dof_acc_l2: -0.1122
          Episode_Reward/action_rate_l2: -0.1065
           Episode_Reward/feet_air_time: -0.0103
     Episode_Reward/flat_orientation_l2: -0.0160
          Episode_Reward/dof_pos_limits: 0.0000
                   Metrics/success_rate: 1.0000
     Metrics/base_velocity/error_vel_xy: 0.1558
    Metrics/base_velocity/error_vel_yaw: 0.2268
           Episode_Termination/time_out: 0.9878
       Episode_Termination/base_contact: 0.0122
--------------------------------------------------------------------------------
                         Iteration time: 1.31s
                           Time elapsed: 00:05:58
                                    ETA: 00:05:15

################################################################################
[1m                           Learning iteration 266/500                           [0m 

                            Total steps: 13123584 
                       Steps per second: 38576 
                        Collection time: 1.207s 
                          Learning time: 0.067s 
                        Mean value loss: 0.0049
                    Mean surrogate loss: -0.0055
                      Mean entropy loss: 7.2858
                            Mean reward: 28.24
                    Mean episode length: 1000.00
                        Mean action std: 0.46
    Episode_Reward/track_lin_vel_xy_exp: 1.3446
     Episode_Reward/track_ang_vel_z_exp: 0.5872
            Episode_Reward/lin_vel_z_l2: -0.0487
           Episode_Reward/ang_vel_xy_l2: -0.1142
          Episode_Reward/dof_torques_l2: -0.1049
              Episode_Reward/dof_acc_l2: -0.1064
          Episode_Reward/action_rate_l2: -0.1048
           Episode_Reward/feet_air_time: -0.0105
     Episode_Reward/flat_orientation_l2: -0.0149
          Episode_Reward/dof_pos_limits: 0.0000
                   Metrics/success_rate: 1.0000
     Metrics/base_velocity/error_vel_xy: 0.1481
    Metrics/base_velocity/error_vel_yaw: 0.2259
           Episode_Termination/time_out: 0.9878
       Episode_Termination/base_contact: 0.0122
--------------------------------------------------------------------------------
                         Iteration time: 1.27s
                           Time elapsed: 00:05:59
                                    ETA: 00:05:13

################################################################################
[1m                           Learning iteration 267/500                           [0m 

                            Total steps: 13172736 
                       Steps per second: 38102 
                        Collection time: 1.238s 
                          Learning time: 0.052s 
                        Mean value loss: 0.0051
                    Mean surrogate loss: -0.0080
                      Mean entropy loss: 7.2553
                            Mean reward: 28.48
                    Mean episode length: 1000.00
                        Mean action std: 0.46
    Episode_Reward/track_lin_vel_xy_exp: 1.3481
     Episode_Reward/track_ang_vel_z_exp: 0.5862
            Episode_Reward/lin_vel_z_l2: -0.0475
           Episode_Reward/ang_vel_xy_l2: -0.1134
          Episode_Reward/dof_torques_l2: -0.1035
              Episode_Reward/dof_acc_l2: -0.1098
          Episode_Reward/action_rate_l2: -0.1049
           Episode_Reward/feet_air_time: -0.0104
     Episode_Reward/flat_orientation_l2: -0.0129
          Episode_Reward/dof_pos_limits: 0.0000
                   Metrics/success_rate: 1.0000
     Metrics/base_velocity/error_vel_xy: 0.1471
    Metrics/base_velocity/error_vel_yaw: 0.2269
           Episode_Termination/time_out: 0.9881
       Episode_Termination/base_contact: 0.0119
--------------------------------------------------------------------------------
                         Iteration time: 1.29s
                           Time elapsed: 00:06:01
                                    ETA: 00:05:12

################################################################################
[1m                           Learning iteration 268/500                           [0m 

                            Total steps: 13221888 
                       Steps per second: 39681 
                        Collection time: 1.186s 
                          Learning time: 0.053s 
                        Mean value loss: 0.0065
                    Mean surrogate loss: -0.0074
                      Mean entropy loss: 7.2250
                            Mean reward: 28.72
                    Mean episode length: 990.81
                        Mean action std: 0.45
    Episode_Reward/track_lin_vel_xy_exp: 1.2959
     Episode_Reward/track_ang_vel_z_exp: 0.5640
            Episode_Reward/lin_vel_z_l2: -0.0474
           Episode_Reward/ang_vel_xy_l2: -0.1121
          Episode_Reward/dof_torques_l2: -0.0959
              Episode_Reward/dof_acc_l2: -0.1055
          Episode_Reward/action_rate_l2: -0.0993
           Episode_Reward/feet_air_time: -0.0101
     Episode_Reward/flat_orientation_l2: -0.0170
          Episode_Reward/dof_pos_limits: 0.0000
                   Metrics/success_rate: 0.9583
     Metrics/base_velocity/error_vel_xy: 0.1691
    Metrics/base_velocity/error_vel_yaw: 0.2596
           Episode_Termination/time_out: 0.9883
       Episode_Termination/base_contact: 0.0117
--------------------------------------------------------------------------------
                         Iteration time: 1.24s
                           Time elapsed: 00:06:02
                                    ETA: 00:05:11

################################################################################
[1m                           Learning iteration 269/500                           [0m 

                            Total steps: 13271040 
                       Steps per second: 39984 
                        Collection time: 1.175s 
                          Learning time: 0.054s 
                        Mean value loss: 0.0062
                    Mean surrogate loss: -0.0063
                      Mean entropy loss: 7.2160
                            Mean reward: 28.36
                    Mean episode length: 984.48
                        Mean action std: 0.45
    Episode_Reward/track_lin_vel_xy_exp: 1.3263
     Episode_Reward/track_ang_vel_z_exp: 0.5799
            Episode_Reward/lin_vel_z_l2: -0.0436
           Episode_Reward/ang_vel_xy_l2: -0.1085
          Episode_Reward/dof_torques_l2: -0.0980
              Episode_Reward/dof_acc_l2: -0.0933
          Episode_Reward/action_rate_l2: -0.0985
           Episode_Reward/feet_air_time: -0.0092
     Episode_Reward/flat_orientation_l2: -0.0199
          Episode_Reward/dof_pos_limits: 0.0000
                   Metrics/success_rate: 0.9792
     Metrics/base_velocity/error_vel_xy: 0.1533
    Metrics/base_velocity/error_vel_yaw: 0.2364
           Episode_Termination/time_out: 0.9897
       Episode_Termination/base_contact: 0.0103
--------------------------------------------------------------------------------
                         Iteration time: 1.23s
                           Time elapsed: 00:06:03
                                    ETA: 00:05:09

################################################################################
[1m                           Learning iteration 270/500                           [0m 

                            Total steps: 13320192 
                       Steps per second: 39147 
                        Collection time: 1.203s 
                          Learning time: 0.052s 
                        Mean value loss: 0.0048
                    Mean surrogate loss: -0.0075
                      Mean entropy loss: 7.1912
                            Mean reward: 28.81
                    Mean episode length: 993.67
                        Mean action std: 0.45
    Episode_Reward/track_lin_vel_xy_exp: 1.3479
     Episode_Reward/track_ang_vel_z_exp: 0.5890
            Episode_Reward/lin_vel_z_l2: -0.0502
           Episode_Reward/ang_vel_xy_l2: -0.1113
          Episode_Reward/dof_torques_l2: -0.1031
              Episode_Reward/dof_acc_l2: -0.1086
          Episode_Reward/action_rate_l2: -0.1038
           Episode_Reward/feet_air_time: -0.0098
     Episode_Reward/flat_orientation_l2: -0.0145
          Episode_Reward/dof_pos_limits: 0.0000
                   Metrics/success_rate: 1.0000
     Metrics/base_velocity/error_vel_xy: 0.1476
    Metrics/base_velocity/error_vel_yaw: 0.2246
           Episode_Termination/time_out: 0.9893
       Episode_Termination/base_contact: 0.0107
--------------------------------------------------------------------------------
                         Iteration time: 1.26s
                           Time elapsed: 00:06:04
                                    ETA: 00:05:08

################################################################################
[1m                           Learning iteration 271/500                           [0m 

                            Total steps: 13369344 
                       Steps per second: 38355 
                        Collection time: 1.223s 
                          Learning time: 0.058s 
                        Mean value loss: 0.0047
                    Mean surrogate loss: -0.0067
                      Mean entropy loss: 7.1572
                            Mean reward: 28.21
                    Mean episode length: 984.46
                        Mean action std: 0.45
    Episode_Reward/track_lin_vel_xy_exp: 1.3350
     Episode_Reward/track_ang_vel_z_exp: 0.5817
            Episode_Reward/lin_vel_z_l2: -0.0454
           Episode_Reward/ang_vel_xy_l2: -0.1105
          Episode_Reward/dof_torques_l2: -0.1022
              Episode_Reward/dof_acc_l2: -0.1046
          Episode_Reward/action_rate_l2: -0.1024
           Episode_Reward/feet_air_time: -0.0097
     Episode_Reward/flat_orientation_l2: -0.0158
          Episode_Reward/dof_pos_limits: 0.0000
                   Metrics/success_rate: 0.9861
     Metrics/base_velocity/error_vel_xy: 0.1556
    Metrics/base_velocity/error_vel_yaw: 0.2379
           Episode_Termination/time_out: 0.9890
       Episode_Termination/base_contact: 0.0110
--------------------------------------------------------------------------------
                         Iteration time: 1.28s
                           Time elapsed: 00:06:06
                                    ETA: 00:05:06

################################################################################
[1m                           Learning iteration 272/500                           [0m 

                            Total steps: 13418496 
                       Steps per second: 37194 
                        Collection time: 1.267s 
                          Learning time: 0.055s 
                        Mean value loss: 0.0048
                    Mean surrogate loss: -0.0065
                      Mean entropy loss: 7.1188
                            Mean reward: 28.66
                    Mean episode length: 990.79
                        Mean action std: 0.45
    Episode_Reward/track_lin_vel_xy_exp: 1.3517
     Episode_Reward/track_ang_vel_z_exp: 0.5920
            Episode_Reward/lin_vel_z_l2: -0.0467
           Episode_Reward/ang_vel_xy_l2: -0.1102
          Episode_Reward/dof_torques_l2: -0.0996
              Episode_Reward/dof_acc_l2: -0.1020
          Episode_Reward/action_rate_l2: -0.1003
           Episode_Reward/feet_air_time: -0.0097
     Episode_Reward/flat_orientation_l2: -0.0122
          Episode_Reward/dof_pos_limits: 0.0000
                   Metrics/success_rate: 1.0000
     Metrics/base_velocity/error_vel_xy: 0.1441
    Metrics/base_velocity/error_vel_yaw: 0.2208
           Episode_Termination/time_out: 0.9889
       Episode_Termination/base_contact: 0.0111
--------------------------------------------------------------------------------
                         Iteration time: 1.32s
                           Time elapsed: 00:06:07
                                    ETA: 00:05:05

################################################################################
[1m                           Learning iteration 273/500                           [0m 

                            Total steps: 13467648 
                       Steps per second: 36170 
                        Collection time: 1.305s 
                          Learning time: 0.054s 
                        Mean value loss: 0.0049
                    Mean surrogate loss: -0.0070
                      Mean entropy loss: 7.1065
                            Mean reward: 28.77
                    Mean episode length: 990.79
                        Mean action std: 0.45
    Episode_Reward/track_lin_vel_xy_exp: 1.3625
     Episode_Reward/track_ang_vel_z_exp: 0.5920
            Episode_Reward/lin_vel_z_l2: -0.0433
           Episode_Reward/ang_vel_xy_l2: -0.1081
          Episode_Reward/dof_torques_l2: -0.0971
              Episode_Reward/dof_acc_l2: -0.0948
          Episode_Reward/action_rate_l2: -0.0988
           Episode_Reward/feet_air_time: -0.0087
     Episode_Reward/flat_orientation_l2: -0.0113
          Episode_Reward/dof_pos_limits: 0.0000
                   Metrics/success_rate: 1.0000
     Metrics/base_velocity/error_vel_xy: 0.1370
    Metrics/base_velocity/error_vel_yaw: 0.2215
           Episode_Termination/time_out: 0.9893
       Episode_Termination/base_contact: 0.0107
--------------------------------------------------------------------------------
                         Iteration time: 1.36s
                           Time elapsed: 00:06:08
                                    ETA: 00:05:04

################################################################################
[1m                           Learning iteration 274/500                           [0m 

                            Total steps: 13516800 
                       Steps per second: 37987 
                        Collection time: 1.239s 
                          Learning time: 0.055s 
                        Mean value loss: 0.0055
                    Mean surrogate loss: -0.0078
                      Mean entropy loss: 7.0505
                            Mean reward: 29.13
                    Mean episode length: 1000.00
                        Mean action std: 0.45
    Episode_Reward/track_lin_vel_xy_exp: 1.3486
     Episode_Reward/track_ang_vel_z_exp: 0.5921
            Episode_Reward/lin_vel_z_l2: -0.0453
           Episode_Reward/ang_vel_xy_l2: -0.1087
          Episode_Reward/dof_torques_l2: -0.1056
              Episode_Reward/dof_acc_l2: -0.1018
          Episode_Reward/action_rate_l2: -0.1021
           Episode_Reward/feet_air_time: -0.0093
     Episode_Reward/flat_orientation_l2: -0.0154
          Episode_Reward/dof_pos_limits: 0.0000
                   Metrics/success_rate: 1.0000
     Metrics/base_velocity/error_vel_xy: 0.1460
    Metrics/base_velocity/error_vel_yaw: 0.2208
           Episode_Termination/time_out: 0.9893
       Episode_Termination/base_contact: 0.0107
--------------------------------------------------------------------------------
                         Iteration time: 1.29s
                           Time elapsed: 00:06:10
                                    ETA: 00:05:02

################################################################################
[1m                           Learning iteration 275/500                           [0m 

                            Total steps: 13565952 
                       Steps per second: 38196 
                        Collection time: 1.235s 
                          Learning time: 0.052s 
                        Mean value loss: 0.0054
                    Mean surrogate loss: -0.0073
                      Mean entropy loss: 7.0331
                            Mean reward: 29.18
                    Mean episode length: 1000.00
                        Mean action std: 0.45
    Episode_Reward/track_lin_vel_xy_exp: 1.3609
     Episode_Reward/track_ang_vel_z_exp: 0.5962
            Episode_Reward/lin_vel_z_l2: -0.0447
           Episode_Reward/ang_vel_xy_l2: -0.1093
          Episode_Reward/dof_torques_l2: -0.0997
              Episode_Reward/dof_acc_l2: -0.1004
          Episode_Reward/action_rate_l2: -0.1001
           Episode_Reward/feet_air_time: -0.0100
     Episode_Reward/flat_orientation_l2: -0.0128
          Episode_Reward/dof_pos_limits: 0.0000
                   Metrics/success_rate: 1.0000
     Metrics/base_velocity/error_vel_xy: 0.1386
    Metrics/base_velocity/error_vel_yaw: 0.2170
           Episode_Termination/time_out: 0.9893
       Episode_Termination/base_contact: 0.0107
--------------------------------------------------------------------------------
                         Iteration time: 1.29s
                           Time elapsed: 00:06:11
                                    ETA: 00:05:01

################################################################################
[1m                           Learning iteration 276/500                           [0m 

                            Total steps: 13615104 
                       Steps per second: 40516 
                        Collection time: 1.161s 
                          Learning time: 0.052s 
                        Mean value loss: 0.0062
                    Mean surrogate loss: -0.0073
                      Mean entropy loss: 7.0299
                            Mean reward: 29.27
                    Mean episode length: 990.90
                        Mean action std: 0.45
    Episode_Reward/track_lin_vel_xy_exp: 1.3407
     Episode_Reward/track_ang_vel_z_exp: 0.5871
            Episode_Reward/lin_vel_z_l2: -0.0451
           Episode_Reward/ang_vel_xy_l2: -0.1085
          Episode_Reward/dof_torques_l2: -0.0942
              Episode_Reward/dof_acc_l2: -0.1007
          Episode_Reward/action_rate_l2: -0.0971
           Episode_Reward/feet_air_time: -0.0097
     Episode_Reward/flat_orientation_l2: -0.0136
          Episode_Reward/dof_pos_limits: 0.0000
                   Metrics/success_rate: 0.9861
     Metrics/base_velocity/error_vel_xy: 0.1486
    Metrics/base_velocity/error_vel_yaw: 0.2254
           Episode_Termination/time_out: 0.9890
       Episode_Termination/base_contact: 0.0110
--------------------------------------------------------------------------------
                         Iteration time: 1.21s
                           Time elapsed: 00:06:12
                                    ETA: 00:04:59

################################################################################
[1m                           Learning iteration 277/500                           [0m 

                            Total steps: 13664256 
                       Steps per second: 35252 
                        Collection time: 1.322s 
                          Learning time: 0.072s 
                        Mean value loss: 0.0037
                    Mean surrogate loss: -0.0071
                      Mean entropy loss: 6.9858
                            Mean reward: 29.04
                    Mean episode length: 990.90
                        Mean action std: 0.44
    Episode_Reward/track_lin_vel_xy_exp: 1.3346
     Episode_Reward/track_ang_vel_z_exp: 0.5937
            Episode_Reward/lin_vel_z_l2: -0.0541
           Episode_Reward/ang_vel_xy_l2: -0.1120
          Episode_Reward/dof_torques_l2: -0.1047
              Episode_Reward/dof_acc_l2: -0.1126
          Episode_Reward/action_rate_l2: -0.1036
           Episode_Reward/feet_air_time: -0.0101
     Episode_Reward/flat_orientation_l2: -0.0142
          Episode_Reward/dof_pos_limits: 0.0000
                   Metrics/success_rate: 1.0000
     Metrics/base_velocity/error_vel_xy: 0.1548
    Metrics/base_velocity/error_vel_yaw: 0.2201
           Episode_Termination/time_out: 0.9888
       Episode_Termination/base_contact: 0.0112
--------------------------------------------------------------------------------
                         Iteration time: 1.39s
                           Time elapsed: 00:06:13
                                    ETA: 00:04:58

################################################################################
[1m                           Learning iteration 278/500                           [0m 

                            Total steps: 13713408 
                       Steps per second: 39821 
                        Collection time: 1.180s 
                          Learning time: 0.055s 
                        Mean value loss: 0.0053
                    Mean surrogate loss: -0.0074
                      Mean entropy loss: 6.9379
                            Mean reward: 29.12
                    Mean episode length: 1000.00
                        Mean action std: 0.44
    Episode_Reward/track_lin_vel_xy_exp: 1.3533
     Episode_Reward/track_ang_vel_z_exp: 0.5947
            Episode_Reward/lin_vel_z_l2: -0.0492
           Episode_Reward/ang_vel_xy_l2: -0.1070
          Episode_Reward/dof_torques_l2: -0.0989
              Episode_Reward/dof_acc_l2: -0.1023
          Episode_Reward/action_rate_l2: -0.0998
           Episode_Reward/feet_air_time: -0.0101
     Episode_Reward/flat_orientation_l2: -0.0131
          Episode_Reward/dof_pos_limits: 0.0000
                   Metrics/success_rate: 1.0000
     Metrics/base_velocity/error_vel_xy: 0.1438
    Metrics/base_velocity/error_vel_yaw: 0.2183
           Episode_Termination/time_out: 0.9893
       Episode_Termination/base_contact: 0.0107
--------------------------------------------------------------------------------
                         Iteration time: 1.23s
                           Time elapsed: 00:06:15
                                    ETA: 00:04:57

################################################################################
[1m                           Learning iteration 279/500                           [0m 

                            Total steps: 13762560 
                       Steps per second: 39374 
                        Collection time: 1.197s 
                          Learning time: 0.051s 
                        Mean value loss: 0.0046
                    Mean surrogate loss: -0.0068
                      Mean entropy loss: 6.9000
                            Mean reward: 29.31
                    Mean episode length: 1000.00
                        Mean action std: 0.44
    Episode_Reward/track_lin_vel_xy_exp: 1.3557
     Episode_Reward/track_ang_vel_z_exp: 0.5954
            Episode_Reward/lin_vel_z_l2: -0.0495
           Episode_Reward/ang_vel_xy_l2: -0.1055
          Episode_Reward/dof_torques_l2: -0.0993
              Episode_Reward/dof_acc_l2: -0.1002
          Episode_Reward/action_rate_l2: -0.0991
           Episode_Reward/feet_air_time: -0.0100
     Episode_Reward/flat_orientation_l2: -0.0136
          Episode_Reward/dof_pos_limits: 0.0000
                   Metrics/success_rate: 1.0000
     Metrics/base_velocity/error_vel_xy: 0.1420
    Metrics/base_velocity/error_vel_yaw: 0.2178
           Episode_Termination/time_out: 0.9899
       Episode_Termination/base_contact: 0.0101
--------------------------------------------------------------------------------
                         Iteration time: 1.25s
                           Time elapsed: 00:06:16
                                    ETA: 00:04:55

################################################################################
[1m                           Learning iteration 280/500                           [0m 

                            Total steps: 13811712 
                       Steps per second: 37175 
                        Collection time: 1.269s 
                          Learning time: 0.053s 
                        Mean value loss: 0.0048
                    Mean surrogate loss: -0.0057
                      Mean entropy loss: 6.8815
                            Mean reward: 29.57
                    Mean episode length: 1000.00
                        Mean action std: 0.44
    Episode_Reward/track_lin_vel_xy_exp: 1.3552
     Episode_Reward/track_ang_vel_z_exp: 0.5956
            Episode_Reward/lin_vel_z_l2: -0.0502
           Episode_Reward/ang_vel_xy_l2: -0.1065
          Episode_Reward/dof_torques_l2: -0.1004
              Episode_Reward/dof_acc_l2: -0.1060
          Episode_Reward/action_rate_l2: -0.1003
           Episode_Reward/feet_air_time: -0.0104
     Episode_Reward/flat_orientation_l2: -0.0134
          Episode_Reward/dof_pos_limits: 0.0000
                   Metrics/success_rate: 1.0000
     Metrics/base_velocity/error_vel_xy: 0.1422
    Metrics/base_velocity/error_vel_yaw: 0.2169
           Episode_Termination/time_out: 0.9903
       Episode_Termination/base_contact: 0.0097
--------------------------------------------------------------------------------
                         Iteration time: 1.32s
                           Time elapsed: 00:06:17
                                    ETA: 00:04:54

################################################################################
[1m                           Learning iteration 281/500                           [0m 

                            Total steps: 13860864 
                       Steps per second: 38930 
                        Collection time: 1.208s 
                          Learning time: 0.055s 
                        Mean value loss: 0.0043
                    Mean surrogate loss: -0.0075
                      Mean entropy loss: 6.8511
                            Mean reward: 29.65
                    Mean episode length: 1000.00
                        Mean action std: 0.44
    Episode_Reward/track_lin_vel_xy_exp: 1.3472
     Episode_Reward/track_ang_vel_z_exp: 0.5967
            Episode_Reward/lin_vel_z_l2: -0.0497
           Episode_Reward/ang_vel_xy_l2: -0.1076
          Episode_Reward/dof_torques_l2: -0.1019
              Episode_Reward/dof_acc_l2: -0.1085
          Episode_Reward/action_rate_l2: -0.1033
           Episode_Reward/feet_air_time: -0.0102
     Episode_Reward/flat_orientation_l2: -0.0122
          Episode_Reward/dof_pos_limits: 0.0000
                   Metrics/success_rate: 1.0000
     Metrics/base_velocity/error_vel_xy: 0.1479
    Metrics/base_velocity/error_vel_yaw: 0.2163
           Episode_Termination/time_out: 0.9907
       Episode_Termination/base_contact: 0.0093
--------------------------------------------------------------------------------
                         Iteration time: 1.26s
                           Time elapsed: 00:06:18
                                    ETA: 00:04:52

################################################################################
[1m                           Learning iteration 282/500                           [0m 

                            Total steps: 13910016 
                       Steps per second: 37157 
                        Collection time: 1.265s 
                          Learning time: 0.058s 
                        Mean value loss: 0.0041
                    Mean surrogate loss: -0.0064
                      Mean entropy loss: 6.8193
                            Mean reward: 29.43
                    Mean episode length: 1000.00
                        Mean action std: 0.44
    Episode_Reward/track_lin_vel_xy_exp: 1.3525
     Episode_Reward/track_ang_vel_z_exp: 0.5964
            Episode_Reward/lin_vel_z_l2: -0.0490
           Episode_Reward/ang_vel_xy_l2: -0.1060
          Episode_Reward/dof_torques_l2: -0.1045
              Episode_Reward/dof_acc_l2: -0.1036
          Episode_Reward/action_rate_l2: -0.0993
           Episode_Reward/feet_air_time: -0.0100
     Episode_Reward/flat_orientation_l2: -0.0153
          Episode_Reward/dof_pos_limits: 0.0000
                   Metrics/success_rate: 1.0000
     Metrics/base_velocity/error_vel_xy: 0.1447
    Metrics/base_velocity/error_vel_yaw: 0.2166
           Episode_Termination/time_out: 0.9907
       Episode_Termination/base_contact: 0.0093
--------------------------------------------------------------------------------
                         Iteration time: 1.32s
                           Time elapsed: 00:06:20
                                    ETA: 00:04:51

################################################################################
[1m                           Learning iteration 283/500                           [0m 

                            Total steps: 13959168 
                       Steps per second: 38359 
                        Collection time: 1.229s 
                          Learning time: 0.052s 
                        Mean value loss: 0.0047
                    Mean surrogate loss: -0.0077
                      Mean entropy loss: 6.7917
                            Mean reward: 29.25
                    Mean episode length: 1000.00
                        Mean action std: 0.44
    Episode_Reward/track_lin_vel_xy_exp: 1.3422
     Episode_Reward/track_ang_vel_z_exp: 0.5930
            Episode_Reward/lin_vel_z_l2: -0.0472
           Episode_Reward/ang_vel_xy_l2: -0.1076
          Episode_Reward/dof_torques_l2: -0.1036
              Episode_Reward/dof_acc_l2: -0.1022
          Episode_Reward/action_rate_l2: -0.1002
           Episode_Reward/feet_air_time: -0.0096
     Episode_Reward/flat_orientation_l2: -0.0141
          Episode_Reward/dof_pos_limits: 0.0000
                   Metrics/success_rate: 1.0000
     Metrics/base_velocity/error_vel_xy: 0.1497
    Metrics/base_velocity/error_vel_yaw: 0.2213
           Episode_Termination/time_out: 0.9911
       Episode_Termination/base_contact: 0.0089
--------------------------------------------------------------------------------
                         Iteration time: 1.28s
                           Time elapsed: 00:06:21
                                    ETA: 00:04:50

################################################################################
[1m                           Learning iteration 284/500                           [0m 

                            Total steps: 14008320 
                       Steps per second: 38955 
                        Collection time: 1.210s 
                          Learning time: 0.052s 
                        Mean value loss: 0.0044
                    Mean surrogate loss: -0.0068
                      Mean entropy loss: 6.7626
                            Mean reward: 29.36
                    Mean episode length: 1000.00
                        Mean action std: 0.44
    Episode_Reward/track_lin_vel_xy_exp: 1.3610
     Episode_Reward/track_ang_vel_z_exp: 0.5999
            Episode_Reward/lin_vel_z_l2: -0.0465
           Episode_Reward/ang_vel_xy_l2: -0.1036
          Episode_Reward/dof_torques_l2: -0.1019
              Episode_Reward/dof_acc_l2: -0.0998
          Episode_Reward/action_rate_l2: -0.0971
           Episode_Reward/feet_air_time: -0.0099
     Episode_Reward/flat_orientation_l2: -0.0138
          Episode_Reward/dof_pos_limits: 0.0000
                   Metrics/success_rate: 1.0000
     Metrics/base_velocity/error_vel_xy: 0.1391
    Metrics/base_velocity/error_vel_yaw: 0.2129
           Episode_Termination/time_out: 0.9912
       Episode_Termination/base_contact: 0.0088
--------------------------------------------------------------------------------
                         Iteration time: 1.26s
                           Time elapsed: 00:06:22
                                    ETA: 00:04:48

################################################################################
[1m                           Learning iteration 285/500                           [0m 

                            Total steps: 14057472 
                       Steps per second: 39834 
                        Collection time: 1.176s 
                          Learning time: 0.057s 
                        Mean value loss: 0.0033
                    Mean surrogate loss: -0.0075
                      Mean entropy loss: 6.7335
                            Mean reward: 29.70
                    Mean episode length: 1000.00
                        Mean action std: 0.44
    Episode_Reward/track_lin_vel_xy_exp: 1.3582
     Episode_Reward/track_ang_vel_z_exp: 0.5993
            Episode_Reward/lin_vel_z_l2: -0.0458
           Episode_Reward/ang_vel_xy_l2: -0.1053
          Episode_Reward/dof_torques_l2: -0.0978
              Episode_Reward/dof_acc_l2: -0.0947
          Episode_Reward/action_rate_l2: -0.0943
           Episode_Reward/feet_air_time: -0.0096
     Episode_Reward/flat_orientation_l2: -0.0145
          Episode_Reward/dof_pos_limits: 0.0000
                   Metrics/success_rate: 1.0000
     Metrics/base_velocity/error_vel_xy: 0.1412
    Metrics/base_velocity/error_vel_yaw: 0.2144
           Episode_Termination/time_out: 0.9912
       Episode_Termination/base_contact: 0.0088
--------------------------------------------------------------------------------
                         Iteration time: 1.23s
                           Time elapsed: 00:06:24
                                    ETA: 00:04:47

################################################################################
[1m                           Learning iteration 286/500                           [0m 

                            Total steps: 14106624 
                       Steps per second: 40730 
                        Collection time: 1.155s 
                          Learning time: 0.052s 
                        Mean value loss: 0.0048
                    Mean surrogate loss: -0.0059
                      Mean entropy loss: 6.7177
                            Mean reward: 29.77
                    Mean episode length: 1000.00
                        Mean action std: 0.44
    Episode_Reward/track_lin_vel_xy_exp: 1.3529
     Episode_Reward/track_ang_vel_z_exp: 0.5977
            Episode_Reward/lin_vel_z_l2: -0.0467
           Episode_Reward/ang_vel_xy_l2: -0.1047
          Episode_Reward/dof_torques_l2: -0.1012
              Episode_Reward/dof_acc_l2: -0.0989
          Episode_Reward/action_rate_l2: -0.0974
           Episode_Reward/feet_air_time: -0.0096
     Episode_Reward/flat_orientation_l2: -0.0128
          Episode_Reward/dof_pos_limits: 0.0000
                   Metrics/success_rate: 1.0000
     Metrics/base_velocity/error_vel_xy: 0.1428
    Metrics/base_velocity/error_vel_yaw: 0.2155
           Episode_Termination/time_out: 0.9915
       Episode_Termination/base_contact: 0.0085
--------------------------------------------------------------------------------
                         Iteration time: 1.21s
                           Time elapsed: 00:06:25
                                    ETA: 00:04:45

################################################################################
[1m                           Learning iteration 287/500                           [0m 

                            Total steps: 14155776 
                       Steps per second: 39804 
                        Collection time: 1.181s 
                          Learning time: 0.054s 
                        Mean value loss: 0.0030
                    Mean surrogate loss: -0.0063
                      Mean entropy loss: 6.6975
                            Mean reward: 29.97
                    Mean episode length: 1000.00
                        Mean action std: 0.43
    Episode_Reward/track_lin_vel_xy_exp: 1.3654
     Episode_Reward/track_ang_vel_z_exp: 0.6022
            Episode_Reward/lin_vel_z_l2: -0.0439
           Episode_Reward/ang_vel_xy_l2: -0.0997
          Episode_Reward/dof_torques_l2: -0.0994
              Episode_Reward/dof_acc_l2: -0.0903
          Episode_Reward/action_rate_l2: -0.0939
           Episode_Reward/feet_air_time: -0.0089
     Episode_Reward/flat_orientation_l2: -0.0136
          Episode_Reward/dof_pos_limits: 0.0000
                   Metrics/success_rate: 1.0000
     Metrics/base_velocity/error_vel_xy: 0.1352
    Metrics/base_velocity/error_vel_yaw: 0.2107
           Episode_Termination/time_out: 0.9919
       Episode_Termination/base_contact: 0.0081
--------------------------------------------------------------------------------
                         Iteration time: 1.23s
                           Time elapsed: 00:06:26
                                    ETA: 00:04:44

################################################################################
[1m                           Learning iteration 288/500                           [0m 

                            Total steps: 14204928 
                       Steps per second: 40307 
                        Collection time: 1.167s 
                          Learning time: 0.053s 
                        Mean value loss: 0.0050
                    Mean surrogate loss: -0.0069
                      Mean entropy loss: 6.6628
                            Mean reward: 29.79
                    Mean episode length: 1000.00
                        Mean action std: 0.43
    Episode_Reward/track_lin_vel_xy_exp: 1.3518
     Episode_Reward/track_ang_vel_z_exp: 0.5982
            Episode_Reward/lin_vel_z_l2: -0.0491
           Episode_Reward/ang_vel_xy_l2: -0.1046
          Episode_Reward/dof_torques_l2: -0.1004
              Episode_Reward/dof_acc_l2: -0.1085
          Episode_Reward/action_rate_l2: -0.1006
           Episode_Reward/feet_air_time: -0.0106
     Episode_Reward/flat_orientation_l2: -0.0137
          Episode_Reward/dof_pos_limits: 0.0000
                   Metrics/success_rate: 1.0000
     Metrics/base_velocity/error_vel_xy: 0.1458
    Metrics/base_velocity/error_vel_yaw: 0.2152
           Episode_Termination/time_out: 0.9927
       Episode_Termination/base_contact: 0.0073
--------------------------------------------------------------------------------
                         Iteration time: 1.22s
                           Time elapsed: 00:06:27
                                    ETA: 00:04:43

################################################################################
[1m                           Learning iteration 289/500                           [0m 

                            Total steps: 14254080 
                       Steps per second: 39066 
                        Collection time: 1.200s 
                          Learning time: 0.058s 
                        Mean value loss: 0.0041
                    Mean surrogate loss: -0.0066
                      Mean entropy loss: 6.6432
                            Mean reward: 29.67
                    Mean episode length: 1000.00
                        Mean action std: 0.43
    Episode_Reward/track_lin_vel_xy_exp: 1.3656
     Episode_Reward/track_ang_vel_z_exp: 0.6012
            Episode_Reward/lin_vel_z_l2: -0.0440
           Episode_Reward/ang_vel_xy_l2: -0.1010
          Episode_Reward/dof_torques_l2: -0.0983
              Episode_Reward/dof_acc_l2: -0.0902
          Episode_Reward/action_rate_l2: -0.0939
           Episode_Reward/feet_air_time: -0.0094
     Episode_Reward/flat_orientation_l2: -0.0113
          Episode_Reward/dof_pos_limits: 0.0000
                   Metrics/success_rate: 1.0000
     Metrics/base_velocity/error_vel_xy: 0.1354
    Metrics/base_velocity/error_vel_yaw: 0.2125
           Episode_Termination/time_out: 0.9930
       Episode_Termination/base_contact: 0.0070
--------------------------------------------------------------------------------
                         Iteration time: 1.26s
                           Time elapsed: 00:06:28
                                    ETA: 00:04:41

################################################################################
[1m                           Learning iteration 290/500                           [0m 

                            Total steps: 14303232 
                       Steps per second: 35958 
                        Collection time: 1.312s 
                          Learning time: 0.055s 
                        Mean value loss: 0.0061
                    Mean surrogate loss: -0.0065
                      Mean entropy loss: 6.6155
                            Mean reward: 30.05
                    Mean episode length: 1000.00
                        Mean action std: 0.43
    Episode_Reward/track_lin_vel_xy_exp: 1.3588
     Episode_Reward/track_ang_vel_z_exp: 0.6021
            Episode_Reward/lin_vel_z_l2: -0.0457
           Episode_Reward/ang_vel_xy_l2: -0.1008
          Episode_Reward/dof_torques_l2: -0.0967
              Episode_Reward/dof_acc_l2: -0.0956
          Episode_Reward/action_rate_l2: -0.0945
           Episode_Reward/feet_air_time: -0.0097
     Episode_Reward/flat_orientation_l2: -0.0117
          Episode_Reward/dof_pos_limits: 0.0000
                   Metrics/success_rate: 1.0000
     Metrics/base_velocity/error_vel_xy: 0.1412
    Metrics/base_velocity/error_vel_yaw: 0.2109
           Episode_Termination/time_out: 0.9932
       Episode_Termination/base_contact: 0.0068
--------------------------------------------------------------------------------
                         Iteration time: 1.37s
                           Time elapsed: 00:06:30
                                    ETA: 00:04:40

################################################################################
[1m                           Learning iteration 291/500                           [0m 

                            Total steps: 14352384 
                       Steps per second: 40352 
                        Collection time: 1.164s 
                          Learning time: 0.054s 
                        Mean value loss: 0.0054
                    Mean surrogate loss: -0.0067
                      Mean entropy loss: 6.6067
                            Mean reward: 29.85
                    Mean episode length: 990.62
                        Mean action std: 0.43
    Episode_Reward/track_lin_vel_xy_exp: 1.3393
     Episode_Reward/track_ang_vel_z_exp: 0.5924
            Episode_Reward/lin_vel_z_l2: -0.0440
           Episode_Reward/ang_vel_xy_l2: -0.0998
          Episode_Reward/dof_torques_l2: -0.0952
              Episode_Reward/dof_acc_l2: -0.0938
          Episode_Reward/action_rate_l2: -0.0929
           Episode_Reward/feet_air_time: -0.0098
     Episode_Reward/flat_orientation_l2: -0.0131
          Episode_Reward/dof_pos_limits: 0.0000
                   Metrics/success_rate: 0.9792
     Metrics/base_velocity/error_vel_xy: 0.1487
    Metrics/base_velocity/error_vel_yaw: 0.2260
           Episode_Termination/time_out: 0.9936
       Episode_Termination/base_contact: 0.0064
--------------------------------------------------------------------------------
                         Iteration time: 1.22s
                           Time elapsed: 00:06:31
                                    ETA: 00:04:38

################################################################################
[1m                           Learning iteration 292/500                           [0m 

                            Total steps: 14401536 
                       Steps per second: 39025 
                        Collection time: 1.203s 
                          Learning time: 0.057s 
                        Mean value loss: 0.0033
                    Mean surrogate loss: -0.0068
                      Mean entropy loss: 6.5888
                            Mean reward: 29.58
                    Mean episode length: 981.26
                        Mean action std: 0.43
    Episode_Reward/track_lin_vel_xy_exp: 1.3419
     Episode_Reward/track_ang_vel_z_exp: 0.5907
            Episode_Reward/lin_vel_z_l2: -0.0438
           Episode_Reward/ang_vel_xy_l2: -0.0983
          Episode_Reward/dof_torques_l2: -0.0989
              Episode_Reward/dof_acc_l2: -0.0932
          Episode_Reward/action_rate_l2: -0.0934
           Episode_Reward/feet_air_time: -0.0096
     Episode_Reward/flat_orientation_l2: -0.0142
          Episode_Reward/dof_pos_limits: 0.0000
                   Metrics/success_rate: 0.9792
     Metrics/base_velocity/error_vel_xy: 0.1538
    Metrics/base_velocity/error_vel_yaw: 0.2262
           Episode_Termination/time_out: 0.9940
       Episode_Termination/base_contact: 0.0060
--------------------------------------------------------------------------------
                         Iteration time: 1.26s
                           Time elapsed: 00:06:32
                                    ETA: 00:04:37

################################################################################
[1m                           Learning iteration 293/500                           [0m 

                            Total steps: 14450688 
                       Steps per second: 37746 
                        Collection time: 1.242s 
                          Learning time: 0.060s 
                        Mean value loss: 0.0042
                    Mean surrogate loss: -0.0065
                      Mean entropy loss: 6.5443
                            Mean reward: 29.65
                    Mean episode length: 981.26
                        Mean action std: 0.43
    Episode_Reward/track_lin_vel_xy_exp: 1.3644
     Episode_Reward/track_ang_vel_z_exp: 0.6009
            Episode_Reward/lin_vel_z_l2: -0.0471
           Episode_Reward/ang_vel_xy_l2: -0.1004
          Episode_Reward/dof_torques_l2: -0.0998
              Episode_Reward/dof_acc_l2: -0.0931
          Episode_Reward/action_rate_l2: -0.0944
           Episode_Reward/feet_air_time: -0.0093
     Episode_Reward/flat_orientation_l2: -0.0132
          Episode_Reward/dof_pos_limits: 0.0000
                   Metrics/success_rate: 1.0000
     Metrics/base_velocity/error_vel_xy: 0.1366
    Metrics/base_velocity/error_vel_yaw: 0.2125
           Episode_Termination/time_out: 0.9940
       Episode_Termination/base_contact: 0.0060
--------------------------------------------------------------------------------
                         Iteration time: 1.30s
                           Time elapsed: 00:06:34
                                    ETA: 00:04:36

################################################################################
[1m                           Learning iteration 294/500                           [0m 

                            Total steps: 14499840 
                       Steps per second: 37783 
                        Collection time: 1.249s 
                          Learning time: 0.052s 
                        Mean value loss: 0.0045
                    Mean surrogate loss: -0.0055
                      Mean entropy loss: 6.5241
                            Mean reward: 30.12
                    Mean episode length: 1000.00
                        Mean action std: 0.43
    Episode_Reward/track_lin_vel_xy_exp: 1.3605
     Episode_Reward/track_ang_vel_z_exp: 0.6007
            Episode_Reward/lin_vel_z_l2: -0.0442
           Episode_Reward/ang_vel_xy_l2: -0.1005
          Episode_Reward/dof_torques_l2: -0.0999
              Episode_Reward/dof_acc_l2: -0.0924
          Episode_Reward/action_rate_l2: -0.0936
           Episode_Reward/feet_air_time: -0.0095
     Episode_Reward/flat_orientation_l2: -0.0145
          Episode_Reward/dof_pos_limits: 0.0000
                   Metrics/success_rate: 1.0000
     Metrics/base_velocity/error_vel_xy: 0.1382
    Metrics/base_velocity/error_vel_yaw: 0.2122
           Episode_Termination/time_out: 0.9942
       Episode_Termination/base_contact: 0.0058
--------------------------------------------------------------------------------
                         Iteration time: 1.30s
                           Time elapsed: 00:06:35
                                    ETA: 00:04:34

################################################################################
[1m                           Learning iteration 295/500                           [0m 

                            Total steps: 14548992 
                       Steps per second: 39497 
                        Collection time: 1.184s 
                          Learning time: 0.061s 
                        Mean value loss: 0.0061
                    Mean surrogate loss: -0.0069
                      Mean entropy loss: 6.5168
                            Mean reward: 30.40
                    Mean episode length: 1000.00
                        Mean action std: 0.43
    Episode_Reward/track_lin_vel_xy_exp: 1.3716
     Episode_Reward/track_ang_vel_z_exp: 0.6030
            Episode_Reward/lin_vel_z_l2: -0.0439
           Episode_Reward/ang_vel_xy_l2: -0.0995
          Episode_Reward/dof_torques_l2: -0.0957
              Episode_Reward/dof_acc_l2: -0.0920
          Episode_Reward/action_rate_l2: -0.0932
           Episode_Reward/feet_air_time: -0.0096
     Episode_Reward/flat_orientation_l2: -0.0120
          Episode_Reward/dof_pos_limits: 0.0000
                   Metrics/success_rate: 1.0000
     Metrics/base_velocity/error_vel_xy: 0.1323
    Metrics/base_velocity/error_vel_yaw: 0.2113
           Episode_Termination/time_out: 0.9946
       Episode_Termination/base_contact: 0.0054
--------------------------------------------------------------------------------
                         Iteration time: 1.24s
                           Time elapsed: 00:06:36
                                    ETA: 00:04:33

################################################################################
[1m                           Learning iteration 296/500                           [0m 

                            Total steps: 14598144 
                       Steps per second: 39153 
                        Collection time: 1.203s 
                          Learning time: 0.052s 
                        Mean value loss: 0.0077
                    Mean surrogate loss: -0.0075
                      Mean entropy loss: 6.5291
                            Mean reward: 30.41
                    Mean episode length: 1000.00
                        Mean action std: 0.43
    Episode_Reward/track_lin_vel_xy_exp: 1.3688
     Episode_Reward/track_ang_vel_z_exp: 0.6034
            Episode_Reward/lin_vel_z_l2: -0.0469
           Episode_Reward/ang_vel_xy_l2: -0.0987
          Episode_Reward/dof_torques_l2: -0.0977
              Episode_Reward/dof_acc_l2: -0.0952
          Episode_Reward/action_rate_l2: -0.0931
           Episode_Reward/feet_air_time: -0.0089
     Episode_Reward/flat_orientation_l2: -0.0120
          Episode_Reward/dof_pos_limits: 0.0000
                   Metrics/success_rate: 1.0000
     Metrics/base_velocity/error_vel_xy: 0.1338
    Metrics/base_velocity/error_vel_yaw: 0.2094
           Episode_Termination/time_out: 0.9946
       Episode_Termination/base_contact: 0.0054
--------------------------------------------------------------------------------
                         Iteration time: 1.26s
                           Time elapsed: 00:06:37
                                    ETA: 00:04:31

################################################################################
[1m                           Learning iteration 297/500                           [0m 

                            Total steps: 14647296 
                       Steps per second: 39847 
                        Collection time: 1.179s 
                          Learning time: 0.054s 
                        Mean value loss: 0.0056
                    Mean surrogate loss: -0.0063
                      Mean entropy loss: 6.5427
                            Mean reward: 30.00
                    Mean episode length: 991.07
                        Mean action std: 0.43
    Episode_Reward/track_lin_vel_xy_exp: 1.3390
     Episode_Reward/track_ang_vel_z_exp: 0.5918
            Episode_Reward/lin_vel_z_l2: -0.0444
           Episode_Reward/ang_vel_xy_l2: -0.1002
          Episode_Reward/dof_torques_l2: -0.0998
              Episode_Reward/dof_acc_l2: -0.0929
          Episode_Reward/action_rate_l2: -0.0923
           Episode_Reward/feet_air_time: -0.0089
     Episode_Reward/flat_orientation_l2: -0.0133
          Episode_Reward/dof_pos_limits: 0.0000
                   Metrics/success_rate: 0.9861
     Metrics/base_velocity/error_vel_xy: 0.1557
    Metrics/base_velocity/error_vel_yaw: 0.2215
           Episode_Termination/time_out: 0.9944
       Episode_Termination/base_contact: 0.0056
--------------------------------------------------------------------------------
                         Iteration time: 1.23s
                           Time elapsed: 00:06:39
                                    ETA: 00:04:30

################################################################################
[1m                           Learning iteration 298/500                           [0m 

                            Total steps: 14696448 
                       Steps per second: 39577 
                        Collection time: 1.184s 
                          Learning time: 0.057s 
                        Mean value loss: 0.0054
                    Mean surrogate loss: -0.0065
                      Mean entropy loss: 6.5313
                            Mean reward: 30.05
                    Mean episode length: 990.86
                        Mean action std: 0.43
    Episode_Reward/track_lin_vel_xy_exp: 1.3559
     Episode_Reward/track_ang_vel_z_exp: 0.5995
            Episode_Reward/lin_vel_z_l2: -0.0423
           Episode_Reward/ang_vel_xy_l2: -0.0962
          Episode_Reward/dof_torques_l2: -0.0998
              Episode_Reward/dof_acc_l2: -0.0874
          Episode_Reward/action_rate_l2: -0.0903
           Episode_Reward/feet_air_time: -0.0084
     Episode_Reward/flat_orientation_l2: -0.0123
          Episode_Reward/dof_pos_limits: 0.0000
                   Metrics/success_rate: 0.9896
     Metrics/base_velocity/error_vel_xy: 0.1405
    Metrics/base_velocity/error_vel_yaw: 0.2159
           Episode_Termination/time_out: 0.9944
       Episode_Termination/base_contact: 0.0056
--------------------------------------------------------------------------------
                         Iteration time: 1.24s
                           Time elapsed: 00:06:40
                                    ETA: 00:04:29

################################################################################
[1m                           Learning iteration 299/500                           [0m 

                            Total steps: 14745600 
                       Steps per second: 36292 
                        Collection time: 1.299s 
                          Learning time: 0.056s 
                        Mean value loss: 0.0070
                    Mean surrogate loss: -0.0064
                      Mean entropy loss: 6.5269
                            Mean reward: 30.01
                    Mean episode length: 981.63
                        Mean action std: 0.43
    Episode_Reward/track_lin_vel_xy_exp: 1.3535
     Episode_Reward/track_ang_vel_z_exp: 0.5986
            Episode_Reward/lin_vel_z_l2: -0.0448
           Episode_Reward/ang_vel_xy_l2: -0.0986
          Episode_Reward/dof_torques_l2: -0.1005
              Episode_Reward/dof_acc_l2: -0.0920
          Episode_Reward/action_rate_l2: -0.0922
           Episode_Reward/feet_air_time: -0.0092
     Episode_Reward/flat_orientation_l2: -0.0127
          Episode_Reward/dof_pos_limits: 0.0000
                   Metrics/success_rate: 0.9896
     Metrics/base_velocity/error_vel_xy: 0.1450
    Metrics/base_velocity/error_vel_yaw: 0.2142
           Episode_Termination/time_out: 0.9940
       Episode_Termination/base_contact: 0.0060
--------------------------------------------------------------------------------
                         Iteration time: 1.35s
                           Time elapsed: 00:06:41
                                    ETA: 00:04:27

################################################################################
[1m                           Learning iteration 300/500                           [0m 

                            Total steps: 14794752 
                       Steps per second: 38545 
                        Collection time: 1.221s 
                          Learning time: 0.054s 
                        Mean value loss: 0.0066
                    Mean surrogate loss: -0.0069
                      Mean entropy loss: 6.5293
                            Mean reward: 30.43
                    Mean episode length: 1000.00
                        Mean action std: 0.43
    Episode_Reward/track_lin_vel_xy_exp: 1.3655
     Episode_Reward/track_ang_vel_z_exp: 0.6052
            Episode_Reward/lin_vel_z_l2: -0.0443
           Episode_Reward/ang_vel_xy_l2: -0.0966
          Episode_Reward/dof_torques_l2: -0.1020
              Episode_Reward/dof_acc_l2: -0.0907
          Episode_Reward/action_rate_l2: -0.0928
           Episode_Reward/feet_air_time: -0.0088
     Episode_Reward/flat_orientation_l2: -0.0127
          Episode_Reward/dof_pos_limits: 0.0000
                   Metrics/success_rate: 1.0000
     Metrics/base_velocity/error_vel_xy: 0.1352
    Metrics/base_velocity/error_vel_yaw: 0.2078
           Episode_Termination/time_out: 0.9941
       Episode_Termination/base_contact: 0.0059
--------------------------------------------------------------------------------
                         Iteration time: 1.28s
                           Time elapsed: 00:06:43
                                    ETA: 00:04:26

################################################################################
[1m                           Learning iteration 301/500                           [0m 

                            Total steps: 14843904 
                       Steps per second: 41391 
                        Collection time: 1.134s 
                          Learning time: 0.054s 
                        Mean value loss: 0.0053
                    Mean surrogate loss: -0.0072
                      Mean entropy loss: 6.5249
                            Mean reward: 30.03
                    Mean episode length: 990.72
                        Mean action std: 0.43
    Episode_Reward/track_lin_vel_xy_exp: 1.3369
     Episode_Reward/track_ang_vel_z_exp: 0.5901
            Episode_Reward/lin_vel_z_l2: -0.0439
           Episode_Reward/ang_vel_xy_l2: -0.0964
          Episode_Reward/dof_torques_l2: -0.0985
              Episode_Reward/dof_acc_l2: -0.0941
          Episode_Reward/action_rate_l2: -0.0916
           Episode_Reward/feet_air_time: -0.0092
     Episode_Reward/flat_orientation_l2: -0.0137
          Episode_Reward/dof_pos_limits: 0.0000
                   Metrics/success_rate: 0.9792
     Metrics/base_velocity/error_vel_xy: 0.1493
    Metrics/base_velocity/error_vel_yaw: 0.2271
           Episode_Termination/time_out: 0.9938
       Episode_Termination/base_contact: 0.0062
--------------------------------------------------------------------------------
                         Iteration time: 1.19s
                           Time elapsed: 00:06:44
                                    ETA: 00:04:25

################################################################################
[1m                           Learning iteration 302/500                           [0m 

                            Total steps: 14893056 
                       Steps per second: 38206 
                        Collection time: 1.231s 
                          Learning time: 0.055s 
                        Mean value loss: 0.0049
                    Mean surrogate loss: -0.0061
                      Mean entropy loss: 6.5121
                            Mean reward: 29.73
                    Mean episode length: 981.37
                        Mean action std: 0.43
    Episode_Reward/track_lin_vel_xy_exp: 1.3253
     Episode_Reward/track_ang_vel_z_exp: 0.5898
            Episode_Reward/lin_vel_z_l2: -0.0457
           Episode_Reward/ang_vel_xy_l2: -0.0943
          Episode_Reward/dof_torques_l2: -0.0974
              Episode_Reward/dof_acc_l2: -0.0930
          Episode_Reward/action_rate_l2: -0.0916
           Episode_Reward/feet_air_time: -0.0091
     Episode_Reward/flat_orientation_l2: -0.0139
          Episode_Reward/dof_pos_limits: 0.0000
                   Metrics/success_rate: 0.9722
     Metrics/base_velocity/error_vel_xy: 0.1621
    Metrics/base_velocity/error_vel_yaw: 0.2238
           Episode_Termination/time_out: 0.9932
       Episode_Termination/base_contact: 0.0068
--------------------------------------------------------------------------------
                         Iteration time: 1.29s
                           Time elapsed: 00:06:45
                                    ETA: 00:04:23

################################################################################
[1m                           Learning iteration 303/500                           [0m 

                            Total steps: 14942208 
                       Steps per second: 40324 
                        Collection time: 1.162s 
                          Learning time: 0.057s 
                        Mean value loss: 0.0061
                    Mean surrogate loss: -0.0074
                      Mean entropy loss: 6.5041
                            Mean reward: 29.93
                    Mean episode length: 981.37
                        Mean action std: 0.43
    Episode_Reward/track_lin_vel_xy_exp: 1.3807
     Episode_Reward/track_ang_vel_z_exp: 0.6080
            Episode_Reward/lin_vel_z_l2: -0.0427
           Episode_Reward/ang_vel_xy_l2: -0.0976
          Episode_Reward/dof_torques_l2: -0.0959
              Episode_Reward/dof_acc_l2: -0.0891
          Episode_Reward/action_rate_l2: -0.0904
           Episode_Reward/feet_air_time: -0.0093
     Episode_Reward/flat_orientation_l2: -0.0109
          Episode_Reward/dof_pos_limits: 0.0000
                   Metrics/success_rate: 1.0000
     Metrics/base_velocity/error_vel_xy: 0.1269
    Metrics/base_velocity/error_vel_yaw: 0.2052
           Episode_Termination/time_out: 0.9927
       Episode_Termination/base_contact: 0.0073
--------------------------------------------------------------------------------
                         Iteration time: 1.22s
                           Time elapsed: 00:06:46
                                    ETA: 00:04:22

################################################################################
[1m                           Learning iteration 304/500                           [0m 

                            Total steps: 14991360 
                       Steps per second: 37760 
                        Collection time: 1.244s 
                          Learning time: 0.058s 
                        Mean value loss: 0.0055
                    Mean surrogate loss: -0.0071
                      Mean entropy loss: 6.5190
                            Mean reward: 30.58
                    Mean episode length: 1000.00
                        Mean action std: 0.43
    Episode_Reward/track_lin_vel_xy_exp: 1.3657
     Episode_Reward/track_ang_vel_z_exp: 0.6043
            Episode_Reward/lin_vel_z_l2: -0.0462
           Episode_Reward/ang_vel_xy_l2: -0.0972
          Episode_Reward/dof_torques_l2: -0.1000
              Episode_Reward/dof_acc_l2: -0.0938
          Episode_Reward/action_rate_l2: -0.0932
           Episode_Reward/feet_air_time: -0.0095
     Episode_Reward/flat_orientation_l2: -0.0125
          Episode_Reward/dof_pos_limits: 0.0000
                   Metrics/success_rate: 1.0000
     Metrics/base_velocity/error_vel_xy: 0.1362
    Metrics/base_velocity/error_vel_yaw: 0.2088
           Episode_Termination/time_out: 0.9928
       Episode_Termination/base_contact: 0.0072
--------------------------------------------------------------------------------
                         Iteration time: 1.30s
                           Time elapsed: 00:06:48
                                    ETA: 00:04:20

################################################################################
[1m                           Learning iteration 305/500                           [0m 

                            Total steps: 15040512 
                       Steps per second: 41947 
                        Collection time: 1.120s 
                          Learning time: 0.052s 
                        Mean value loss: 0.0048
                    Mean surrogate loss: -0.0065
                      Mean entropy loss: 6.5106
                            Mean reward: 30.32
                    Mean episode length: 990.79
                        Mean action std: 0.43
    Episode_Reward/track_lin_vel_xy_exp: 1.3568
     Episode_Reward/track_ang_vel_z_exp: 0.6009
            Episode_Reward/lin_vel_z_l2: -0.0419
           Episode_Reward/ang_vel_xy_l2: -0.0959
          Episode_Reward/dof_torques_l2: -0.0966
              Episode_Reward/dof_acc_l2: -0.0871
          Episode_Reward/action_rate_l2: -0.0884
           Episode_Reward/feet_air_time: -0.0086
     Episode_Reward/flat_orientation_l2: -0.0125
          Episode_Reward/dof_pos_limits: 0.0000
                   Metrics/success_rate: 0.9861
     Metrics/base_velocity/error_vel_xy: 0.1422
    Metrics/base_velocity/error_vel_yaw: 0.2152
           Episode_Termination/time_out: 0.9937
       Episode_Termination/base_contact: 0.0063
--------------------------------------------------------------------------------
                         Iteration time: 1.17s
                           Time elapsed: 00:06:49
                                    ETA: 00:04:19

################################################################################
[1m                           Learning iteration 306/500                           [0m 

                            Total steps: 15089664 
                       Steps per second: 40755 
                        Collection time: 1.152s 
                          Learning time: 0.054s 
                        Mean value loss: 0.0048
                    Mean surrogate loss: -0.0065
                      Mean entropy loss: 6.4892
                            Mean reward: 30.44
                    Mean episode length: 990.79
                        Mean action std: 0.43
    Episode_Reward/track_lin_vel_xy_exp: 1.3715
     Episode_Reward/track_ang_vel_z_exp: 0.6055
            Episode_Reward/lin_vel_z_l2: -0.0437
           Episode_Reward/ang_vel_xy_l2: -0.0988
          Episode_Reward/dof_torques_l2: -0.0967
              Episode_Reward/dof_acc_l2: -0.0918
          Episode_Reward/action_rate_l2: -0.0912
           Episode_Reward/feet_air_time: -0.0090
     Episode_Reward/flat_orientation_l2: -0.0112
          Episode_Reward/dof_pos_limits: 0.0000
                   Metrics/success_rate: 1.0000
     Metrics/base_velocity/error_vel_xy: 0.1312
    Metrics/base_velocity/error_vel_yaw: 0.2084
           Episode_Termination/time_out: 0.9937
       Episode_Termination/base_contact: 0.0063
--------------------------------------------------------------------------------
                         Iteration time: 1.21s
                           Time elapsed: 00:06:50
                                    ETA: 00:04:18

################################################################################
[1m                           Learning iteration 307/500                           [0m 

                            Total steps: 15138816 
                       Steps per second: 41275 
                        Collection time: 1.137s 
                          Learning time: 0.054s 
                        Mean value loss: 0.0042
                    Mean surrogate loss: -0.0067
                      Mean entropy loss: 6.4659
                            Mean reward: 30.21
                    Mean episode length: 990.79
                        Mean action std: 0.43
    Episode_Reward/track_lin_vel_xy_exp: 1.3714
     Episode_Reward/track_ang_vel_z_exp: 0.6076
            Episode_Reward/lin_vel_z_l2: -0.0440
           Episode_Reward/ang_vel_xy_l2: -0.0955
          Episode_Reward/dof_torques_l2: -0.0977
              Episode_Reward/dof_acc_l2: -0.0932
          Episode_Reward/action_rate_l2: -0.0920
           Episode_Reward/feet_air_time: -0.0094
     Episode_Reward/flat_orientation_l2: -0.0134
          Episode_Reward/dof_pos_limits: 0.0000
                   Metrics/success_rate: 1.0000
     Metrics/base_velocity/error_vel_xy: 0.1330
    Metrics/base_velocity/error_vel_yaw: 0.2053
           Episode_Termination/time_out: 0.9937
       Episode_Termination/base_contact: 0.0063
--------------------------------------------------------------------------------
                         Iteration time: 1.19s
                           Time elapsed: 00:06:51
                                    ETA: 00:04:16

################################################################################
[1m                           Learning iteration 308/500                           [0m 

                            Total steps: 15187968 
                       Steps per second: 41273 
                        Collection time: 1.139s 
                          Learning time: 0.051s 
                        Mean value loss: 0.0033
                    Mean surrogate loss: -0.0061
                      Mean entropy loss: 6.4307
                            Mean reward: 29.58
                    Mean episode length: 983.79
                        Mean action std: 0.42
    Episode_Reward/track_lin_vel_xy_exp: 1.2943
     Episode_Reward/track_ang_vel_z_exp: 0.5741
            Episode_Reward/lin_vel_z_l2: -0.0453
           Episode_Reward/ang_vel_xy_l2: -0.0943
          Episode_Reward/dof_torques_l2: -0.1009
              Episode_Reward/dof_acc_l2: -0.0929
          Episode_Reward/action_rate_l2: -0.0914
           Episode_Reward/feet_air_time: -0.0085
     Episode_Reward/flat_orientation_l2: -0.0160
          Episode_Reward/dof_pos_limits: 0.0000
                   Metrics/success_rate: 0.9514
     Metrics/base_velocity/error_vel_xy: 0.1902
    Metrics/base_velocity/error_vel_yaw: 0.2392
           Episode_Termination/time_out: 0.9930
       Episode_Termination/base_contact: 0.0070
--------------------------------------------------------------------------------
                         Iteration time: 1.19s
                           Time elapsed: 00:06:52
                                    ETA: 00:04:15

################################################################################
[1m                           Learning iteration 309/500                           [0m 

                            Total steps: 15237120 
                       Steps per second: 40477 
                        Collection time: 1.162s 
                          Learning time: 0.052s 
                        Mean value loss: 0.0041
                    Mean surrogate loss: -0.0066
                      Mean entropy loss: 6.3935
                            Mean reward: 29.42
                    Mean episode length: 983.79
                        Mean action std: 0.42
    Episode_Reward/track_lin_vel_xy_exp: 1.3673
     Episode_Reward/track_ang_vel_z_exp: 0.6064
            Episode_Reward/lin_vel_z_l2: -0.0473
           Episode_Reward/ang_vel_xy_l2: -0.0968
          Episode_Reward/dof_torques_l2: -0.0982
              Episode_Reward/dof_acc_l2: -0.0999
          Episode_Reward/action_rate_l2: -0.0941
           Episode_Reward/feet_air_time: -0.0095
     Episode_Reward/flat_orientation_l2: -0.0116
          Episode_Reward/dof_pos_limits: 0.0000
                   Metrics/success_rate: 1.0000
     Metrics/base_velocity/error_vel_xy: 0.1343
    Metrics/base_velocity/error_vel_yaw: 0.2071
           Episode_Termination/time_out: 0.9927
       Episode_Termination/base_contact: 0.0073
--------------------------------------------------------------------------------
                         Iteration time: 1.21s
                           Time elapsed: 00:06:54
                                    ETA: 00:04:13

################################################################################
[1m                           Learning iteration 310/500                           [0m 

                            Total steps: 15286272 
                       Steps per second: 37246 
                        Collection time: 1.255s 
                          Learning time: 0.065s 
                        Mean value loss: 0.0041
                    Mean surrogate loss: -0.0060
                      Mean entropy loss: 6.3791
                            Mean reward: 30.38
                    Mean episode length: 1000.00
                        Mean action std: 0.42
    Episode_Reward/track_lin_vel_xy_exp: 1.3639
     Episode_Reward/track_ang_vel_z_exp: 0.6058
            Episode_Reward/lin_vel_z_l2: -0.0448
           Episode_Reward/ang_vel_xy_l2: -0.0956
          Episode_Reward/dof_torques_l2: -0.0971
              Episode_Reward/dof_acc_l2: -0.0920
          Episode_Reward/action_rate_l2: -0.0906
           Episode_Reward/feet_air_time: -0.0094
     Episode_Reward/flat_orientation_l2: -0.0114
          Episode_Reward/dof_pos_limits: 0.0000
                   Metrics/success_rate: 1.0000
     Metrics/base_velocity/error_vel_xy: 0.1373
    Metrics/base_velocity/error_vel_yaw: 0.2072
           Episode_Termination/time_out: 0.9931
       Episode_Termination/base_contact: 0.0069
--------------------------------------------------------------------------------
                         Iteration time: 1.32s
                           Time elapsed: 00:06:55
                                    ETA: 00:04:12

################################################################################
[1m                           Learning iteration 311/500                           [0m 

                            Total steps: 15335424 
                       Steps per second: 40453 
                        Collection time: 1.164s 
                          Learning time: 0.051s 
                        Mean value loss: 0.0040
                    Mean surrogate loss: -0.0062
                      Mean entropy loss: 6.3570
                            Mean reward: 30.86
                    Mean episode length: 1000.00
                        Mean action std: 0.42
    Episode_Reward/track_lin_vel_xy_exp: 1.3739
     Episode_Reward/track_ang_vel_z_exp: 0.6119
            Episode_Reward/lin_vel_z_l2: -0.0419
           Episode_Reward/ang_vel_xy_l2: -0.0916
          Episode_Reward/dof_torques_l2: -0.0963
              Episode_Reward/dof_acc_l2: -0.0836
          Episode_Reward/action_rate_l2: -0.0877
           Episode_Reward/feet_air_time: -0.0085
     Episode_Reward/flat_orientation_l2: -0.0101
          Episode_Reward/dof_pos_limits: 0.0000
                   Metrics/success_rate: 1.0000
     Metrics/base_velocity/error_vel_xy: 0.1306
    Metrics/base_velocity/error_vel_yaw: 0.2012
           Episode_Termination/time_out: 0.9933
       Episode_Termination/base_contact: 0.0067
--------------------------------------------------------------------------------
                         Iteration time: 1.22s
                           Time elapsed: 00:06:56
                                    ETA: 00:04:10

################################################################################
[1m                           Learning iteration 312/500                           [0m 

                            Total steps: 15384576 
                       Steps per second: 39299 
                        Collection time: 1.197s 
                          Learning time: 0.054s 
                        Mean value loss: 0.0053
                    Mean surrogate loss: -0.0066
                      Mean entropy loss: 6.3359
                            Mean reward: 30.76
                    Mean episode length: 1000.00
                        Mean action std: 0.42
    Episode_Reward/track_lin_vel_xy_exp: 1.3664
     Episode_Reward/track_ang_vel_z_exp: 0.6091
            Episode_Reward/lin_vel_z_l2: -0.0487
           Episode_Reward/ang_vel_xy_l2: -0.0955
          Episode_Reward/dof_torques_l2: -0.0998
              Episode_Reward/dof_acc_l2: -0.0990
          Episode_Reward/action_rate_l2: -0.0935
           Episode_Reward/feet_air_time: -0.0094
     Episode_Reward/flat_orientation_l2: -0.0120
          Episode_Reward/dof_pos_limits: 0.0000
                   Metrics/success_rate: 1.0000
     Metrics/base_velocity/error_vel_xy: 0.1353
    Metrics/base_velocity/error_vel_yaw: 0.2040
           Episode_Termination/time_out: 0.9937
       Episode_Termination/base_contact: 0.0063
--------------------------------------------------------------------------------
                         Iteration time: 1.25s
                           Time elapsed: 00:06:57
                                    ETA: 00:04:09

################################################################################
[1m                           Learning iteration 313/500                           [0m 

                            Total steps: 15433728 
                       Steps per second: 38788 
                        Collection time: 1.216s 
                          Learning time: 0.052s 
                        Mean value loss: 0.0042
                    Mean surrogate loss: -0.0075
                      Mean entropy loss: 6.3115
                            Mean reward: 30.75
                    Mean episode length: 1000.00
                        Mean action std: 0.42
    Episode_Reward/track_lin_vel_xy_exp: 1.3753
     Episode_Reward/track_ang_vel_z_exp: 0.6082
            Episode_Reward/lin_vel_z_l2: -0.0434
           Episode_Reward/ang_vel_xy_l2: -0.0956
          Episode_Reward/dof_torques_l2: -0.0977
              Episode_Reward/dof_acc_l2: -0.0902
          Episode_Reward/action_rate_l2: -0.0901
           Episode_Reward/feet_air_time: -0.0091
     Episode_Reward/flat_orientation_l2: -0.0116
          Episode_Reward/dof_pos_limits: 0.0000
                   Metrics/success_rate: 1.0000
     Metrics/base_velocity/error_vel_xy: 0.1306
    Metrics/base_velocity/error_vel_yaw: 0.2052
           Episode_Termination/time_out: 0.9941
       Episode_Termination/base_contact: 0.0059
--------------------------------------------------------------------------------
                         Iteration time: 1.27s
                           Time elapsed: 00:06:59
                                    ETA: 00:04:08

################################################################################
[1m                           Learning iteration 314/500                           [0m 

                            Total steps: 15482880 
                       Steps per second: 37487 
                        Collection time: 1.236s 
                          Learning time: 0.075s 
                        Mean value loss: 0.0051
                    Mean surrogate loss: -0.0067
                      Mean entropy loss: 6.2953
                            Mean reward: 29.93
                    Mean episode length: 980.74
                        Mean action std: 0.42
    Episode_Reward/track_lin_vel_xy_exp: 1.3270
     Episode_Reward/track_ang_vel_z_exp: 0.5879
            Episode_Reward/lin_vel_z_l2: -0.0454
           Episode_Reward/ang_vel_xy_l2: -0.0920
          Episode_Reward/dof_torques_l2: -0.0956
              Episode_Reward/dof_acc_l2: -0.0926
          Episode_Reward/action_rate_l2: -0.0889
           Episode_Reward/feet_air_time: -0.0089
     Episode_Reward/flat_orientation_l2: -0.0121
          Episode_Reward/dof_pos_limits: 0.0000
                   Metrics/success_rate: 0.9653
     Metrics/base_velocity/error_vel_xy: 0.1678
    Metrics/base_velocity/error_vel_yaw: 0.2266
           Episode_Termination/time_out: 0.9934
       Episode_Termination/base_contact: 0.0066
--------------------------------------------------------------------------------
                         Iteration time: 1.31s
                           Time elapsed: 00:07:00
                                    ETA: 00:04:06

################################################################################
[1m                           Learning iteration 315/500                           [0m 

                            Total steps: 15532032 
                       Steps per second: 40605 
                        Collection time: 1.159s 
                          Learning time: 0.051s 
                        Mean value loss: 0.0042
                    Mean surrogate loss: -0.0066
                      Mean entropy loss: 6.2831
                            Mean reward: 29.78
                    Mean episode length: 971.78
                        Mean action std: 0.42
    Episode_Reward/track_lin_vel_xy_exp: 1.3619
     Episode_Reward/track_ang_vel_z_exp: 0.6068
            Episode_Reward/lin_vel_z_l2: -0.0435
           Episode_Reward/ang_vel_xy_l2: -0.0920
          Episode_Reward/dof_torques_l2: -0.0972
              Episode_Reward/dof_acc_l2: -0.0861
          Episode_Reward/action_rate_l2: -0.0881
           Episode_Reward/feet_air_time: -0.0089
     Episode_Reward/flat_orientation_l2: -0.0117
          Episode_Reward/dof_pos_limits: 0.0000
                   Metrics/success_rate: 0.9896
     Metrics/base_velocity/error_vel_xy: 0.1372
    Metrics/base_velocity/error_vel_yaw: 0.2055
           Episode_Termination/time_out: 0.9930
       Episode_Termination/base_contact: 0.0070
--------------------------------------------------------------------------------
                         Iteration time: 1.21s
                           Time elapsed: 00:07:01
                                    ETA: 00:04:05

################################################################################
[1m                           Learning iteration 316/500                           [0m 

                            Total steps: 15581184 
                       Steps per second: 38569 
                        Collection time: 1.194s 
                          Learning time: 0.080s 
                        Mean value loss: 0.0042
                    Mean surrogate loss: -0.0077
                      Mean entropy loss: 6.2503
                            Mean reward: 30.34
                    Mean episode length: 991.04
                        Mean action std: 0.42
    Episode_Reward/track_lin_vel_xy_exp: 1.3683
     Episode_Reward/track_ang_vel_z_exp: 0.6087
            Episode_Reward/lin_vel_z_l2: -0.0455
           Episode_Reward/ang_vel_xy_l2: -0.0919
          Episode_Reward/dof_torques_l2: -0.1015
              Episode_Reward/dof_acc_l2: -0.0957
          Episode_Reward/action_rate_l2: -0.0925
           Episode_Reward/feet_air_time: -0.0089
     Episode_Reward/flat_orientation_l2: -0.0116
          Episode_Reward/dof_pos_limits: 0.0000
                   Metrics/success_rate: 1.0000
     Metrics/base_velocity/error_vel_xy: 0.1354
    Metrics/base_velocity/error_vel_yaw: 0.2044
           Episode_Termination/time_out: 0.9927
       Episode_Termination/base_contact: 0.0073
--------------------------------------------------------------------------------
                         Iteration time: 1.27s
                           Time elapsed: 00:07:02
                                    ETA: 00:04:04

################################################################################
[1m                           Learning iteration 317/500                           [0m 

                            Total steps: 15630336 
                       Steps per second: 39711 
                        Collection time: 1.183s 
                          Learning time: 0.055s 
                        Mean value loss: 0.0047
                    Mean surrogate loss: -0.0066
                      Mean entropy loss: 6.2251
                            Mean reward: 30.55
                    Mean episode length: 991.04
                        Mean action std: 0.42
    Episode_Reward/track_lin_vel_xy_exp: 1.3840
     Episode_Reward/track_ang_vel_z_exp: 0.6114
            Episode_Reward/lin_vel_z_l2: -0.0393
           Episode_Reward/ang_vel_xy_l2: -0.0916
          Episode_Reward/dof_torques_l2: -0.0920
              Episode_Reward/dof_acc_l2: -0.0796
          Episode_Reward/action_rate_l2: -0.0864
           Episode_Reward/feet_air_time: -0.0085
     Episode_Reward/flat_orientation_l2: -0.0105
          Episode_Reward/dof_pos_limits: 0.0000
                   Metrics/success_rate: 1.0000
     Metrics/base_velocity/error_vel_xy: 0.1245
    Metrics/base_velocity/error_vel_yaw: 0.2018
           Episode_Termination/time_out: 0.9927
       Episode_Termination/base_contact: 0.0073
--------------------------------------------------------------------------------
                         Iteration time: 1.24s
                           Time elapsed: 00:07:04
                                    ETA: 00:04:02

################################################################################
[1m                           Learning iteration 318/500                           [0m 

                            Total steps: 15679488 
                       Steps per second: 38824 
                        Collection time: 1.212s 
                          Learning time: 0.054s 
                        Mean value loss: 0.0041
                    Mean surrogate loss: -0.0067
                      Mean entropy loss: 6.2066
                            Mean reward: 30.95
                    Mean episode length: 991.05
                        Mean action std: 0.42
    Episode_Reward/track_lin_vel_xy_exp: 1.3647
     Episode_Reward/track_ang_vel_z_exp: 0.6073
            Episode_Reward/lin_vel_z_l2: -0.0419
           Episode_Reward/ang_vel_xy_l2: -0.0931
          Episode_Reward/dof_torques_l2: -0.0966
              Episode_Reward/dof_acc_l2: -0.0874
          Episode_Reward/action_rate_l2: -0.0876
           Episode_Reward/feet_air_time: -0.0086
     Episode_Reward/flat_orientation_l2: -0.0123
          Episode_Reward/dof_pos_limits: 0.0000
                   Metrics/success_rate: 0.9896
     Metrics/base_velocity/error_vel_xy: 0.1372
    Metrics/base_velocity/error_vel_yaw: 0.2045
           Episode_Termination/time_out: 0.9927
       Episode_Termination/base_contact: 0.0073
--------------------------------------------------------------------------------
                         Iteration time: 1.27s
                           Time elapsed: 00:07:05
                                    ETA: 00:04:01

################################################################################
[1m                           Learning iteration 319/500                           [0m 

                            Total steps: 15728640 
                       Steps per second: 38454 
                        Collection time: 1.224s 
                          Learning time: 0.054s 
                        Mean value loss: 0.0043
                    Mean surrogate loss: -0.0064
                      Mean entropy loss: 6.1982
                            Mean reward: 30.79
                    Mean episode length: 991.05
                        Mean action std: 0.42
    Episode_Reward/track_lin_vel_xy_exp: 1.3736
     Episode_Reward/track_ang_vel_z_exp: 0.6094
            Episode_Reward/lin_vel_z_l2: -0.0462
           Episode_Reward/ang_vel_xy_l2: -0.0943
          Episode_Reward/dof_torques_l2: -0.0955
              Episode_Reward/dof_acc_l2: -0.0951
          Episode_Reward/action_rate_l2: -0.0901
           Episode_Reward/feet_air_time: -0.0093
     Episode_Reward/flat_orientation_l2: -0.0120
          Episode_Reward/dof_pos_limits: 0.0000
                   Metrics/success_rate: 1.0000
     Metrics/base_velocity/error_vel_xy: 0.1312
    Metrics/base_velocity/error_vel_yaw: 0.2041
           Episode_Termination/time_out: 0.9927
       Episode_Termination/base_contact: 0.0073
--------------------------------------------------------------------------------
                         Iteration time: 1.28s
                           Time elapsed: 00:07:06
                                    ETA: 00:03:59

################################################################################
[1m                           Learning iteration 320/500                           [0m 

                            Total steps: 15777792 
                       Steps per second: 39230 
                        Collection time: 1.199s 
                          Learning time: 0.054s 
                        Mean value loss: 0.0039
                    Mean surrogate loss: -0.0050
                      Mean entropy loss: 6.1749
                            Mean reward: 30.82
                    Mean episode length: 1000.00
                        Mean action std: 0.42
    Episode_Reward/track_lin_vel_xy_exp: 1.3639
     Episode_Reward/track_ang_vel_z_exp: 0.6048
            Episode_Reward/lin_vel_z_l2: -0.0465
           Episode_Reward/ang_vel_xy_l2: -0.0946
          Episode_Reward/dof_torques_l2: -0.0998
              Episode_Reward/dof_acc_l2: -0.0974
          Episode_Reward/action_rate_l2: -0.0946
           Episode_Reward/feet_air_time: -0.0090
     Episode_Reward/flat_orientation_l2: -0.0121
          Episode_Reward/dof_pos_limits: 0.0000
                   Metrics/success_rate: 1.0000
     Metrics/base_velocity/error_vel_xy: 0.1380
    Metrics/base_velocity/error_vel_yaw: 0.2085
           Episode_Termination/time_out: 0.9927
       Episode_Termination/base_contact: 0.0073
--------------------------------------------------------------------------------
                         Iteration time: 1.25s
                           Time elapsed: 00:07:07
                                    ETA: 00:03:58

################################################################################
[1m                           Learning iteration 321/500                           [0m 

                            Total steps: 15826944 
                       Steps per second: 39451 
                        Collection time: 1.167s 
                          Learning time: 0.079s 
                        Mean value loss: 0.0046
                    Mean surrogate loss: -0.0062
                      Mean entropy loss: 6.1546
                            Mean reward: 30.69
                    Mean episode length: 1000.00
                        Mean action std: 0.42
    Episode_Reward/track_lin_vel_xy_exp: 1.3747
     Episode_Reward/track_ang_vel_z_exp: 0.6114
            Episode_Reward/lin_vel_z_l2: -0.0461
           Episode_Reward/ang_vel_xy_l2: -0.0907
          Episode_Reward/dof_torques_l2: -0.0986
              Episode_Reward/dof_acc_l2: -0.0896
          Episode_Reward/action_rate_l2: -0.0895
           Episode_Reward/feet_air_time: -0.0089
     Episode_Reward/flat_orientation_l2: -0.0130
          Episode_Reward/dof_pos_limits: 0.0000
                   Metrics/success_rate: 1.0000
     Metrics/base_velocity/error_vel_xy: 0.1302
    Metrics/base_velocity/error_vel_yaw: 0.2018
           Episode_Termination/time_out: 0.9927
       Episode_Termination/base_contact: 0.0073
--------------------------------------------------------------------------------
                         Iteration time: 1.25s
                           Time elapsed: 00:07:09
                                    ETA: 00:03:57

################################################################################
[1m                           Learning iteration 322/500                           [0m 

                            Total steps: 15876096 
                       Steps per second: 39343 
                        Collection time: 1.195s 
                          Learning time: 0.055s 
                        Mean value loss: 0.0048
                    Mean surrogate loss: -0.0071
                      Mean entropy loss: 6.1470
                            Mean reward: 30.68
                    Mean episode length: 990.59
                        Mean action std: 0.42
    Episode_Reward/track_lin_vel_xy_exp: 1.3248
     Episode_Reward/track_ang_vel_z_exp: 0.5853
            Episode_Reward/lin_vel_z_l2: -0.0443
           Episode_Reward/ang_vel_xy_l2: -0.0912
          Episode_Reward/dof_torques_l2: -0.0893
              Episode_Reward/dof_acc_l2: -0.0877
          Episode_Reward/action_rate_l2: -0.0830
           Episode_Reward/feet_air_time: -0.0088
     Episode_Reward/flat_orientation_l2: -0.0128
          Episode_Reward/dof_pos_limits: 0.0000
                   Metrics/success_rate: 0.9583
     Metrics/base_velocity/error_vel_xy: 0.1612
    Metrics/base_velocity/error_vel_yaw: 0.2401
           Episode_Termination/time_out: 0.9924
       Episode_Termination/base_contact: 0.0076
--------------------------------------------------------------------------------
                         Iteration time: 1.25s
                           Time elapsed: 00:07:10
                                    ETA: 00:03:55

################################################################################
[1m                           Learning iteration 323/500                           [0m 

                            Total steps: 15925248 
                       Steps per second: 39331 
                        Collection time: 1.185s 
                          Learning time: 0.065s 
                        Mean value loss: 0.0030
                    Mean surrogate loss: -0.0058
                      Mean entropy loss: 6.1395
                            Mean reward: 30.73
                    Mean episode length: 990.59
                        Mean action std: 0.41
    Episode_Reward/track_lin_vel_xy_exp: 1.3815
     Episode_Reward/track_ang_vel_z_exp: 0.6136
            Episode_Reward/lin_vel_z_l2: -0.0420
           Episode_Reward/ang_vel_xy_l2: -0.0918
          Episode_Reward/dof_torques_l2: -0.0988
              Episode_Reward/dof_acc_l2: -0.0904
          Episode_Reward/action_rate_l2: -0.0884
           Episode_Reward/feet_air_time: -0.0091
     Episode_Reward/flat_orientation_l2: -0.0131
          Episode_Reward/dof_pos_limits: 0.0000
                   Metrics/success_rate: 1.0000
     Metrics/base_velocity/error_vel_xy: 0.1269
    Metrics/base_velocity/error_vel_yaw: 0.1996
           Episode_Termination/time_out: 0.9922
       Episode_Termination/base_contact: 0.0078
--------------------------------------------------------------------------------
                         Iteration time: 1.25s
                           Time elapsed: 00:07:11
                                    ETA: 00:03:54

################################################################################
[1m                           Learning iteration 324/500                           [0m 

                            Total steps: 15974400 
                       Steps per second: 39445 
                        Collection time: 1.193s 
                          Learning time: 0.053s 
                        Mean value loss: 0.0041
                    Mean surrogate loss: -0.0068
                      Mean entropy loss: 6.1009
                            Mean reward: 30.48
                    Mean episode length: 990.59
                        Mean action std: 0.41
    Episode_Reward/track_lin_vel_xy_exp: 1.3690
     Episode_Reward/track_ang_vel_z_exp: 0.6097
            Episode_Reward/lin_vel_z_l2: -0.0462
           Episode_Reward/ang_vel_xy_l2: -0.0925
          Episode_Reward/dof_torques_l2: -0.1032
              Episode_Reward/dof_acc_l2: -0.0986
          Episode_Reward/action_rate_l2: -0.0917
           Episode_Reward/feet_air_time: -0.0090
     Episode_Reward/flat_orientation_l2: -0.0130
          Episode_Reward/dof_pos_limits: 0.0000
                   Metrics/success_rate: 1.0000
     Metrics/base_velocity/error_vel_xy: 0.1344
    Metrics/base_velocity/error_vel_yaw: 0.2035
           Episode_Termination/time_out: 0.9922
       Episode_Termination/base_contact: 0.0078
--------------------------------------------------------------------------------
                         Iteration time: 1.25s
                           Time elapsed: 00:07:12
                                    ETA: 00:03:53

################################################################################
[1m                           Learning iteration 325/500                           [0m 

                            Total steps: 16023552 
                       Steps per second: 39997 
                        Collection time: 1.177s 
                          Learning time: 0.052s 
                        Mean value loss: 0.0031
                    Mean surrogate loss: -0.0052
                      Mean entropy loss: 6.1009
                            Mean reward: 30.95
                    Mean episode length: 1000.00
                        Mean action std: 0.41
    Episode_Reward/track_lin_vel_xy_exp: 1.3759
     Episode_Reward/track_ang_vel_z_exp: 0.6111
            Episode_Reward/lin_vel_z_l2: -0.0413
           Episode_Reward/ang_vel_xy_l2: -0.0926
          Episode_Reward/dof_torques_l2: -0.0952
              Episode_Reward/dof_acc_l2: -0.0839
          Episode_Reward/action_rate_l2: -0.0870
           Episode_Reward/feet_air_time: -0.0090
     Episode_Reward/flat_orientation_l2: -0.0121
          Episode_Reward/dof_pos_limits: 0.0000
                   Metrics/success_rate: 1.0000
     Metrics/base_velocity/error_vel_xy: 0.1293
    Metrics/base_velocity/error_vel_yaw: 0.2027
           Episode_Termination/time_out: 0.9922
       Episode_Termination/base_contact: 0.0078
--------------------------------------------------------------------------------
                         Iteration time: 1.23s
                           Time elapsed: 00:07:14
                                    ETA: 00:03:51

################################################################################
[1m                           Learning iteration 326/500                           [0m 

                            Total steps: 16072704 
                       Steps per second: 39056 
                        Collection time: 1.205s 
                          Learning time: 0.054s 
                        Mean value loss: 0.0035
                    Mean surrogate loss: -0.0067
                      Mean entropy loss: 6.0723
                            Mean reward: 31.35
                    Mean episode length: 1000.00
                        Mean action std: 0.41
    Episode_Reward/track_lin_vel_xy_exp: 1.3819
     Episode_Reward/track_ang_vel_z_exp: 0.6125
            Episode_Reward/lin_vel_z_l2: -0.0420
           Episode_Reward/ang_vel_xy_l2: -0.0882
          Episode_Reward/dof_torques_l2: -0.0983
              Episode_Reward/dof_acc_l2: -0.0833
          Episode_Reward/action_rate_l2: -0.0869
           Episode_Reward/feet_air_time: -0.0082
     Episode_Reward/flat_orientation_l2: -0.0116
          Episode_Reward/dof_pos_limits: 0.0000
                   Metrics/success_rate: 1.0000
     Metrics/base_velocity/error_vel_xy: 0.1257
    Metrics/base_velocity/error_vel_yaw: 0.2006
           Episode_Termination/time_out: 0.9922
       Episode_Termination/base_contact: 0.0078
--------------------------------------------------------------------------------
                         Iteration time: 1.26s
                           Time elapsed: 00:07:15
                                    ETA: 00:03:50

################################################################################
[1m                           Learning iteration 327/500                           [0m 

                            Total steps: 16121856 
                       Steps per second: 40385 
                        Collection time: 1.162s 
                          Learning time: 0.055s 
                        Mean value loss: 0.0039
                    Mean surrogate loss: -0.0061
                      Mean entropy loss: 6.0540
                            Mean reward: 31.31
                    Mean episode length: 1000.00
                        Mean action std: 0.41
    Episode_Reward/track_lin_vel_xy_exp: 1.3726
     Episode_Reward/track_ang_vel_z_exp: 0.6099
            Episode_Reward/lin_vel_z_l2: -0.0403
           Episode_Reward/ang_vel_xy_l2: -0.0911
          Episode_Reward/dof_torques_l2: -0.0973
              Episode_Reward/dof_acc_l2: -0.0868
          Episode_Reward/action_rate_l2: -0.0867
           Episode_Reward/feet_air_time: -0.0084
     Episode_Reward/flat_orientation_l2: -0.0128
          Episode_Reward/dof_pos_limits: 0.0000
                   Metrics/success_rate: 1.0000
     Metrics/base_velocity/error_vel_xy: 0.1310
    Metrics/base_velocity/error_vel_yaw: 0.2051
           Episode_Termination/time_out: 0.9922
       Episode_Termination/base_contact: 0.0078
--------------------------------------------------------------------------------
                         Iteration time: 1.22s
                           Time elapsed: 00:07:16
                                    ETA: 00:03:48

################################################################################
[1m                           Learning iteration 328/500                           [0m 

                            Total steps: 16171008 
                       Steps per second: 39789 
                        Collection time: 1.177s 
                          Learning time: 0.058s 
                        Mean value loss: 0.0060
                    Mean surrogate loss: -0.0060
                      Mean entropy loss: 6.0558
                            Mean reward: 31.26
                    Mean episode length: 1000.00
                        Mean action std: 0.41
    Episode_Reward/track_lin_vel_xy_exp: 1.3798
     Episode_Reward/track_ang_vel_z_exp: 0.6135
            Episode_Reward/lin_vel_z_l2: -0.0411
           Episode_Reward/ang_vel_xy_l2: -0.0899
          Episode_Reward/dof_torques_l2: -0.0945
              Episode_Reward/dof_acc_l2: -0.0855
          Episode_Reward/action_rate_l2: -0.0876
           Episode_Reward/feet_air_time: -0.0087
     Episode_Reward/flat_orientation_l2: -0.0114
          Episode_Reward/dof_pos_limits: 0.0000
                   Metrics/success_rate: 1.0000
     Metrics/base_velocity/error_vel_xy: 0.1271
    Metrics/base_velocity/error_vel_yaw: 0.1999
           Episode_Termination/time_out: 0.9922
       Episode_Termination/base_contact: 0.0078
--------------------------------------------------------------------------------
                         Iteration time: 1.24s
                           Time elapsed: 00:07:17
                                    ETA: 00:03:47

################################################################################
[1m                           Learning iteration 329/500                           [0m 

                            Total steps: 16220160 
                       Steps per second: 39642 
                        Collection time: 1.187s 
                          Learning time: 0.053s 
                        Mean value loss: 0.0037
                    Mean surrogate loss: -0.0069
                      Mean entropy loss: 6.0584
                            Mean reward: 31.68
                    Mean episode length: 1000.00
                        Mean action std: 0.41
    Episode_Reward/track_lin_vel_xy_exp: 1.3860
     Episode_Reward/track_ang_vel_z_exp: 0.6151
            Episode_Reward/lin_vel_z_l2: -0.0388
           Episode_Reward/ang_vel_xy_l2: -0.0875
          Episode_Reward/dof_torques_l2: -0.0947
              Episode_Reward/dof_acc_l2: -0.0799
          Episode_Reward/action_rate_l2: -0.0830
           Episode_Reward/feet_air_time: -0.0077
     Episode_Reward/flat_orientation_l2: -0.0110
          Episode_Reward/dof_pos_limits: 0.0000
                   Metrics/success_rate: 1.0000
     Metrics/base_velocity/error_vel_xy: 0.1223
    Metrics/base_velocity/error_vel_yaw: 0.1979
           Episode_Termination/time_out: 0.9922
       Episode_Termination/base_contact: 0.0078
--------------------------------------------------------------------------------
                         Iteration time: 1.24s
                           Time elapsed: 00:07:19
                                    ETA: 00:03:46

################################################################################
[1m                           Learning iteration 330/500                           [0m 

                            Total steps: 16269312 
                       Steps per second: 37514 
                        Collection time: 1.227s 
                          Learning time: 0.083s 
                        Mean value loss: 0.0051
                    Mean surrogate loss: -0.0071
                      Mean entropy loss: 6.0366
                            Mean reward: 31.28
                    Mean episode length: 990.75
                        Mean action std: 0.41
    Episode_Reward/track_lin_vel_xy_exp: 1.3589
     Episode_Reward/track_ang_vel_z_exp: 0.6065
            Episode_Reward/lin_vel_z_l2: -0.0408
           Episode_Reward/ang_vel_xy_l2: -0.0874
          Episode_Reward/dof_torques_l2: -0.0920
              Episode_Reward/dof_acc_l2: -0.0879
          Episode_Reward/action_rate_l2: -0.0860
           Episode_Reward/feet_air_time: -0.0086
     Episode_Reward/flat_orientation_l2: -0.0109
          Episode_Reward/dof_pos_limits: 0.0000
                   Metrics/success_rate: 0.9861
     Metrics/base_velocity/error_vel_xy: 0.1380
    Metrics/base_velocity/error_vel_yaw: 0.2098
           Episode_Termination/time_out: 0.9918
       Episode_Termination/base_contact: 0.0082
--------------------------------------------------------------------------------
                         Iteration time: 1.31s
                           Time elapsed: 00:07:20
                                    ETA: 00:03:44

################################################################################
[1m                           Learning iteration 331/500                           [0m 

                            Total steps: 16318464 
                       Steps per second: 39012 
                        Collection time: 1.199s 
                          Learning time: 0.061s 
                        Mean value loss: 0.0040
                    Mean surrogate loss: -0.0067
                      Mean entropy loss: 6.0374
                            Mean reward: 31.03
                    Mean episode length: 990.75
                        Mean action std: 0.41
    Episode_Reward/track_lin_vel_xy_exp: 1.3748
     Episode_Reward/track_ang_vel_z_exp: 0.6121
            Episode_Reward/lin_vel_z_l2: -0.0410
           Episode_Reward/ang_vel_xy_l2: -0.0910
          Episode_Reward/dof_torques_l2: -0.0964
              Episode_Reward/dof_acc_l2: -0.0870
          Episode_Reward/action_rate_l2: -0.0874
           Episode_Reward/feet_air_time: -0.0091
     Episode_Reward/flat_orientation_l2: -0.0113
          Episode_Reward/dof_pos_limits: 0.0000
                   Metrics/success_rate: 1.0000
     Metrics/base_velocity/error_vel_xy: 0.1298
    Metrics/base_velocity/error_vel_yaw: 0.2013
           Episode_Termination/time_out: 0.9917
       Episode_Termination/base_contact: 0.0083
--------------------------------------------------------------------------------
                         Iteration time: 1.26s
                           Time elapsed: 00:07:21
                                    ETA: 00:03:43

################################################################################
[1m                           Learning iteration 332/500                           [0m 

                            Total steps: 16367616 
                       Steps per second: 38864 
                        Collection time: 1.211s 
                          Learning time: 0.053s 
                        Mean value loss: 0.0040
                    Mean surrogate loss: -0.0060
                      Mean entropy loss: 6.0391
                            Mean reward: 31.39
                    Mean episode length: 1000.00
                        Mean action std: 0.41
    Episode_Reward/track_lin_vel_xy_exp: 1.3773
     Episode_Reward/track_ang_vel_z_exp: 0.6151
            Episode_Reward/lin_vel_z_l2: -0.0409
           Episode_Reward/ang_vel_xy_l2: -0.0887
          Episode_Reward/dof_torques_l2: -0.0935
              Episode_Reward/dof_acc_l2: -0.0831
          Episode_Reward/action_rate_l2: -0.0854
           Episode_Reward/feet_air_time: -0.0086
     Episode_Reward/flat_orientation_l2: -0.0099
          Episode_Reward/dof_pos_limits: 0.0000
                   Metrics/success_rate: 1.0000
     Metrics/base_velocity/error_vel_xy: 0.1287
    Metrics/base_velocity/error_vel_yaw: 0.1981
           Episode_Termination/time_out: 0.9917
       Episode_Termination/base_contact: 0.0083
--------------------------------------------------------------------------------
                         Iteration time: 1.26s
                           Time elapsed: 00:07:22
                                    ETA: 00:03:42

################################################################################
[1m                           Learning iteration 333/500                           [0m 

                            Total steps: 16416768 
                       Steps per second: 40465 
                        Collection time: 1.162s 
                          Learning time: 0.052s 
                        Mean value loss: 0.0039
                    Mean surrogate loss: -0.0063
                      Mean entropy loss: 6.0310
                            Mean reward: 31.56
                    Mean episode length: 1000.00
                        Mean action std: 0.41
    Episode_Reward/track_lin_vel_xy_exp: 1.3819
     Episode_Reward/track_ang_vel_z_exp: 0.6148
            Episode_Reward/lin_vel_z_l2: -0.0415
           Episode_Reward/ang_vel_xy_l2: -0.0877
          Episode_Reward/dof_torques_l2: -0.0963
              Episode_Reward/dof_acc_l2: -0.0872
          Episode_Reward/action_rate_l2: -0.0870
           Episode_Reward/feet_air_time: -0.0086
     Episode_Reward/flat_orientation_l2: -0.0106
          Episode_Reward/dof_pos_limits: 0.0000
                   Metrics/success_rate: 1.0000
     Metrics/base_velocity/error_vel_xy: 0.1259
    Metrics/base_velocity/error_vel_yaw: 0.1984
           Episode_Termination/time_out: 0.9919
       Episode_Termination/base_contact: 0.0081
--------------------------------------------------------------------------------
                         Iteration time: 1.21s
                           Time elapsed: 00:07:24
                                    ETA: 00:03:40

################################################################################
[1m                           Learning iteration 334/500                           [0m 

                            Total steps: 16465920 
                       Steps per second: 39081 
                        Collection time: 1.207s 
                          Learning time: 0.051s 
                        Mean value loss: 0.0041
                    Mean surrogate loss: -0.0061
                      Mean entropy loss: 6.0185
                            Mean reward: 31.61
                    Mean episode length: 1000.00
                        Mean action std: 0.41
    Episode_Reward/track_lin_vel_xy_exp: 1.3845
     Episode_Reward/track_ang_vel_z_exp: 0.6155
            Episode_Reward/lin_vel_z_l2: -0.0422
           Episode_Reward/ang_vel_xy_l2: -0.0854
          Episode_Reward/dof_torques_l2: -0.0946
              Episode_Reward/dof_acc_l2: -0.0876
          Episode_Reward/action_rate_l2: -0.0877
           Episode_Reward/feet_air_time: -0.0088
     Episode_Reward/flat_orientation_l2: -0.0112
          Episode_Reward/dof_pos_limits: 0.0000
                   Metrics/success_rate: 1.0000
     Metrics/base_velocity/error_vel_xy: 0.1240
    Metrics/base_velocity/error_vel_yaw: 0.1976
           Episode_Termination/time_out: 0.9925
       Episode_Termination/base_contact: 0.0075
--------------------------------------------------------------------------------
                         Iteration time: 1.26s
                           Time elapsed: 00:07:25
                                    ETA: 00:03:39

################################################################################
[1m                           Learning iteration 335/500                           [0m 

                            Total steps: 16515072 
                       Steps per second: 40285 
                        Collection time: 1.166s 
                          Learning time: 0.054s 
                        Mean value loss: 0.0054
                    Mean surrogate loss: -0.0067
                      Mean entropy loss: 6.0009
                            Mean reward: 31.52
                    Mean episode length: 1000.00
                        Mean action std: 0.41
    Episode_Reward/track_lin_vel_xy_exp: 1.3741
     Episode_Reward/track_ang_vel_z_exp: 0.6137
            Episode_Reward/lin_vel_z_l2: -0.0421
           Episode_Reward/ang_vel_xy_l2: -0.0892
          Episode_Reward/dof_torques_l2: -0.0970
              Episode_Reward/dof_acc_l2: -0.0851
          Episode_Reward/action_rate_l2: -0.0864
           Episode_Reward/feet_air_time: -0.0086
     Episode_Reward/flat_orientation_l2: -0.0113
          Episode_Reward/dof_pos_limits: 0.0000
                   Metrics/success_rate: 1.0000
     Metrics/base_velocity/error_vel_xy: 0.1307
    Metrics/base_velocity/error_vel_yaw: 0.2006
           Episode_Termination/time_out: 0.9927
       Episode_Termination/base_contact: 0.0073
--------------------------------------------------------------------------------
                         Iteration time: 1.22s
                           Time elapsed: 00:07:26
                                    ETA: 00:03:37

################################################################################
[1m                           Learning iteration 336/500                           [0m 

                            Total steps: 16564224 
                       Steps per second: 37883 
                        Collection time: 1.243s 
                          Learning time: 0.055s 
                        Mean value loss: 0.0074
                    Mean surrogate loss: -0.0067
                      Mean entropy loss: 6.0087
                            Mean reward: 30.97
                    Mean episode length: 992.38
                        Mean action std: 0.41
    Episode_Reward/track_lin_vel_xy_exp: 1.3676
     Episode_Reward/track_ang_vel_z_exp: 0.6100
            Episode_Reward/lin_vel_z_l2: -0.0409
           Episode_Reward/ang_vel_xy_l2: -0.0904
          Episode_Reward/dof_torques_l2: -0.0959
              Episode_Reward/dof_acc_l2: -0.0917
          Episode_Reward/action_rate_l2: -0.0860
           Episode_Reward/feet_air_time: -0.0089
     Episode_Reward/flat_orientation_l2: -0.0124
          Episode_Reward/dof_pos_limits: 0.0000
                   Metrics/success_rate: 0.9931
     Metrics/base_velocity/error_vel_xy: 0.1364
    Metrics/base_velocity/error_vel_yaw: 0.2069
           Episode_Termination/time_out: 0.9926
       Episode_Termination/base_contact: 0.0074
--------------------------------------------------------------------------------
                         Iteration time: 1.30s
                           Time elapsed: 00:07:27
                                    ETA: 00:03:36

################################################################################
[1m                           Learning iteration 337/500                           [0m 

                            Total steps: 16613376 
                       Steps per second: 36741 
                        Collection time: 1.283s 
                          Learning time: 0.055s 
                        Mean value loss: 0.0073
                    Mean surrogate loss: -0.0071
                      Mean entropy loss: 6.0172
                            Mean reward: 31.68
                    Mean episode length: 1000.00
                        Mean action std: 0.41
    Episode_Reward/track_lin_vel_xy_exp: 1.3852
     Episode_Reward/track_ang_vel_z_exp: 0.6141
            Episode_Reward/lin_vel_z_l2: -0.0401
           Episode_Reward/ang_vel_xy_l2: -0.0898
          Episode_Reward/dof_torques_l2: -0.0922
              Episode_Reward/dof_acc_l2: -0.0890
          Episode_Reward/action_rate_l2: -0.0856
           Episode_Reward/feet_air_time: -0.0092
     Episode_Reward/flat_orientation_l2: -0.0104
          Episode_Reward/dof_pos_limits: 0.0000
                   Metrics/success_rate: 1.0000
     Metrics/base_velocity/error_vel_xy: 0.1239
    Metrics/base_velocity/error_vel_yaw: 0.1988
           Episode_Termination/time_out: 0.9922
       Episode_Termination/base_contact: 0.0078
--------------------------------------------------------------------------------
                         Iteration time: 1.34s
                           Time elapsed: 00:07:29
                                    ETA: 00:03:35

################################################################################
[1m                           Learning iteration 338/500                           [0m 

                            Total steps: 16662528 
                       Steps per second: 38912 
                        Collection time: 1.210s 
                          Learning time: 0.053s 
                        Mean value loss: 0.0076
                    Mean surrogate loss: -0.0067
                      Mean entropy loss: 6.0341
                            Mean reward: 30.46
                    Mean episode length: 972.88
                        Mean action std: 0.41
    Episode_Reward/track_lin_vel_xy_exp: 1.3243
     Episode_Reward/track_ang_vel_z_exp: 0.5901
            Episode_Reward/lin_vel_z_l2: -0.0415
           Episode_Reward/ang_vel_xy_l2: -0.0880
          Episode_Reward/dof_torques_l2: -0.0921
              Episode_Reward/dof_acc_l2: -0.0858
          Episode_Reward/action_rate_l2: -0.0831
           Episode_Reward/feet_air_time: -0.0085
     Episode_Reward/flat_orientation_l2: -0.0158
          Episode_Reward/dof_pos_limits: 0.0000
                   Metrics/success_rate: 0.9628
     Metrics/base_velocity/error_vel_xy: 0.1620
    Metrics/base_velocity/error_vel_yaw: 0.2273
           Episode_Termination/time_out: 0.9914
       Episode_Termination/base_contact: 0.0086
--------------------------------------------------------------------------------
                         Iteration time: 1.26s
                           Time elapsed: 00:07:30
                                    ETA: 00:03:33

################################################################################
[1m                           Learning iteration 339/500                           [0m 

                            Total steps: 16711680 
                       Steps per second: 37895 
                        Collection time: 1.240s 
                          Learning time: 0.057s 
                        Mean value loss: 0.0059
                    Mean surrogate loss: -0.0071
                      Mean entropy loss: 6.0342
                            Mean reward: 31.05
                    Mean episode length: 990.81
                        Mean action std: 0.41
    Episode_Reward/track_lin_vel_xy_exp: 1.3650
     Episode_Reward/track_ang_vel_z_exp: 0.6097
            Episode_Reward/lin_vel_z_l2: -0.0406
           Episode_Reward/ang_vel_xy_l2: -0.0872
          Episode_Reward/dof_torques_l2: -0.0972
              Episode_Reward/dof_acc_l2: -0.0864
          Episode_Reward/action_rate_l2: -0.0862
           Episode_Reward/feet_air_time: -0.0085
     Episode_Reward/flat_orientation_l2: -0.0115
          Episode_Reward/dof_pos_limits: 0.0000
                   Metrics/success_rate: 0.9931
     Metrics/base_velocity/error_vel_xy: 0.1361
    Metrics/base_velocity/error_vel_yaw: 0.2044
           Episode_Termination/time_out: 0.9909
       Episode_Termination/base_contact: 0.0091
--------------------------------------------------------------------------------
                         Iteration time: 1.30s
                           Time elapsed: 00:07:31
                                    ETA: 00:03:32

################################################################################
[1m                           Learning iteration 340/500                           [0m 

                            Total steps: 16760832 
                       Steps per second: 37458 
                        Collection time: 1.253s 
                          Learning time: 0.059s 
                        Mean value loss: 0.0042
                    Mean surrogate loss: -0.0069
                      Mean entropy loss: 6.0160
                            Mean reward: 30.96
                    Mean episode length: 990.81
                        Mean action std: 0.41
    Episode_Reward/track_lin_vel_xy_exp: 1.3740
     Episode_Reward/track_ang_vel_z_exp: 0.6151
            Episode_Reward/lin_vel_z_l2: -0.0417
           Episode_Reward/ang_vel_xy_l2: -0.0879
          Episode_Reward/dof_torques_l2: -0.1000
              Episode_Reward/dof_acc_l2: -0.0882
          Episode_Reward/action_rate_l2: -0.0875
           Episode_Reward/feet_air_time: -0.0085
     Episode_Reward/flat_orientation_l2: -0.0109
          Episode_Reward/dof_pos_limits: 0.0000
                   Metrics/success_rate: 1.0000
     Metrics/base_velocity/error_vel_xy: 0.1304
    Metrics/base_velocity/error_vel_yaw: 0.1982
           Episode_Termination/time_out: 0.9913
       Episode_Termination/base_contact: 0.0087
--------------------------------------------------------------------------------
                         Iteration time: 1.31s
                           Time elapsed: 00:07:33
                                    ETA: 00:03:31

################################################################################
[1m                           Learning iteration 341/500                           [0m 

                            Total steps: 16809984 
                       Steps per second: 34231 
                        Collection time: 1.376s 
                          Learning time: 0.060s 
                        Mean value loss: 0.0047
                    Mean surrogate loss: -0.0070
                      Mean entropy loss: 5.9886
                            Mean reward: 31.41
                    Mean episode length: 1000.00
                        Mean action std: 0.41
    Episode_Reward/track_lin_vel_xy_exp: 1.3779
     Episode_Reward/track_ang_vel_z_exp: 0.6129
            Episode_Reward/lin_vel_z_l2: -0.0399
           Episode_Reward/ang_vel_xy_l2: -0.0877
          Episode_Reward/dof_torques_l2: -0.0976
              Episode_Reward/dof_acc_l2: -0.0853
          Episode_Reward/action_rate_l2: -0.0862
           Episode_Reward/feet_air_time: -0.0084
     Episode_Reward/flat_orientation_l2: -0.0115
          Episode_Reward/dof_pos_limits: 0.0000
                   Metrics/success_rate: 1.0000
     Metrics/base_velocity/error_vel_xy: 0.1284
    Metrics/base_velocity/error_vel_yaw: 0.2010
           Episode_Termination/time_out: 0.9917
       Episode_Termination/base_contact: 0.0083
--------------------------------------------------------------------------------
                         Iteration time: 1.44s
                           Time elapsed: 00:07:34
                                    ETA: 00:03:29

################################################################################
[1m                           Learning iteration 342/500                           [0m 

                            Total steps: 16859136 
                       Steps per second: 38117 
                        Collection time: 1.235s 
                          Learning time: 0.054s 
                        Mean value loss: 0.0040
                    Mean surrogate loss: -0.0075
                      Mean entropy loss: 5.9830
                            Mean reward: 31.23
                    Mean episode length: 990.87
                        Mean action std: 0.41
    Episode_Reward/track_lin_vel_xy_exp: 1.3235
     Episode_Reward/track_ang_vel_z_exp: 0.5908
            Episode_Reward/lin_vel_z_l2: -0.0422
           Episode_Reward/ang_vel_xy_l2: -0.0869
          Episode_Reward/dof_torques_l2: -0.0950
              Episode_Reward/dof_acc_l2: -0.0865
          Episode_Reward/action_rate_l2: -0.0837
           Episode_Reward/feet_air_time: -0.0082
     Episode_Reward/flat_orientation_l2: -0.0145
          Episode_Reward/dof_pos_limits: 0.0000
                   Metrics/success_rate: 0.9583
     Metrics/base_velocity/error_vel_xy: 0.1669
    Metrics/base_velocity/error_vel_yaw: 0.2279
           Episode_Termination/time_out: 0.9913
       Episode_Termination/base_contact: 0.0087
--------------------------------------------------------------------------------
                         Iteration time: 1.29s
                           Time elapsed: 00:07:35
                                    ETA: 00:03:28

################################################################################
[1m                           Learning iteration 343/500                           [0m 

                            Total steps: 16908288 
                       Steps per second: 39254 
                        Collection time: 1.198s 
                          Learning time: 0.054s 
                        Mean value loss: 0.0045
                    Mean surrogate loss: -0.0070
                      Mean entropy loss: 5.9733
                            Mean reward: 31.13
                    Mean episode length: 991.45
                        Mean action std: 0.41
    Episode_Reward/track_lin_vel_xy_exp: 1.3678
     Episode_Reward/track_ang_vel_z_exp: 0.6101
            Episode_Reward/lin_vel_z_l2: -0.0418
           Episode_Reward/ang_vel_xy_l2: -0.0856
          Episode_Reward/dof_torques_l2: -0.0972
              Episode_Reward/dof_acc_l2: -0.0877
          Episode_Reward/action_rate_l2: -0.0861
           Episode_Reward/feet_air_time: -0.0088
     Episode_Reward/flat_orientation_l2: -0.0119
          Episode_Reward/dof_pos_limits: 0.0000
                   Metrics/success_rate: 0.9931
     Metrics/base_velocity/error_vel_xy: 0.1346
    Metrics/base_velocity/error_vel_yaw: 0.2047
           Episode_Termination/time_out: 0.9917
       Episode_Termination/base_contact: 0.0083
--------------------------------------------------------------------------------
                         Iteration time: 1.25s
                           Time elapsed: 00:07:37
                                    ETA: 00:03:27

################################################################################
[1m                           Learning iteration 344/500                           [0m 

                            Total steps: 16957440 
                       Steps per second: 38225 
                        Collection time: 1.228s 
                          Learning time: 0.058s 
                        Mean value loss: 0.0041
                    Mean surrogate loss: -0.0060
                      Mean entropy loss: 5.9740
                            Mean reward: 31.18
                    Mean episode length: 991.45
                        Mean action std: 0.41
    Episode_Reward/track_lin_vel_xy_exp: 1.3855
     Episode_Reward/track_ang_vel_z_exp: 0.6142
            Episode_Reward/lin_vel_z_l2: -0.0392
           Episode_Reward/ang_vel_xy_l2: -0.0874
          Episode_Reward/dof_torques_l2: -0.0943
              Episode_Reward/dof_acc_l2: -0.0811
          Episode_Reward/action_rate_l2: -0.0825
           Episode_Reward/feet_air_time: -0.0085
     Episode_Reward/flat_orientation_l2: -0.0103
          Episode_Reward/dof_pos_limits: 0.0000
                   Metrics/success_rate: 1.0000
     Metrics/base_velocity/error_vel_xy: 0.1240
    Metrics/base_velocity/error_vel_yaw: 0.1995
           Episode_Termination/time_out: 0.9919
       Episode_Termination/base_contact: 0.0081
--------------------------------------------------------------------------------
                         Iteration time: 1.29s
                           Time elapsed: 00:07:38
                                    ETA: 00:03:25

################################################################################
[1m                           Learning iteration 345/500                           [0m 

                            Total steps: 17006592 
                       Steps per second: 38039 
                        Collection time: 1.241s 
                          Learning time: 0.051s 
                        Mean value loss: 0.0060
                    Mean surrogate loss: -0.0070
                      Mean entropy loss: 5.9660
                            Mean reward: 31.85
                    Mean episode length: 1000.00
                        Mean action std: 0.41
    Episode_Reward/track_lin_vel_xy_exp: 1.3880
     Episode_Reward/track_ang_vel_z_exp: 0.6155
            Episode_Reward/lin_vel_z_l2: -0.0404
           Episode_Reward/ang_vel_xy_l2: -0.0865
          Episode_Reward/dof_torques_l2: -0.0926
              Episode_Reward/dof_acc_l2: -0.0824
          Episode_Reward/action_rate_l2: -0.0820
           Episode_Reward/feet_air_time: -0.0088
     Episode_Reward/flat_orientation_l2: -0.0105
          Episode_Reward/dof_pos_limits: 0.0000
                   Metrics/success_rate: 1.0000
     Metrics/base_velocity/error_vel_xy: 0.1213
    Metrics/base_velocity/error_vel_yaw: 0.1976
           Episode_Termination/time_out: 0.9922
       Episode_Termination/base_contact: 0.0078
--------------------------------------------------------------------------------
                         Iteration time: 1.29s
                           Time elapsed: 00:07:39
                                    ETA: 00:03:24

################################################################################
[1m                           Learning iteration 346/500                           [0m 

                            Total steps: 17055744 
                       Steps per second: 38705 
                        Collection time: 1.217s 
                          Learning time: 0.053s 
                        Mean value loss: 0.0041
                    Mean surrogate loss: -0.0067
                      Mean entropy loss: 5.9873
                            Mean reward: 31.71
                    Mean episode length: 1000.00
                        Mean action std: 0.41
    Episode_Reward/track_lin_vel_xy_exp: 1.3857
     Episode_Reward/track_ang_vel_z_exp: 0.6178
            Episode_Reward/lin_vel_z_l2: -0.0404
           Episode_Reward/ang_vel_xy_l2: -0.0855
          Episode_Reward/dof_torques_l2: -0.0939
              Episode_Reward/dof_acc_l2: -0.0850
          Episode_Reward/action_rate_l2: -0.0836
           Episode_Reward/feet_air_time: -0.0083
     Episode_Reward/flat_orientation_l2: -0.0105
          Episode_Reward/dof_pos_limits: 0.0000
                   Metrics/success_rate: 1.0000
     Metrics/base_velocity/error_vel_xy: 0.1231
    Metrics/base_velocity/error_vel_yaw: 0.1952
           Episode_Termination/time_out: 0.9922
       Episode_Termination/base_contact: 0.0078
--------------------------------------------------------------------------------
                         Iteration time: 1.27s
                           Time elapsed: 00:07:40
                                    ETA: 00:03:23

################################################################################
[1m                           Learning iteration 347/500                           [0m 

                            Total steps: 17104896 
                       Steps per second: 40032 
                        Collection time: 1.152s 
                          Learning time: 0.075s 
                        Mean value loss: 0.0046
                    Mean surrogate loss: -0.0056
                      Mean entropy loss: 5.9713
                            Mean reward: 31.61
                    Mean episode length: 1000.00
                        Mean action std: 0.41
    Episode_Reward/track_lin_vel_xy_exp: 1.3809
     Episode_Reward/track_ang_vel_z_exp: 0.6134
            Episode_Reward/lin_vel_z_l2: -0.0431
           Episode_Reward/ang_vel_xy_l2: -0.0874
          Episode_Reward/dof_torques_l2: -0.0949
              Episode_Reward/dof_acc_l2: -0.0930
          Episode_Reward/action_rate_l2: -0.0884
           Episode_Reward/feet_air_time: -0.0092
     Episode_Reward/flat_orientation_l2: -0.0104
          Episode_Reward/dof_pos_limits: 0.0000
                   Metrics/success_rate: 1.0000
     Metrics/base_velocity/error_vel_xy: 0.1258
    Metrics/base_velocity/error_vel_yaw: 0.1999
           Episode_Termination/time_out: 0.9925
       Episode_Termination/base_contact: 0.0075
--------------------------------------------------------------------------------
                         Iteration time: 1.23s
                           Time elapsed: 00:07:42
                                    ETA: 00:03:21

################################################################################
[1m                           Learning iteration 348/500                           [0m 

                            Total steps: 17154048 
                       Steps per second: 39694 
                        Collection time: 1.184s 
                          Learning time: 0.054s 
                        Mean value loss: 0.0042
                    Mean surrogate loss: -0.0067
                      Mean entropy loss: 5.9638
                            Mean reward: 31.00
                    Mean episode length: 990.94
                        Mean action std: 0.41
    Episode_Reward/track_lin_vel_xy_exp: 1.3591
     Episode_Reward/track_ang_vel_z_exp: 0.6088
            Episode_Reward/lin_vel_z_l2: -0.0447
           Episode_Reward/ang_vel_xy_l2: -0.0900
          Episode_Reward/dof_torques_l2: -0.0973
              Episode_Reward/dof_acc_l2: -0.0871
          Episode_Reward/action_rate_l2: -0.0870
           Episode_Reward/feet_air_time: -0.0087
     Episode_Reward/flat_orientation_l2: -0.0118
          Episode_Reward/dof_pos_limits: 0.0000
                   Metrics/success_rate: 0.9940
     Metrics/base_velocity/error_vel_xy: 0.1404
    Metrics/base_velocity/error_vel_yaw: 0.2049
           Episode_Termination/time_out: 0.9925
       Episode_Termination/base_contact: 0.0075
--------------------------------------------------------------------------------
                         Iteration time: 1.24s
                           Time elapsed: 00:07:43
                                    ETA: 00:03:20

################################################################################
[1m                           Learning iteration 349/500                           [0m 

                            Total steps: 17203200 
                       Steps per second: 41499 
                        Collection time: 1.131s 
                          Learning time: 0.053s 
                        Mean value loss: 0.0032
                    Mean surrogate loss: -0.0074
                      Mean entropy loss: 5.9556
                            Mean reward: 30.97
                    Mean episode length: 990.94
                        Mean action std: 0.41
    Episode_Reward/track_lin_vel_xy_exp: 1.3815
     Episode_Reward/track_ang_vel_z_exp: 0.6155
            Episode_Reward/lin_vel_z_l2: -0.0414
           Episode_Reward/ang_vel_xy_l2: -0.0882
          Episode_Reward/dof_torques_l2: -0.0961
              Episode_Reward/dof_acc_l2: -0.0904
          Episode_Reward/action_rate_l2: -0.0868
           Episode_Reward/feet_air_time: -0.0091
     Episode_Reward/flat_orientation_l2: -0.0110
          Episode_Reward/dof_pos_limits: 0.0000
                   Metrics/success_rate: 1.0000
     Metrics/base_velocity/error_vel_xy: 0.1258
    Metrics/base_velocity/error_vel_yaw: 0.1977
           Episode_Termination/time_out: 0.9923
       Episode_Termination/base_contact: 0.0077
--------------------------------------------------------------------------------
                         Iteration time: 1.18s
                           Time elapsed: 00:07:44
                                    ETA: 00:03:19

################################################################################
[1m                           Learning iteration 350/500                           [0m 

                            Total steps: 17252352 
                       Steps per second: 38954 
                        Collection time: 1.205s 
                          Learning time: 0.057s 
                        Mean value loss: 0.0036
                    Mean surrogate loss: -0.0066
                      Mean entropy loss: 5.9200
                            Mean reward: 31.30
                    Mean episode length: 990.94
                        Mean action std: 0.41
    Episode_Reward/track_lin_vel_xy_exp: 1.3815
     Episode_Reward/track_ang_vel_z_exp: 0.6200
            Episode_Reward/lin_vel_z_l2: -0.0374
           Episode_Reward/ang_vel_xy_l2: -0.0863
          Episode_Reward/dof_torques_l2: -0.0975
              Episode_Reward/dof_acc_l2: -0.0821
          Episode_Reward/action_rate_l2: -0.0835
           Episode_Reward/feet_air_time: -0.0079
     Episode_Reward/flat_orientation_l2: -0.0099
          Episode_Reward/dof_pos_limits: 0.0000
                   Metrics/success_rate: 1.0000
     Metrics/base_velocity/error_vel_xy: 0.1267
    Metrics/base_velocity/error_vel_yaw: 0.1930
           Episode_Termination/time_out: 0.9931
       Episode_Termination/base_contact: 0.0069
--------------------------------------------------------------------------------
                         Iteration time: 1.26s
                           Time elapsed: 00:07:45
                                    ETA: 00:03:17

################################################################################
[1m                           Learning iteration 351/500                           [0m 

                            Total steps: 17301504 
                       Steps per second: 39086 
                        Collection time: 1.205s 
                          Learning time: 0.052s 
                        Mean value loss: 0.0042
                    Mean surrogate loss: -0.0052
                      Mean entropy loss: 5.8979
                            Mean reward: 31.92
                    Mean episode length: 1000.00
                        Mean action std: 0.41
    Episode_Reward/track_lin_vel_xy_exp: 1.3857
     Episode_Reward/track_ang_vel_z_exp: 0.6190
            Episode_Reward/lin_vel_z_l2: -0.0396
           Episode_Reward/ang_vel_xy_l2: -0.0868
          Episode_Reward/dof_torques_l2: -0.0914
              Episode_Reward/dof_acc_l2: -0.0852
          Episode_Reward/action_rate_l2: -0.0833
           Episode_Reward/feet_air_time: -0.0089
     Episode_Reward/flat_orientation_l2: -0.0099
          Episode_Reward/dof_pos_limits: 0.0000
                   Metrics/success_rate: 1.0000
     Metrics/base_velocity/error_vel_xy: 0.1235
    Metrics/base_velocity/error_vel_yaw: 0.1939
           Episode_Termination/time_out: 0.9932
       Episode_Termination/base_contact: 0.0068
--------------------------------------------------------------------------------
                         Iteration time: 1.26s
                           Time elapsed: 00:07:47
                                    ETA: 00:03:16

################################################################################
[1m                           Learning iteration 352/500                           [0m 

                            Total steps: 17350656 
                       Steps per second: 38804 
                        Collection time: 1.215s 
                          Learning time: 0.052s 
                        Mean value loss: 0.0031
                    Mean surrogate loss: -0.0062
                      Mean entropy loss: 5.8943
                            Mean reward: 32.03
                    Mean episode length: 1000.00
                        Mean action std: 0.41
    Episode_Reward/track_lin_vel_xy_exp: 1.3842
     Episode_Reward/track_ang_vel_z_exp: 0.6184
            Episode_Reward/lin_vel_z_l2: -0.0389
           Episode_Reward/ang_vel_xy_l2: -0.0850
          Episode_Reward/dof_torques_l2: -0.0939
              Episode_Reward/dof_acc_l2: -0.0814
          Episode_Reward/action_rate_l2: -0.0831
           Episode_Reward/feet_air_time: -0.0086
     Episode_Reward/flat_orientation_l2: -0.0110
          Episode_Reward/dof_pos_limits: 0.0000
                   Metrics/success_rate: 1.0000
     Metrics/base_velocity/error_vel_xy: 0.1242
    Metrics/base_velocity/error_vel_yaw: 0.1949
           Episode_Termination/time_out: 0.9932
       Episode_Termination/base_contact: 0.0068
--------------------------------------------------------------------------------
                         Iteration time: 1.27s
                           Time elapsed: 00:07:48
                                    ETA: 00:03:15

################################################################################
[1m                           Learning iteration 353/500                           [0m 

                            Total steps: 17399808 
                       Steps per second: 38823 
                        Collection time: 1.215s 
                          Learning time: 0.051s 
                        Mean value loss: 0.0027
                    Mean surrogate loss: -0.0075
                      Mean entropy loss: 5.8425
                            Mean reward: 31.96
                    Mean episode length: 1000.00
                        Mean action std: 0.40
    Episode_Reward/track_lin_vel_xy_exp: 1.3811
     Episode_Reward/track_ang_vel_z_exp: 0.6155
            Episode_Reward/lin_vel_z_l2: -0.0369
           Episode_Reward/ang_vel_xy_l2: -0.0852
          Episode_Reward/dof_torques_l2: -0.0962
              Episode_Reward/dof_acc_l2: -0.0810
          Episode_Reward/action_rate_l2: -0.0827
           Episode_Reward/feet_air_time: -0.0082
     Episode_Reward/flat_orientation_l2: -0.0111
          Episode_Reward/dof_pos_limits: 0.0000
                   Metrics/success_rate: 1.0000
     Metrics/base_velocity/error_vel_xy: 0.1259
    Metrics/base_velocity/error_vel_yaw: 0.1979
           Episode_Termination/time_out: 0.9932
       Episode_Termination/base_contact: 0.0068
--------------------------------------------------------------------------------
                         Iteration time: 1.27s
                           Time elapsed: 00:07:49
                                    ETA: 00:03:13

################################################################################
[1m                           Learning iteration 354/500                           [0m 

                            Total steps: 17448960 
                       Steps per second: 40017 
                        Collection time: 1.171s 
                          Learning time: 0.057s 
                        Mean value loss: 0.0054
                    Mean surrogate loss: -0.0055
                      Mean entropy loss: 5.8168
                            Mean reward: 31.87
                    Mean episode length: 1000.00
                        Mean action std: 0.40
    Episode_Reward/track_lin_vel_xy_exp: 1.3832
     Episode_Reward/track_ang_vel_z_exp: 0.6204
            Episode_Reward/lin_vel_z_l2: -0.0392
           Episode_Reward/ang_vel_xy_l2: -0.0855
          Episode_Reward/dof_torques_l2: -0.0965
              Episode_Reward/dof_acc_l2: -0.0834
          Episode_Reward/action_rate_l2: -0.0846
           Episode_Reward/feet_air_time: -0.0079
     Episode_Reward/flat_orientation_l2: -0.0098
          Episode_Reward/dof_pos_limits: 0.0000
                   Metrics/success_rate: 1.0000
     Metrics/base_velocity/error_vel_xy: 0.1242
    Metrics/base_velocity/error_vel_yaw: 0.1937
           Episode_Termination/time_out: 0.9932
       Episode_Termination/base_contact: 0.0068
--------------------------------------------------------------------------------
                         Iteration time: 1.23s
                           Time elapsed: 00:07:50
                                    ETA: 00:03:12

################################################################################
[1m                           Learning iteration 355/500                           [0m 

                            Total steps: 17498112 
                       Steps per second: 39496 
                        Collection time: 1.186s 
                          Learning time: 0.058s 
                        Mean value loss: 0.0033
                    Mean surrogate loss: -0.0069
                      Mean entropy loss: 5.8117
                            Mean reward: 31.82
                    Mean episode length: 1000.00
                        Mean action std: 0.40
    Episode_Reward/track_lin_vel_xy_exp: 1.3853
     Episode_Reward/track_ang_vel_z_exp: 0.6169
            Episode_Reward/lin_vel_z_l2: -0.0398
           Episode_Reward/ang_vel_xy_l2: -0.0868
          Episode_Reward/dof_torques_l2: -0.0946
              Episode_Reward/dof_acc_l2: -0.0842
          Episode_Reward/action_rate_l2: -0.0845
           Episode_Reward/feet_air_time: -0.0083
     Episode_Reward/flat_orientation_l2: -0.0107
          Episode_Reward/dof_pos_limits: 0.0000
                   Metrics/success_rate: 1.0000
     Metrics/base_velocity/error_vel_xy: 0.1240
    Metrics/base_velocity/error_vel_yaw: 0.1967
           Episode_Termination/time_out: 0.9932
       Episode_Termination/base_contact: 0.0068
--------------------------------------------------------------------------------
                         Iteration time: 1.24s
                           Time elapsed: 00:07:52
                                    ETA: 00:03:10

################################################################################
[1m                           Learning iteration 356/500                           [0m 

                            Total steps: 17547264 
                       Steps per second: 40263 
                        Collection time: 1.168s 
                          Learning time: 0.053s 
                        Mean value loss: 0.0044
                    Mean surrogate loss: -0.0061
                      Mean entropy loss: 5.7986
                            Mean reward: 31.72
                    Mean episode length: 1000.00
                        Mean action std: 0.40
    Episode_Reward/track_lin_vel_xy_exp: 1.3696
     Episode_Reward/track_ang_vel_z_exp: 0.6149
            Episode_Reward/lin_vel_z_l2: -0.0456
           Episode_Reward/ang_vel_xy_l2: -0.0873
          Episode_Reward/dof_torques_l2: -0.0953
              Episode_Reward/dof_acc_l2: -0.0966
          Episode_Reward/action_rate_l2: -0.0898
           Episode_Reward/feet_air_time: -0.0090
     Episode_Reward/flat_orientation_l2: -0.0108
          Episode_Reward/dof_pos_limits: 0.0000
                   Metrics/success_rate: 1.0000
     Metrics/base_velocity/error_vel_xy: 0.1338
    Metrics/base_velocity/error_vel_yaw: 0.1984
           Episode_Termination/time_out: 0.9941
       Episode_Termination/base_contact: 0.0059
--------------------------------------------------------------------------------
                         Iteration time: 1.22s
                           Time elapsed: 00:07:53
                                    ETA: 00:03:09

################################################################################
[1m                           Learning iteration 357/500                           [0m 

                            Total steps: 17596416 
                       Steps per second: 40910 
                        Collection time: 1.150s 
                          Learning time: 0.051s 
                        Mean value loss: 0.0039
                    Mean surrogate loss: -0.0063
                      Mean entropy loss: 5.8176
                            Mean reward: 31.58
                    Mean episode length: 1000.00
                        Mean action std: 0.40
    Episode_Reward/track_lin_vel_xy_exp: 1.3648
     Episode_Reward/track_ang_vel_z_exp: 0.6176
            Episode_Reward/lin_vel_z_l2: -0.0430
           Episode_Reward/ang_vel_xy_l2: -0.0849
          Episode_Reward/dof_torques_l2: -0.1024
              Episode_Reward/dof_acc_l2: -0.0914
          Episode_Reward/action_rate_l2: -0.0891
           Episode_Reward/feet_air_time: -0.0078
     Episode_Reward/flat_orientation_l2: -0.0104
          Episode_Reward/dof_pos_limits: 0.0000
                   Metrics/success_rate: 1.0000
     Metrics/base_velocity/error_vel_xy: 0.1361
    Metrics/base_velocity/error_vel_yaw: 0.1957
           Episode_Termination/time_out: 0.9945
       Episode_Termination/base_contact: 0.0055
--------------------------------------------------------------------------------
                         Iteration time: 1.20s
                           Time elapsed: 00:07:54
                                    ETA: 00:03:08

################################################################################
[1m                           Learning iteration 358/500                           [0m 

                            Total steps: 17645568 
                       Steps per second: 39373 
                        Collection time: 1.193s 
                          Learning time: 0.055s 
                        Mean value loss: 0.0051
                    Mean surrogate loss: -0.0073
                      Mean entropy loss: 5.8219
                            Mean reward: 31.20
                    Mean episode length: 990.66
                        Mean action std: 0.40
    Episode_Reward/track_lin_vel_xy_exp: 1.3570
     Episode_Reward/track_ang_vel_z_exp: 0.6095
            Episode_Reward/lin_vel_z_l2: -0.0418
           Episode_Reward/ang_vel_xy_l2: -0.0863
          Episode_Reward/dof_torques_l2: -0.0967
              Episode_Reward/dof_acc_l2: -0.0872
          Episode_Reward/action_rate_l2: -0.0848
           Episode_Reward/feet_air_time: -0.0085
     Episode_Reward/flat_orientation_l2: -0.0124
          Episode_Reward/dof_pos_limits: 0.0000
                   Metrics/success_rate: 0.9861
     Metrics/base_velocity/error_vel_xy: 0.1393
    Metrics/base_velocity/error_vel_yaw: 0.1995
           Episode_Termination/time_out: 0.9945
       Episode_Termination/base_contact: 0.0055
--------------------------------------------------------------------------------
                         Iteration time: 1.25s
                           Time elapsed: 00:07:55
                                    ETA: 00:03:06

################################################################################
[1m                           Learning iteration 359/500                           [0m 

                            Total steps: 17694720 
                       Steps per second: 39651 
                        Collection time: 1.186s 
                          Learning time: 0.053s 
                        Mean value loss: 0.0050
                    Mean surrogate loss: -0.0074
                      Mean entropy loss: 5.8205
                            Mean reward: 31.02
                    Mean episode length: 981.98
                        Mean action std: 0.40
    Episode_Reward/track_lin_vel_xy_exp: 1.2710
     Episode_Reward/track_ang_vel_z_exp: 0.5685
            Episode_Reward/lin_vel_z_l2: -0.0387
           Episode_Reward/ang_vel_xy_l2: -0.0810
          Episode_Reward/dof_torques_l2: -0.0831
              Episode_Reward/dof_acc_l2: -0.0758
          Episode_Reward/action_rate_l2: -0.0747
           Episode_Reward/feet_air_time: -0.0076
     Episode_Reward/flat_orientation_l2: -0.0155
          Episode_Reward/dof_pos_limits: 0.0000
                   Metrics/success_rate: 0.9167
     Metrics/base_velocity/error_vel_xy: 0.2029
    Metrics/base_velocity/error_vel_yaw: 0.2662
           Episode_Termination/time_out: 0.9938
       Episode_Termination/base_contact: 0.0062
--------------------------------------------------------------------------------
                         Iteration time: 1.24s
                           Time elapsed: 00:07:57
                                    ETA: 00:03:05

################################################################################
[1m                           Learning iteration 360/500                           [0m 

                            Total steps: 17743872 
                       Steps per second: 40346 
                        Collection time: 1.163s 
                          Learning time: 0.055s 
                        Mean value loss: 0.0035
                    Mean surrogate loss: -0.0072
                      Mean entropy loss: 5.8090
                            Mean reward: 31.14
                    Mean episode length: 981.98
                        Mean action std: 0.40
    Episode_Reward/track_lin_vel_xy_exp: 1.3917
     Episode_Reward/track_ang_vel_z_exp: 0.6187
            Episode_Reward/lin_vel_z_l2: -0.0369
           Episode_Reward/ang_vel_xy_l2: -0.0849
          Episode_Reward/dof_torques_l2: -0.0900
              Episode_Reward/dof_acc_l2: -0.0802
          Episode_Reward/action_rate_l2: -0.0797
           Episode_Reward/feet_air_time: -0.0077
     Episode_Reward/flat_orientation_l2: -0.0101
          Episode_Reward/dof_pos_limits: 0.0000
                   Metrics/success_rate: 1.0000
     Metrics/base_velocity/error_vel_xy: 0.1192
    Metrics/base_velocity/error_vel_yaw: 0.1944
           Episode_Termination/time_out: 0.9941
       Episode_Termination/base_contact: 0.0059
--------------------------------------------------------------------------------
                         Iteration time: 1.22s
                           Time elapsed: 00:07:58
                                    ETA: 00:03:04

################################################################################
[1m                           Learning iteration 361/500                           [0m 

                            Total steps: 17793024 
                       Steps per second: 37740 
                        Collection time: 1.248s 
                          Learning time: 0.054s 
                        Mean value loss: 0.0054
                    Mean surrogate loss: -0.0051
                      Mean entropy loss: 5.7872
                            Mean reward: 32.03
                    Mean episode length: 1000.00
                        Mean action std: 0.40
    Episode_Reward/track_lin_vel_xy_exp: 1.3863
     Episode_Reward/track_ang_vel_z_exp: 0.6212
            Episode_Reward/lin_vel_z_l2: -0.0393
           Episode_Reward/ang_vel_xy_l2: -0.0842
          Episode_Reward/dof_torques_l2: -0.0909
              Episode_Reward/dof_acc_l2: -0.0843
          Episode_Reward/action_rate_l2: -0.0831
           Episode_Reward/feet_air_time: -0.0085
     Episode_Reward/flat_orientation_l2: -0.0116
          Episode_Reward/dof_pos_limits: 0.0000
                   Metrics/success_rate: 1.0000
     Metrics/base_velocity/error_vel_xy: 0.1221
    Metrics/base_velocity/error_vel_yaw: 0.1916
           Episode_Termination/time_out: 0.9941
       Episode_Termination/base_contact: 0.0059
--------------------------------------------------------------------------------
                         Iteration time: 1.30s
                           Time elapsed: 00:07:59
                                    ETA: 00:03:02

################################################################################
[1m                           Learning iteration 362/500                           [0m 

                            Total steps: 17842176 
                       Steps per second: 40361 
                        Collection time: 1.163s 
                          Learning time: 0.055s 
                        Mean value loss: 0.0037
                    Mean surrogate loss: -0.0060
                      Mean entropy loss: 5.7780
                            Mean reward: 32.08
                    Mean episode length: 1000.00
                        Mean action std: 0.40
    Episode_Reward/track_lin_vel_xy_exp: 1.3821
     Episode_Reward/track_ang_vel_z_exp: 0.6213
            Episode_Reward/lin_vel_z_l2: -0.0390
           Episode_Reward/ang_vel_xy_l2: -0.0820
          Episode_Reward/dof_torques_l2: -0.0932
              Episode_Reward/dof_acc_l2: -0.0834
          Episode_Reward/action_rate_l2: -0.0830
           Episode_Reward/feet_air_time: -0.0082
     Episode_Reward/flat_orientation_l2: -0.0104
          Episode_Reward/dof_pos_limits: 0.0000
                   Metrics/success_rate: 1.0000
     Metrics/base_velocity/error_vel_xy: 0.1255
    Metrics/base_velocity/error_vel_yaw: 0.1919
           Episode_Termination/time_out: 0.9941
       Episode_Termination/base_contact: 0.0059
--------------------------------------------------------------------------------
                         Iteration time: 1.22s
                           Time elapsed: 00:08:00
                                    ETA: 00:03:01

################################################################################
[1m                           Learning iteration 363/500                           [0m 

                            Total steps: 17891328 
                       Steps per second: 40287 
                        Collection time: 1.161s 
                          Learning time: 0.059s 
                        Mean value loss: 0.0042
                    Mean surrogate loss: -0.0057
                      Mean entropy loss: 5.7573
                            Mean reward: 31.89
                    Mean episode length: 1000.00
                        Mean action std: 0.40
    Episode_Reward/track_lin_vel_xy_exp: 1.3720
     Episode_Reward/track_ang_vel_z_exp: 0.6182
            Episode_Reward/lin_vel_z_l2: -0.0426
           Episode_Reward/ang_vel_xy_l2: -0.0838
          Episode_Reward/dof_torques_l2: -0.0937
              Episode_Reward/dof_acc_l2: -0.0845
          Episode_Reward/action_rate_l2: -0.0835
           Episode_Reward/feet_air_time: -0.0087
     Episode_Reward/flat_orientation_l2: -0.0111
          Episode_Reward/dof_pos_limits: 0.0000
                   Metrics/success_rate: 1.0000
     Metrics/base_velocity/error_vel_xy: 0.1318
    Metrics/base_velocity/error_vel_yaw: 0.1952
           Episode_Termination/time_out: 0.9941
       Episode_Termination/base_contact: 0.0059
--------------------------------------------------------------------------------
                         Iteration time: 1.22s
                           Time elapsed: 00:08:01
                                    ETA: 00:03:00

################################################################################
[1m                           Learning iteration 364/500                           [0m 

                            Total steps: 17940480 
                       Steps per second: 39833 
                        Collection time: 1.181s 
                          Learning time: 0.052s 
                        Mean value loss: 0.0039
                    Mean surrogate loss: -0.0067
                      Mean entropy loss: 5.7464
                            Mean reward: 31.67
                    Mean episode length: 992.43
                        Mean action std: 0.40
    Episode_Reward/track_lin_vel_xy_exp: 1.2705
     Episode_Reward/track_ang_vel_z_exp: 0.5682
            Episode_Reward/lin_vel_z_l2: -0.0395
           Episode_Reward/ang_vel_xy_l2: -0.0839
          Episode_Reward/dof_torques_l2: -0.0844
              Episode_Reward/dof_acc_l2: -0.0848
          Episode_Reward/action_rate_l2: -0.0775
           Episode_Reward/feet_air_time: -0.0080
     Episode_Reward/flat_orientation_l2: -0.0156
          Episode_Reward/dof_pos_limits: 0.0000
                   Metrics/success_rate: 0.9167
     Metrics/base_velocity/error_vel_xy: 0.1780
    Metrics/base_velocity/error_vel_yaw: 0.2671
           Episode_Termination/time_out: 0.9944
       Episode_Termination/base_contact: 0.0056
--------------------------------------------------------------------------------
                         Iteration time: 1.23s
                           Time elapsed: 00:08:03
                                    ETA: 00:02:58

################################################################################
[1m                           Learning iteration 365/500                           [0m 

                            Total steps: 17989632 
                       Steps per second: 39786 
                        Collection time: 1.178s 
                          Learning time: 0.057s 
                        Mean value loss: 0.0045
                    Mean surrogate loss: -0.0070
                      Mean entropy loss: 5.7474
                            Mean reward: 31.62
                    Mean episode length: 992.43
                        Mean action std: 0.40
    Episode_Reward/track_lin_vel_xy_exp: 1.3761
     Episode_Reward/track_ang_vel_z_exp: 0.6165
            Episode_Reward/lin_vel_z_l2: -0.0373
           Episode_Reward/ang_vel_xy_l2: -0.0820
          Episode_Reward/dof_torques_l2: -0.1013
              Episode_Reward/dof_acc_l2: -0.0802
          Episode_Reward/action_rate_l2: -0.0844
           Episode_Reward/feet_air_time: -0.0082
     Episode_Reward/flat_orientation_l2: -0.0112
          Episode_Reward/dof_pos_limits: 0.0000
                   Metrics/success_rate: 1.0000
     Metrics/base_velocity/error_vel_xy: 0.1283
    Metrics/base_velocity/error_vel_yaw: 0.1967
           Episode_Termination/time_out: 0.9941
       Episode_Termination/base_contact: 0.0059
--------------------------------------------------------------------------------
                         Iteration time: 1.24s
                           Time elapsed: 00:08:04
                                    ETA: 00:02:57

################################################################################
[1m                           Learning iteration 366/500                           [0m 

                            Total steps: 18038784 
                       Steps per second: 40067 
                        Collection time: 1.173s 
                          Learning time: 0.054s 
                        Mean value loss: 0.0054
                    Mean surrogate loss: -0.0059
                      Mean entropy loss: 5.7715
                            Mean reward: 31.24
                    Mean episode length: 983.24
                        Mean action std: 0.40
    Episode_Reward/track_lin_vel_xy_exp: 1.3346
     Episode_Reward/track_ang_vel_z_exp: 0.5996
            Episode_Reward/lin_vel_z_l2: -0.0396
           Episode_Reward/ang_vel_xy_l2: -0.0829
          Episode_Reward/dof_torques_l2: -0.0953
              Episode_Reward/dof_acc_l2: -0.0839
          Episode_Reward/action_rate_l2: -0.0824
           Episode_Reward/feet_air_time: -0.0085
     Episode_Reward/flat_orientation_l2: -0.0135
          Episode_Reward/dof_pos_limits: 0.0000
                   Metrics/success_rate: 0.9688
     Metrics/base_velocity/error_vel_xy: 0.1617
    Metrics/base_velocity/error_vel_yaw: 0.2143
           Episode_Termination/time_out: 0.9937
       Episode_Termination/base_contact: 0.0063
--------------------------------------------------------------------------------
                         Iteration time: 1.23s
                           Time elapsed: 00:08:05
                                    ETA: 00:02:56

################################################################################
[1m                           Learning iteration 367/500                           [0m 

                            Total steps: 18087936 
                       Steps per second: 39569 
                        Collection time: 1.167s 
                          Learning time: 0.075s 
                        Mean value loss: 0.0044
                    Mean surrogate loss: -0.0064
                      Mean entropy loss: 5.7573
                            Mean reward: 31.33
                    Mean episode length: 981.46
                        Mean action std: 0.40
    Episode_Reward/track_lin_vel_xy_exp: 1.3717
     Episode_Reward/track_ang_vel_z_exp: 0.6136
            Episode_Reward/lin_vel_z_l2: -0.0373
           Episode_Reward/ang_vel_xy_l2: -0.0813
          Episode_Reward/dof_torques_l2: -0.0917
              Episode_Reward/dof_acc_l2: -0.0790
          Episode_Reward/action_rate_l2: -0.0801
           Episode_Reward/feet_air_time: -0.0087
     Episode_Reward/flat_orientation_l2: -0.0129
          Episode_Reward/dof_pos_limits: 0.0000
                   Metrics/success_rate: 0.9861
     Metrics/base_velocity/error_vel_xy: 0.1243
    Metrics/base_velocity/error_vel_yaw: 0.1957
           Episode_Termination/time_out: 0.9936
       Episode_Termination/base_contact: 0.0064
--------------------------------------------------------------------------------
                         Iteration time: 1.24s
                           Time elapsed: 00:08:06
                                    ETA: 00:02:54

################################################################################
[1m                           Learning iteration 368/500                           [0m 

                            Total steps: 18137088 
                       Steps per second: 39614 
                        Collection time: 1.170s 
                          Learning time: 0.070s 
                        Mean value loss: 0.0030
                    Mean surrogate loss: -0.0068
                      Mean entropy loss: 5.7328
                            Mean reward: 31.54
                    Mean episode length: 990.65
                        Mean action std: 0.40
    Episode_Reward/track_lin_vel_xy_exp: 1.3689
     Episode_Reward/track_ang_vel_z_exp: 0.6195
            Episode_Reward/lin_vel_z_l2: -0.0417
           Episode_Reward/ang_vel_xy_l2: -0.0831
          Episode_Reward/dof_torques_l2: -0.1000
              Episode_Reward/dof_acc_l2: -0.0900
          Episode_Reward/action_rate_l2: -0.0866
           Episode_Reward/feet_air_time: -0.0084
     Episode_Reward/flat_orientation_l2: -0.0141
          Episode_Reward/dof_pos_limits: 0.0000
                   Metrics/success_rate: 1.0000
     Metrics/base_velocity/error_vel_xy: 0.1341
    Metrics/base_velocity/error_vel_yaw: 0.1936
           Episode_Termination/time_out: 0.9932
       Episode_Termination/base_contact: 0.0068
--------------------------------------------------------------------------------
                         Iteration time: 1.24s
                           Time elapsed: 00:08:08
                                    ETA: 00:02:53

################################################################################
[1m                           Learning iteration 369/500                           [0m 

                            Total steps: 18186240 
                       Steps per second: 37513 
                        Collection time: 1.250s 
                          Learning time: 0.060s 
                        Mean value loss: 0.0032
                    Mean surrogate loss: -0.0066
                      Mean entropy loss: 5.7385
                            Mean reward: 31.48
                    Mean episode length: 990.65
                        Mean action std: 0.40
    Episode_Reward/track_lin_vel_xy_exp: 1.3842
     Episode_Reward/track_ang_vel_z_exp: 0.6242
            Episode_Reward/lin_vel_z_l2: -0.0398
           Episode_Reward/ang_vel_xy_l2: -0.0830
          Episode_Reward/dof_torques_l2: -0.0959
              Episode_Reward/dof_acc_l2: -0.0843
          Episode_Reward/action_rate_l2: -0.0834
           Episode_Reward/feet_air_time: -0.0081
     Episode_Reward/flat_orientation_l2: -0.0103
          Episode_Reward/dof_pos_limits: 0.0000
                   Metrics/success_rate: 1.0000
     Metrics/base_velocity/error_vel_xy: 0.1243
    Metrics/base_velocity/error_vel_yaw: 0.1891
           Episode_Termination/time_out: 0.9932
       Episode_Termination/base_contact: 0.0068
--------------------------------------------------------------------------------
                         Iteration time: 1.31s
                           Time elapsed: 00:08:09
                                    ETA: 00:02:51

################################################################################
[1m                           Learning iteration 370/500                           [0m 

                            Total steps: 18235392 
                       Steps per second: 40626 
                        Collection time: 1.157s 
                          Learning time: 0.053s 
                        Mean value loss: 0.0031
                    Mean surrogate loss: -0.0072
                      Mean entropy loss: 5.7187
                            Mean reward: 32.00
                    Mean episode length: 1000.00
                        Mean action std: 0.40
    Episode_Reward/track_lin_vel_xy_exp: 1.3758
     Episode_Reward/track_ang_vel_z_exp: 0.6187
            Episode_Reward/lin_vel_z_l2: -0.0386
           Episode_Reward/ang_vel_xy_l2: -0.0844
          Episode_Reward/dof_torques_l2: -0.0958
              Episode_Reward/dof_acc_l2: -0.0863
          Episode_Reward/action_rate_l2: -0.0852
           Episode_Reward/feet_air_time: -0.0088
     Episode_Reward/flat_orientation_l2: -0.0111
          Episode_Reward/dof_pos_limits: 0.0000
                   Metrics/success_rate: 1.0000
     Metrics/base_velocity/error_vel_xy: 0.1297
    Metrics/base_velocity/error_vel_yaw: 0.1946
           Episode_Termination/time_out: 0.9932
       Episode_Termination/base_contact: 0.0068
--------------------------------------------------------------------------------
                         Iteration time: 1.21s
                           Time elapsed: 00:08:10
                                    ETA: 00:02:50

################################################################################
[1m                           Learning iteration 371/500                           [0m 

                            Total steps: 18284544 
                       Steps per second: 40650 
                        Collection time: 1.154s 
                          Learning time: 0.055s 
                        Mean value loss: 0.0043
                    Mean surrogate loss: -0.0059
                      Mean entropy loss: 5.6911
                            Mean reward: 32.15
                    Mean episode length: 1000.00
                        Mean action std: 0.40
    Episode_Reward/track_lin_vel_xy_exp: 1.3797
     Episode_Reward/track_ang_vel_z_exp: 0.6177
            Episode_Reward/lin_vel_z_l2: -0.0379
           Episode_Reward/ang_vel_xy_l2: -0.0829
          Episode_Reward/dof_torques_l2: -0.0966
              Episode_Reward/dof_acc_l2: -0.0793
          Episode_Reward/action_rate_l2: -0.0811
           Episode_Reward/feet_air_time: -0.0077
     Episode_Reward/flat_orientation_l2: -0.0126
          Episode_Reward/dof_pos_limits: 0.0000
                   Metrics/success_rate: 1.0000
     Metrics/base_velocity/error_vel_xy: 0.1273
    Metrics/base_velocity/error_vel_yaw: 0.1974
           Episode_Termination/time_out: 0.9933
       Episode_Termination/base_contact: 0.0067
--------------------------------------------------------------------------------
                         Iteration time: 1.21s
                           Time elapsed: 00:08:11
                                    ETA: 00:02:49

################################################################################
[1m                           Learning iteration 372/500                           [0m 

                            Total steps: 18333696 
                       Steps per second: 40782 
                        Collection time: 1.151s 
                          Learning time: 0.054s 
                        Mean value loss: 0.0043
                    Mean surrogate loss: -0.0073
                      Mean entropy loss: 5.6824
                            Mean reward: 32.27
                    Mean episode length: 1000.00
                        Mean action std: 0.40
    Episode_Reward/track_lin_vel_xy_exp: 1.3984
     Episode_Reward/track_ang_vel_z_exp: 0.6215
            Episode_Reward/lin_vel_z_l2: -0.0354
           Episode_Reward/ang_vel_xy_l2: -0.0840
          Episode_Reward/dof_torques_l2: -0.0893
              Episode_Reward/dof_acc_l2: -0.0788
          Episode_Reward/action_rate_l2: -0.0795
           Episode_Reward/feet_air_time: -0.0091
     Episode_Reward/flat_orientation_l2: -0.0100
          Episode_Reward/dof_pos_limits: 0.0000
                   Metrics/success_rate: 1.0000
     Metrics/base_velocity/error_vel_xy: 0.1147
    Metrics/base_velocity/error_vel_yaw: 0.1916
           Episode_Termination/time_out: 0.9937
       Episode_Termination/base_contact: 0.0063
--------------------------------------------------------------------------------
                         Iteration time: 1.21s
                           Time elapsed: 00:08:13
                                    ETA: 00:02:47

################################################################################
[1m                           Learning iteration 373/500                           [0m 

                            Total steps: 18382848 
                       Steps per second: 38909 
                        Collection time: 1.207s 
                          Learning time: 0.056s 
                        Mean value loss: 0.0059
                    Mean surrogate loss: -0.0055
                      Mean entropy loss: 5.6912
                            Mean reward: 32.49
                    Mean episode length: 1000.00
                        Mean action std: 0.40
    Episode_Reward/track_lin_vel_xy_exp: 1.3976
     Episode_Reward/track_ang_vel_z_exp: 0.6214
            Episode_Reward/lin_vel_z_l2: -0.0353
           Episode_Reward/ang_vel_xy_l2: -0.0842
          Episode_Reward/dof_torques_l2: -0.0912
              Episode_Reward/dof_acc_l2: -0.0741
          Episode_Reward/action_rate_l2: -0.0778
           Episode_Reward/feet_air_time: -0.0082
     Episode_Reward/flat_orientation_l2: -0.0110
          Episode_Reward/dof_pos_limits: 0.0000
                   Metrics/success_rate: 1.0000
     Metrics/base_velocity/error_vel_xy: 0.1153
    Metrics/base_velocity/error_vel_yaw: 0.1920
           Episode_Termination/time_out: 0.9937
       Episode_Termination/base_contact: 0.0063
--------------------------------------------------------------------------------
                         Iteration time: 1.26s
                           Time elapsed: 00:08:14
                                    ETA: 00:02:46

################################################################################
[1m                           Learning iteration 374/500                           [0m 

                            Total steps: 18432000 
                       Steps per second: 41527 
                        Collection time: 1.132s 
                          Learning time: 0.052s 
                        Mean value loss: 0.0040
                    Mean surrogate loss: -0.0063
                      Mean entropy loss: 5.7057
                            Mean reward: 32.17
                    Mean episode length: 990.43
                        Mean action std: 0.40
    Episode_Reward/track_lin_vel_xy_exp: 1.3711
     Episode_Reward/track_ang_vel_z_exp: 0.6134
            Episode_Reward/lin_vel_z_l2: -0.0357
           Episode_Reward/ang_vel_xy_l2: -0.0852
          Episode_Reward/dof_torques_l2: -0.0884
              Episode_Reward/dof_acc_l2: -0.0777
          Episode_Reward/action_rate_l2: -0.0781
           Episode_Reward/feet_air_time: -0.0084
     Episode_Reward/flat_orientation_l2: -0.0107
          Episode_Reward/dof_pos_limits: 0.0000
                   Metrics/success_rate: 0.9861
     Metrics/base_velocity/error_vel_xy: 0.1337
    Metrics/base_velocity/error_vel_yaw: 0.2016
           Episode_Termination/time_out: 0.9934
       Episode_Termination/base_contact: 0.0066
--------------------------------------------------------------------------------
                         Iteration time: 1.18s
                           Time elapsed: 00:08:15
                                    ETA: 00:02:45

################################################################################
[1m                           Learning iteration 375/500                           [0m 

                            Total steps: 18481152 
                       Steps per second: 41691 
                        Collection time: 1.126s 
                          Learning time: 0.053s 
                        Mean value loss: 0.0031
                    Mean surrogate loss: -0.0057
                      Mean entropy loss: 5.6993
                            Mean reward: 31.99
                    Mean episode length: 990.43
                        Mean action std: 0.40
    Episode_Reward/track_lin_vel_xy_exp: 1.3802
     Episode_Reward/track_ang_vel_z_exp: 0.6218
            Episode_Reward/lin_vel_z_l2: -0.0389
           Episode_Reward/ang_vel_xy_l2: -0.0838
          Episode_Reward/dof_torques_l2: -0.0954
              Episode_Reward/dof_acc_l2: -0.0835
          Episode_Reward/action_rate_l2: -0.0839
           Episode_Reward/feet_air_time: -0.0085
     Episode_Reward/flat_orientation_l2: -0.0102
          Episode_Reward/dof_pos_limits: 0.0000
                   Metrics/success_rate: 1.0000
     Metrics/base_velocity/error_vel_xy: 0.1274
    Metrics/base_velocity/error_vel_yaw: 0.1915
           Episode_Termination/time_out: 0.9932
       Episode_Termination/base_contact: 0.0068
--------------------------------------------------------------------------------
                         Iteration time: 1.18s
                           Time elapsed: 00:08:16
                                    ETA: 00:02:43

################################################################################
[1m                           Learning iteration 376/500                           [0m 

                            Total steps: 18530304 
                       Steps per second: 39835 
                        Collection time: 1.181s 
                          Learning time: 0.053s 
                        Mean value loss: 0.0046
                    Mean surrogate loss: -0.0067
                      Mean entropy loss: 5.6802
                            Mean reward: 32.41
                    Mean episode length: 1000.00
                        Mean action std: 0.40
    Episode_Reward/track_lin_vel_xy_exp: 1.3912
     Episode_Reward/track_ang_vel_z_exp: 0.6219
            Episode_Reward/lin_vel_z_l2: -0.0379
           Episode_Reward/ang_vel_xy_l2: -0.0817
          Episode_Reward/dof_torques_l2: -0.0914
              Episode_Reward/dof_acc_l2: -0.0795
          Episode_Reward/action_rate_l2: -0.0800
           Episode_Reward/feet_air_time: -0.0079
     Episode_Reward/flat_orientation_l2: -0.0096
          Episode_Reward/dof_pos_limits: 0.0000
                   Metrics/success_rate: 1.0000
     Metrics/base_velocity/error_vel_xy: 0.1193
    Metrics/base_velocity/error_vel_yaw: 0.1912
           Episode_Termination/time_out: 0.9932
       Episode_Termination/base_contact: 0.0068
--------------------------------------------------------------------------------
                         Iteration time: 1.23s
                           Time elapsed: 00:08:17
                                    ETA: 00:02:42

################################################################################
[1m                           Learning iteration 377/500                           [0m 

                            Total steps: 18579456 
                       Steps per second: 42034 
                        Collection time: 1.115s 
                          Learning time: 0.054s 
                        Mean value loss: 0.0036
                    Mean surrogate loss: -0.0075
                      Mean entropy loss: 5.6830
                            Mean reward: 32.51
                    Mean episode length: 1000.00
                        Mean action std: 0.40
    Episode_Reward/track_lin_vel_xy_exp: 1.3892
     Episode_Reward/track_ang_vel_z_exp: 0.6231
            Episode_Reward/lin_vel_z_l2: -0.0370
           Episode_Reward/ang_vel_xy_l2: -0.0824
          Episode_Reward/dof_torques_l2: -0.0924
              Episode_Reward/dof_acc_l2: -0.0768
          Episode_Reward/action_rate_l2: -0.0803
           Episode_Reward/feet_air_time: -0.0079
     Episode_Reward/flat_orientation_l2: -0.0111
          Episode_Reward/dof_pos_limits: 0.0000
                   Metrics/success_rate: 1.0000
     Metrics/base_velocity/error_vel_xy: 0.1205
    Metrics/base_velocity/error_vel_yaw: 0.1903
           Episode_Termination/time_out: 0.9932
       Episode_Termination/base_contact: 0.0068
--------------------------------------------------------------------------------
                         Iteration time: 1.17s
                           Time elapsed: 00:08:19
                                    ETA: 00:02:41

################################################################################
[1m                           Learning iteration 378/500                           [0m 

                            Total steps: 18628608 
                       Steps per second: 39329 
                        Collection time: 1.192s 
                          Learning time: 0.057s 
                        Mean value loss: 0.0048
                    Mean surrogate loss: -0.0076
                      Mean entropy loss: 5.6875
                            Mean reward: 31.60
                    Mean episode length: 990.68
                        Mean action std: 0.40
    Episode_Reward/track_lin_vel_xy_exp: 1.3685
     Episode_Reward/track_ang_vel_z_exp: 0.6144
            Episode_Reward/lin_vel_z_l2: -0.0394
           Episode_Reward/ang_vel_xy_l2: -0.0850
          Episode_Reward/dof_torques_l2: -0.0939
              Episode_Reward/dof_acc_l2: -0.0841
          Episode_Reward/action_rate_l2: -0.0822
           Episode_Reward/feet_air_time: -0.0085
     Episode_Reward/flat_orientation_l2: -0.0123
          Episode_Reward/dof_pos_limits: 0.0000
                   Metrics/success_rate: 0.9931
     Metrics/base_velocity/error_vel_xy: 0.1344
    Metrics/base_velocity/error_vel_yaw: 0.1999
           Episode_Termination/time_out: 0.9932
       Episode_Termination/base_contact: 0.0068
--------------------------------------------------------------------------------
                         Iteration time: 1.25s
                           Time elapsed: 00:08:20
                                    ETA: 00:02:39

################################################################################
[1m                           Learning iteration 379/500                           [0m 

                            Total steps: 18677760 
                       Steps per second: 37832 
                        Collection time: 1.232s 
                          Learning time: 0.067s 
                        Mean value loss: 0.0068
                    Mean surrogate loss: -0.0070
                      Mean entropy loss: 5.6740
                            Mean reward: 32.10
                    Mean episode length: 1000.00
                        Mean action std: 0.40
    Episode_Reward/track_lin_vel_xy_exp: 1.3829
     Episode_Reward/track_ang_vel_z_exp: 0.6209
            Episode_Reward/lin_vel_z_l2: -0.0377
           Episode_Reward/ang_vel_xy_l2: -0.0851
          Episode_Reward/dof_torques_l2: -0.0937
              Episode_Reward/dof_acc_l2: -0.0842
          Episode_Reward/action_rate_l2: -0.0831
           Episode_Reward/feet_air_time: -0.0084
     Episode_Reward/flat_orientation_l2: -0.0108
          Episode_Reward/dof_pos_limits: 0.0000
                   Metrics/success_rate: 1.0000
     Metrics/base_velocity/error_vel_xy: 0.1249
    Metrics/base_velocity/error_vel_yaw: 0.1920
           Episode_Termination/time_out: 0.9933
       Episode_Termination/base_contact: 0.0067
--------------------------------------------------------------------------------
                         Iteration time: 1.30s
                           Time elapsed: 00:08:21
                                    ETA: 00:02:38

################################################################################
[1m                           Learning iteration 380/500                           [0m 

                            Total steps: 18726912 
                       Steps per second: 39782 
                        Collection time: 1.177s 
                          Learning time: 0.059s 
                        Mean value loss: 0.0049
                    Mean surrogate loss: -0.0076
                      Mean entropy loss: 5.6617
                            Mean reward: 31.63
                    Mean episode length: 990.53
                        Mean action std: 0.40
    Episode_Reward/track_lin_vel_xy_exp: 1.3638
     Episode_Reward/track_ang_vel_z_exp: 0.6131
            Episode_Reward/lin_vel_z_l2: -0.0382
           Episode_Reward/ang_vel_xy_l2: -0.0823
          Episode_Reward/dof_torques_l2: -0.0964
              Episode_Reward/dof_acc_l2: -0.0819
          Episode_Reward/action_rate_l2: -0.0819
           Episode_Reward/feet_air_time: -0.0081
     Episode_Reward/flat_orientation_l2: -0.0122
          Episode_Reward/dof_pos_limits: 0.0000
                   Metrics/success_rate: 0.9896
     Metrics/base_velocity/error_vel_xy: 0.1339
    Metrics/base_velocity/error_vel_yaw: 0.1983
           Episode_Termination/time_out: 0.9942
       Episode_Termination/base_contact: 0.0058
--------------------------------------------------------------------------------
                         Iteration time: 1.24s
                           Time elapsed: 00:08:22
                                    ETA: 00:02:37

################################################################################
[1m                           Learning iteration 381/500                           [0m 

                            Total steps: 18776064 
                       Steps per second: 39846 
                        Collection time: 1.177s 
                          Learning time: 0.056s 
                        Mean value loss: 0.0049
                    Mean surrogate loss: -0.0059
                      Mean entropy loss: 5.6556
                            Mean reward: 31.87
                    Mean episode length: 990.53
                        Mean action std: 0.40
    Episode_Reward/track_lin_vel_xy_exp: 1.3885
     Episode_Reward/track_ang_vel_z_exp: 0.6216
            Episode_Reward/lin_vel_z_l2: -0.0371
           Episode_Reward/ang_vel_xy_l2: -0.0817
          Episode_Reward/dof_torques_l2: -0.0944
              Episode_Reward/dof_acc_l2: -0.0775
          Episode_Reward/action_rate_l2: -0.0805
           Episode_Reward/feet_air_time: -0.0079
     Episode_Reward/flat_orientation_l2: -0.0099
          Episode_Reward/dof_pos_limits: 0.0000
                   Metrics/success_rate: 1.0000
     Metrics/base_velocity/error_vel_xy: 0.1211
    Metrics/base_velocity/error_vel_yaw: 0.1917
           Episode_Termination/time_out: 0.9945
       Episode_Termination/base_contact: 0.0055
--------------------------------------------------------------------------------
                         Iteration time: 1.23s
                           Time elapsed: 00:08:24
                                    ETA: 00:02:35

################################################################################
[1m                           Learning iteration 382/500                           [0m 

                            Total steps: 18825216 
                       Steps per second: 39405 
                        Collection time: 1.194s 
                          Learning time: 0.054s 
                        Mean value loss: 0.0048
                    Mean surrogate loss: -0.0071
                      Mean entropy loss: 5.6572
                            Mean reward: 32.39
                    Mean episode length: 1000.00
                        Mean action std: 0.40
    Episode_Reward/track_lin_vel_xy_exp: 1.3839
     Episode_Reward/track_ang_vel_z_exp: 0.6234
            Episode_Reward/lin_vel_z_l2: -0.0357
           Episode_Reward/ang_vel_xy_l2: -0.0817
          Episode_Reward/dof_torques_l2: -0.0961
              Episode_Reward/dof_acc_l2: -0.0766
          Episode_Reward/action_rate_l2: -0.0810
           Episode_Reward/feet_air_time: -0.0077
     Episode_Reward/flat_orientation_l2: -0.0109
          Episode_Reward/dof_pos_limits: 0.0000
                   Metrics/success_rate: 1.0000
     Metrics/base_velocity/error_vel_xy: 0.1234
    Metrics/base_velocity/error_vel_yaw: 0.1897
           Episode_Termination/time_out: 0.9946
       Episode_Termination/base_contact: 0.0054
--------------------------------------------------------------------------------
                         Iteration time: 1.25s
                           Time elapsed: 00:08:25
                                    ETA: 00:02:34

################################################################################
[1m                           Learning iteration 383/500                           [0m 

                            Total steps: 18874368 
                       Steps per second: 39768 
                        Collection time: 1.182s 
                          Learning time: 0.054s 
                        Mean value loss: 0.0036
                    Mean surrogate loss: -0.0061
                      Mean entropy loss: 5.6679
                            Mean reward: 32.09
                    Mean episode length: 1000.00
                        Mean action std: 0.40
    Episode_Reward/track_lin_vel_xy_exp: 1.3827
     Episode_Reward/track_ang_vel_z_exp: 0.6201
            Episode_Reward/lin_vel_z_l2: -0.0395
           Episode_Reward/ang_vel_xy_l2: -0.0839
          Episode_Reward/dof_torques_l2: -0.0996
              Episode_Reward/dof_acc_l2: -0.0857
          Episode_Reward/action_rate_l2: -0.0843
           Episode_Reward/feet_air_time: -0.0084
     Episode_Reward/flat_orientation_l2: -0.0104
          Episode_Reward/dof_pos_limits: 0.0000
                   Metrics/success_rate: 1.0000
     Metrics/base_velocity/error_vel_xy: 0.1248
    Metrics/base_velocity/error_vel_yaw: 0.1933
           Episode_Termination/time_out: 0.9947
       Episode_Termination/base_contact: 0.0053
--------------------------------------------------------------------------------
                         Iteration time: 1.24s
                           Time elapsed: 00:08:26
                                    ETA: 00:02:33

################################################################################
[1m                           Learning iteration 384/500                           [0m 

                            Total steps: 18923520 
                       Steps per second: 39010 
                        Collection time: 1.207s 
                          Learning time: 0.053s 
                        Mean value loss: 0.0044
                    Mean surrogate loss: -0.0065
                      Mean entropy loss: 5.6657
                            Mean reward: 31.49
                    Mean episode length: 982.16
                        Mean action std: 0.40
    Episode_Reward/track_lin_vel_xy_exp: 1.3448
     Episode_Reward/track_ang_vel_z_exp: 0.6042
            Episode_Reward/lin_vel_z_l2: -0.0354
           Episode_Reward/ang_vel_xy_l2: -0.0813
          Episode_Reward/dof_torques_l2: -0.0952
              Episode_Reward/dof_acc_l2: -0.0759
          Episode_Reward/action_rate_l2: -0.0792
           Episode_Reward/feet_air_time: -0.0075
     Episode_Reward/flat_orientation_l2: -0.0131
          Episode_Reward/dof_pos_limits: 0.0000
                   Metrics/success_rate: 0.9740
     Metrics/base_velocity/error_vel_xy: 0.1456
    Metrics/base_velocity/error_vel_yaw: 0.2176
           Episode_Termination/time_out: 0.9945
       Episode_Termination/base_contact: 0.0055
--------------------------------------------------------------------------------
                         Iteration time: 1.26s
                           Time elapsed: 00:08:27
                                    ETA: 00:02:31

################################################################################
[1m                           Learning iteration 385/500                           [0m 

                            Total steps: 18972672 
                       Steps per second: 40263 
                        Collection time: 1.162s 
                          Learning time: 0.059s 
                        Mean value loss: 0.0039
                    Mean surrogate loss: -0.0071
                      Mean entropy loss: 5.6440
                            Mean reward: 31.78
                    Mean episode length: 991.38
                        Mean action std: 0.40
    Episode_Reward/track_lin_vel_xy_exp: 1.3807
     Episode_Reward/track_ang_vel_z_exp: 0.6206
            Episode_Reward/lin_vel_z_l2: -0.0378
           Episode_Reward/ang_vel_xy_l2: -0.0827
          Episode_Reward/dof_torques_l2: -0.0933
              Episode_Reward/dof_acc_l2: -0.0804
          Episode_Reward/action_rate_l2: -0.0805
           Episode_Reward/feet_air_time: -0.0080
     Episode_Reward/flat_orientation_l2: -0.0134
          Episode_Reward/dof_pos_limits: 0.0000
                   Metrics/success_rate: 1.0000
     Metrics/base_velocity/error_vel_xy: 0.1260
    Metrics/base_velocity/error_vel_yaw: 0.1931
           Episode_Termination/time_out: 0.9944
       Episode_Termination/base_contact: 0.0056
--------------------------------------------------------------------------------
                         Iteration time: 1.22s
                           Time elapsed: 00:08:29
                                    ETA: 00:02:30

################################################################################
[1m                           Learning iteration 386/500                           [0m 

                            Total steps: 19021824 
                       Steps per second: 40794 
                        Collection time: 1.150s 
                          Learning time: 0.055s 
                        Mean value loss: 0.0028
                    Mean surrogate loss: -0.0052
                      Mean entropy loss: 5.6200
                            Mean reward: 32.24
                    Mean episode length: 1000.00
                        Mean action std: 0.40
    Episode_Reward/track_lin_vel_xy_exp: 1.3868
     Episode_Reward/track_ang_vel_z_exp: 0.6209
            Episode_Reward/lin_vel_z_l2: -0.0363
           Episode_Reward/ang_vel_xy_l2: -0.0836
          Episode_Reward/dof_torques_l2: -0.0942
              Episode_Reward/dof_acc_l2: -0.0807
          Episode_Reward/action_rate_l2: -0.0807
           Episode_Reward/feet_air_time: -0.0085
     Episode_Reward/flat_orientation_l2: -0.0099
          Episode_Reward/dof_pos_limits: 0.0000
                   Metrics/success_rate: 1.0000
     Metrics/base_velocity/error_vel_xy: 0.1220
    Metrics/base_velocity/error_vel_yaw: 0.1928
           Episode_Termination/time_out: 0.9946
       Episode_Termination/base_contact: 0.0054
--------------------------------------------------------------------------------
                         Iteration time: 1.20s
                           Time elapsed: 00:08:30
                                    ETA: 00:02:29

################################################################################
[1m                           Learning iteration 387/500                           [0m 

                            Total steps: 19070976 
                       Steps per second: 38861 
                        Collection time: 1.213s 
                          Learning time: 0.052s 
                        Mean value loss: 0.0040
                    Mean surrogate loss: -0.0062
                      Mean entropy loss: 5.5888
                            Mean reward: 32.43
                    Mean episode length: 1000.00
                        Mean action std: 0.40
    Episode_Reward/track_lin_vel_xy_exp: 1.3911
     Episode_Reward/track_ang_vel_z_exp: 0.6230
            Episode_Reward/lin_vel_z_l2: -0.0359
           Episode_Reward/ang_vel_xy_l2: -0.0811
          Episode_Reward/dof_torques_l2: -0.0926
              Episode_Reward/dof_acc_l2: -0.0751
          Episode_Reward/action_rate_l2: -0.0789
           Episode_Reward/feet_air_time: -0.0077
     Episode_Reward/flat_orientation_l2: -0.0105
          Episode_Reward/dof_pos_limits: 0.0000
                   Metrics/success_rate: 1.0000
     Metrics/base_velocity/error_vel_xy: 0.1190
    Metrics/base_velocity/error_vel_yaw: 0.1903
           Episode_Termination/time_out: 0.9946
       Episode_Termination/base_contact: 0.0054
--------------------------------------------------------------------------------
                         Iteration time: 1.26s
                           Time elapsed: 00:08:31
                                    ETA: 00:02:27

################################################################################
[1m                           Learning iteration 388/500                           [0m 

                            Total steps: 19120128 
                       Steps per second: 39763 
                        Collection time: 1.181s 
                          Learning time: 0.055s 
                        Mean value loss: 0.0029
                    Mean surrogate loss: -0.0057
                      Mean entropy loss: 5.5806
                            Mean reward: 32.39
                    Mean episode length: 1000.00
                        Mean action std: 0.40
    Episode_Reward/track_lin_vel_xy_exp: 1.3812
     Episode_Reward/track_ang_vel_z_exp: 0.6215
            Episode_Reward/lin_vel_z_l2: -0.0377
           Episode_Reward/ang_vel_xy_l2: -0.0817
          Episode_Reward/dof_torques_l2: -0.0977
              Episode_Reward/dof_acc_l2: -0.0816
          Episode_Reward/action_rate_l2: -0.0839
           Episode_Reward/feet_air_time: -0.0082
     Episode_Reward/flat_orientation_l2: -0.0107
          Episode_Reward/dof_pos_limits: 0.0000
                   Metrics/success_rate: 1.0000
     Metrics/base_velocity/error_vel_xy: 0.1264
    Metrics/base_velocity/error_vel_yaw: 0.1920
           Episode_Termination/time_out: 0.9946
       Episode_Termination/base_contact: 0.0054
--------------------------------------------------------------------------------
                         Iteration time: 1.24s
                           Time elapsed: 00:08:32
                                    ETA: 00:02:26

################################################################################
[1m                           Learning iteration 389/500                           [0m 

                            Total steps: 19169280 
                       Steps per second: 38729 
                        Collection time: 1.213s 
                          Learning time: 0.056s 
                        Mean value loss: 0.0025
                    Mean surrogate loss: -0.0072
                      Mean entropy loss: 5.5376
                            Mean reward: 32.31
                    Mean episode length: 1000.00
                        Mean action std: 0.39
    Episode_Reward/track_lin_vel_xy_exp: 1.3912
     Episode_Reward/track_ang_vel_z_exp: 0.6226
            Episode_Reward/lin_vel_z_l2: -0.0392
           Episode_Reward/ang_vel_xy_l2: -0.0805
          Episode_Reward/dof_torques_l2: -0.0905
              Episode_Reward/dof_acc_l2: -0.0807
          Episode_Reward/action_rate_l2: -0.0814
           Episode_Reward/feet_air_time: -0.0084
     Episode_Reward/flat_orientation_l2: -0.0105
          Episode_Reward/dof_pos_limits: 0.0000
                   Metrics/success_rate: 1.0000
     Metrics/base_velocity/error_vel_xy: 0.1186
    Metrics/base_velocity/error_vel_yaw: 0.1905
           Episode_Termination/time_out: 0.9946
       Episode_Termination/base_contact: 0.0054
--------------------------------------------------------------------------------
                         Iteration time: 1.27s
                           Time elapsed: 00:08:34
                                    ETA: 00:02:24

################################################################################
[1m                           Learning iteration 390/500                           [0m 

                            Total steps: 19218432 
                       Steps per second: 37566 
                        Collection time: 1.257s 
                          Learning time: 0.051s 
                        Mean value loss: 0.0031
                    Mean surrogate loss: -0.0060
                      Mean entropy loss: 5.4912
                            Mean reward: 32.24
                    Mean episode length: 1000.00
                        Mean action std: 0.39
    Episode_Reward/track_lin_vel_xy_exp: 1.3919
     Episode_Reward/track_ang_vel_z_exp: 0.6230
            Episode_Reward/lin_vel_z_l2: -0.0356
           Episode_Reward/ang_vel_xy_l2: -0.0804
          Episode_Reward/dof_torques_l2: -0.0931
              Episode_Reward/dof_acc_l2: -0.0759
          Episode_Reward/action_rate_l2: -0.0791
           Episode_Reward/feet_air_time: -0.0070
     Episode_Reward/flat_orientation_l2: -0.0108
          Episode_Reward/dof_pos_limits: 0.0000
                   Metrics/success_rate: 1.0000
     Metrics/base_velocity/error_vel_xy: 0.1191
    Metrics/base_velocity/error_vel_yaw: 0.1910
           Episode_Termination/time_out: 0.9950
       Episode_Termination/base_contact: 0.0050
--------------------------------------------------------------------------------
                         Iteration time: 1.31s
                           Time elapsed: 00:08:35
                                    ETA: 00:02:23

################################################################################
[1m                           Learning iteration 391/500                           [0m 

                            Total steps: 19267584 
                       Steps per second: 36561 
                        Collection time: 1.285s 
                          Learning time: 0.060s 
                        Mean value loss: 0.0033
                    Mean surrogate loss: -0.0070
                      Mean entropy loss: 5.4709
                            Mean reward: 32.32
                    Mean episode length: 1000.00
                        Mean action std: 0.39
    Episode_Reward/track_lin_vel_xy_exp: 1.3872
     Episode_Reward/track_ang_vel_z_exp: 0.6220
            Episode_Reward/lin_vel_z_l2: -0.0384
           Episode_Reward/ang_vel_xy_l2: -0.0807
          Episode_Reward/dof_torques_l2: -0.0952
              Episode_Reward/dof_acc_l2: -0.0810
          Episode_Reward/action_rate_l2: -0.0818
           Episode_Reward/feet_air_time: -0.0077
     Episode_Reward/flat_orientation_l2: -0.0107
          Episode_Reward/dof_pos_limits: 0.0000
                   Metrics/success_rate: 1.0000
     Metrics/base_velocity/error_vel_xy: 0.1216
    Metrics/base_velocity/error_vel_yaw: 0.1916
           Episode_Termination/time_out: 0.9951
       Episode_Termination/base_contact: 0.0049
--------------------------------------------------------------------------------
                         Iteration time: 1.34s
                           Time elapsed: 00:08:36
                                    ETA: 00:02:22

################################################################################
[1m                           Learning iteration 392/500                           [0m 

                            Total steps: 19316736 
                       Steps per second: 37423 
                        Collection time: 1.259s 
                          Learning time: 0.054s 
                        Mean value loss: 0.0044
                    Mean surrogate loss: -0.0067
                      Mean entropy loss: 5.4770
                            Mean reward: 32.29
                    Mean episode length: 1000.00
                        Mean action std: 0.39
    Episode_Reward/track_lin_vel_xy_exp: 1.3922
     Episode_Reward/track_ang_vel_z_exp: 0.6235
            Episode_Reward/lin_vel_z_l2: -0.0342
           Episode_Reward/ang_vel_xy_l2: -0.0820
          Episode_Reward/dof_torques_l2: -0.0931
              Episode_Reward/dof_acc_l2: -0.0755
          Episode_Reward/action_rate_l2: -0.0794
           Episode_Reward/feet_air_time: -0.0080
     Episode_Reward/flat_orientation_l2: -0.0092
          Episode_Reward/dof_pos_limits: 0.0000
                   Metrics/success_rate: 1.0000
     Metrics/base_velocity/error_vel_xy: 0.1179
    Metrics/base_velocity/error_vel_yaw: 0.1897
           Episode_Termination/time_out: 0.9951
       Episode_Termination/base_contact: 0.0049
--------------------------------------------------------------------------------
                         Iteration time: 1.31s
                           Time elapsed: 00:08:38
                                    ETA: 00:02:21

################################################################################
[1m                           Learning iteration 393/500                           [0m 

                            Total steps: 19365888 
                       Steps per second: 36693 
                        Collection time: 1.285s 
                          Learning time: 0.055s 
                        Mean value loss: 0.0041
                    Mean surrogate loss: -0.0065
                      Mean entropy loss: 5.4872
                            Mean reward: 32.61
                    Mean episode length: 1000.00
                        Mean action std: 0.39
    Episode_Reward/track_lin_vel_xy_exp: 1.3954
     Episode_Reward/track_ang_vel_z_exp: 0.6245
            Episode_Reward/lin_vel_z_l2: -0.0375
           Episode_Reward/ang_vel_xy_l2: -0.0806
          Episode_Reward/dof_torques_l2: -0.0921
              Episode_Reward/dof_acc_l2: -0.0778
          Episode_Reward/action_rate_l2: -0.0803
           Episode_Reward/feet_air_time: -0.0080
     Episode_Reward/flat_orientation_l2: -0.0102
          Episode_Reward/dof_pos_limits: 0.0000
                   Metrics/success_rate: 1.0000
     Metrics/base_velocity/error_vel_xy: 0.1170
    Metrics/base_velocity/error_vel_yaw: 0.1885
           Episode_Termination/time_out: 0.9951
       Episode_Termination/base_contact: 0.0049
--------------------------------------------------------------------------------
                         Iteration time: 1.34s
                           Time elapsed: 00:08:39
                                    ETA: 00:02:19

################################################################################
[1m                           Learning iteration 394/500                           [0m 

                            Total steps: 19415040 
                       Steps per second: 39040 
                        Collection time: 1.203s 
                          Learning time: 0.056s 
                        Mean value loss: 0.0050
                    Mean surrogate loss: -0.0063
                      Mean entropy loss: 5.4941
                            Mean reward: 32.35
                    Mean episode length: 990.54
                        Mean action std: 0.39
    Episode_Reward/track_lin_vel_xy_exp: 1.3732
     Episode_Reward/track_ang_vel_z_exp: 0.6161
            Episode_Reward/lin_vel_z_l2: -0.0346
           Episode_Reward/ang_vel_xy_l2: -0.0811
          Episode_Reward/dof_torques_l2: -0.0921
              Episode_Reward/dof_acc_l2: -0.0757
          Episode_Reward/action_rate_l2: -0.0777
           Episode_Reward/feet_air_time: -0.0077
     Episode_Reward/flat_orientation_l2: -0.0117
          Episode_Reward/dof_pos_limits: 0.0000
                   Metrics/success_rate: 0.9861
     Metrics/base_velocity/error_vel_xy: 0.1304
    Metrics/base_velocity/error_vel_yaw: 0.2002
           Episode_Termination/time_out: 0.9948
       Episode_Termination/base_contact: 0.0052
--------------------------------------------------------------------------------
                         Iteration time: 1.26s
                           Time elapsed: 00:08:40
                                    ETA: 00:02:18

################################################################################
[1m                           Learning iteration 395/500                           [0m 

                            Total steps: 19464192 
                       Steps per second: 39261 
                        Collection time: 1.201s 
                          Learning time: 0.051s 
                        Mean value loss: 0.0036
                    Mean surrogate loss: -0.0067
                      Mean entropy loss: 5.5006
                            Mean reward: 31.62
                    Mean episode length: 972.52
                        Mean action std: 0.39
    Episode_Reward/track_lin_vel_xy_exp: 1.3258
     Episode_Reward/track_ang_vel_z_exp: 0.5901
            Episode_Reward/lin_vel_z_l2: -0.0336
           Episode_Reward/ang_vel_xy_l2: -0.0781
          Episode_Reward/dof_torques_l2: -0.0860
              Episode_Reward/dof_acc_l2: -0.0684
          Episode_Reward/action_rate_l2: -0.0734
           Episode_Reward/feet_air_time: -0.0072
     Episode_Reward/flat_orientation_l2: -0.0155
          Episode_Reward/dof_pos_limits: 0.0000
                   Metrics/success_rate: 0.9479
     Metrics/base_velocity/error_vel_xy: 0.1554
    Metrics/base_velocity/error_vel_yaw: 0.2433
           Episode_Termination/time_out: 0.9943
       Episode_Termination/base_contact: 0.0057
--------------------------------------------------------------------------------
                         Iteration time: 1.25s
                           Time elapsed: 00:08:41
                                    ETA: 00:02:17

################################################################################
[1m                           Learning iteration 396/500                           [0m 

                            Total steps: 19513344 
                       Steps per second: 41409 
                        Collection time: 1.133s 
                          Learning time: 0.054s 
                        Mean value loss: 0.0027
                    Mean surrogate loss: -0.0072
                      Mean entropy loss: 5.4684
                            Mean reward: 32.00
                    Mean episode length: 981.98
                        Mean action std: 0.39
    Episode_Reward/track_lin_vel_xy_exp: 1.3364
     Episode_Reward/track_ang_vel_z_exp: 0.6008
            Episode_Reward/lin_vel_z_l2: -0.0375
           Episode_Reward/ang_vel_xy_l2: -0.0779
          Episode_Reward/dof_torques_l2: -0.0924
              Episode_Reward/dof_acc_l2: -0.0837
          Episode_Reward/action_rate_l2: -0.0803
           Episode_Reward/feet_air_time: -0.0076
     Episode_Reward/flat_orientation_l2: -0.0132
          Episode_Reward/dof_pos_limits: 0.0000
                   Metrics/success_rate: 0.9583
     Metrics/base_velocity/error_vel_xy: 0.1501
    Metrics/base_velocity/error_vel_yaw: 0.2342
           Episode_Termination/time_out: 0.9937
       Episode_Termination/base_contact: 0.0063
--------------------------------------------------------------------------------
                         Iteration time: 1.19s
                           Time elapsed: 00:08:43
                                    ETA: 00:02:15

################################################################################
[1m                           Learning iteration 397/500                           [0m 

                            Total steps: 19562496 
                       Steps per second: 40120 
                        Collection time: 1.164s 
                          Learning time: 0.061s 
                        Mean value loss: 0.0040
                    Mean surrogate loss: -0.0053
                      Mean entropy loss: 5.4488
                            Mean reward: 31.74
                    Mean episode length: 981.98
                        Mean action std: 0.39
    Episode_Reward/track_lin_vel_xy_exp: 1.3916
     Episode_Reward/track_ang_vel_z_exp: 0.6220
            Episode_Reward/lin_vel_z_l2: -0.0380
           Episode_Reward/ang_vel_xy_l2: -0.0822
          Episode_Reward/dof_torques_l2: -0.0945
              Episode_Reward/dof_acc_l2: -0.0783
          Episode_Reward/action_rate_l2: -0.0801
           Episode_Reward/feet_air_time: -0.0081
     Episode_Reward/flat_orientation_l2: -0.0119
          Episode_Reward/dof_pos_limits: 0.0000
                   Metrics/success_rate: 1.0000
     Metrics/base_velocity/error_vel_xy: 0.1192
    Metrics/base_velocity/error_vel_yaw: 0.1909
           Episode_Termination/time_out: 0.9937
       Episode_Termination/base_contact: 0.0063
--------------------------------------------------------------------------------
                         Iteration time: 1.23s
                           Time elapsed: 00:08:44
                                    ETA: 00:02:14

################################################################################
[1m                           Learning iteration 398/500                           [0m 

                            Total steps: 19611648 
                       Steps per second: 39821 
                        Collection time: 1.181s 
                          Learning time: 0.053s 
                        Mean value loss: 0.0034
                    Mean surrogate loss: -0.0060
                      Mean entropy loss: 5.4435
                            Mean reward: 32.21
                    Mean episode length: 990.43
                        Mean action std: 0.39
    Episode_Reward/track_lin_vel_xy_exp: 1.3678
     Episode_Reward/track_ang_vel_z_exp: 0.6097
            Episode_Reward/lin_vel_z_l2: -0.0340
           Episode_Reward/ang_vel_xy_l2: -0.0801
          Episode_Reward/dof_torques_l2: -0.0883
              Episode_Reward/dof_acc_l2: -0.0743
          Episode_Reward/action_rate_l2: -0.0763
           Episode_Reward/feet_air_time: -0.0076
     Episode_Reward/flat_orientation_l2: -0.0106
          Episode_Reward/dof_pos_limits: 0.0000
                   Metrics/success_rate: 0.9792
     Metrics/base_velocity/error_vel_xy: 0.1392
    Metrics/base_velocity/error_vel_yaw: 0.1992
           Episode_Termination/time_out: 0.9932
       Episode_Termination/base_contact: 0.0068
--------------------------------------------------------------------------------
                         Iteration time: 1.23s
                           Time elapsed: 00:08:45
                                    ETA: 00:02:13

################################################################################
[1m                           Learning iteration 399/500                           [0m 

                            Total steps: 19660800 
                       Steps per second: 36597 
                        Collection time: 1.288s 
                          Learning time: 0.055s 
                        Mean value loss: 0.0036
                    Mean surrogate loss: -0.0070
                      Mean entropy loss: 5.4273
                            Mean reward: 32.12
                    Mean episode length: 990.43
                        Mean action std: 0.39
    Episode_Reward/track_lin_vel_xy_exp: 1.3822
     Episode_Reward/track_ang_vel_z_exp: 0.6226
            Episode_Reward/lin_vel_z_l2: -0.0359
           Episode_Reward/ang_vel_xy_l2: -0.0810
          Episode_Reward/dof_torques_l2: -0.0969
              Episode_Reward/dof_acc_l2: -0.0777
          Episode_Reward/action_rate_l2: -0.0805
           Episode_Reward/feet_air_time: -0.0077
     Episode_Reward/flat_orientation_l2: -0.0113
          Episode_Reward/dof_pos_limits: 0.0000
                   Metrics/success_rate: 1.0000
     Metrics/base_velocity/error_vel_xy: 0.1255
    Metrics/base_velocity/error_vel_yaw: 0.1915
           Episode_Termination/time_out: 0.9932
       Episode_Termination/base_contact: 0.0068
--------------------------------------------------------------------------------
                         Iteration time: 1.34s
                           Time elapsed: 00:08:46
                                    ETA: 00:02:11

################################################################################
[1m                           Learning iteration 400/500                           [0m 

                            Total steps: 19709952 
                       Steps per second: 36475 
                        Collection time: 1.295s 
                          Learning time: 0.052s 
                        Mean value loss: 0.0055
                    Mean surrogate loss: -0.0049
                      Mean entropy loss: 5.3958
                            Mean reward: 32.39
                    Mean episode length: 1000.00
                        Mean action std: 0.39
    Episode_Reward/track_lin_vel_xy_exp: 1.3913
     Episode_Reward/track_ang_vel_z_exp: 0.6245
            Episode_Reward/lin_vel_z_l2: -0.0372
           Episode_Reward/ang_vel_xy_l2: -0.0800
          Episode_Reward/dof_torques_l2: -0.0960
              Episode_Reward/dof_acc_l2: -0.0787
          Episode_Reward/action_rate_l2: -0.0804
           Episode_Reward/feet_air_time: -0.0078
     Episode_Reward/flat_orientation_l2: -0.0105
          Episode_Reward/dof_pos_limits: 0.0000
                   Metrics/success_rate: 1.0000
     Metrics/base_velocity/error_vel_xy: 0.1196
    Metrics/base_velocity/error_vel_yaw: 0.1888
           Episode_Termination/time_out: 0.9936
       Episode_Termination/base_contact: 0.0064
--------------------------------------------------------------------------------
                         Iteration time: 1.35s
                           Time elapsed: 00:08:48
                                    ETA: 00:02:10

################################################################################
[1m                           Learning iteration 401/500                           [0m 

                            Total steps: 19759104 
                       Steps per second: 41078 
                        Collection time: 1.143s 
                          Learning time: 0.053s 
                        Mean value loss: 0.0032
                    Mean surrogate loss: -0.0072
                      Mean entropy loss: 5.3895
                            Mean reward: 32.53
                    Mean episode length: 1000.00
                        Mean action std: 0.39
    Episode_Reward/track_lin_vel_xy_exp: 1.3950
     Episode_Reward/track_ang_vel_z_exp: 0.6230
            Episode_Reward/lin_vel_z_l2: -0.0368
           Episode_Reward/ang_vel_xy_l2: -0.0828
          Episode_Reward/dof_torques_l2: -0.0910
              Episode_Reward/dof_acc_l2: -0.0829
          Episode_Reward/action_rate_l2: -0.0794
           Episode_Reward/feet_air_time: -0.0085
     Episode_Reward/flat_orientation_l2: -0.0099
          Episode_Reward/dof_pos_limits: 0.0000
                   Metrics/success_rate: 1.0000
     Metrics/base_velocity/error_vel_xy: 0.1171
    Metrics/base_velocity/error_vel_yaw: 0.1899
           Episode_Termination/time_out: 0.9941
       Episode_Termination/base_contact: 0.0059
--------------------------------------------------------------------------------
                         Iteration time: 1.20s
                           Time elapsed: 00:08:49
                                    ETA: 00:02:09

################################################################################
[1m                           Learning iteration 402/500                           [0m 

                            Total steps: 19808256 
                       Steps per second: 42200 
                        Collection time: 1.113s 
                          Learning time: 0.051s 
                        Mean value loss: 0.0037
                    Mean surrogate loss: -0.0064
                      Mean entropy loss: 5.3713
                            Mean reward: 32.44
                    Mean episode length: 1000.00
                        Mean action std: 0.39
    Episode_Reward/track_lin_vel_xy_exp: 1.3815
     Episode_Reward/track_ang_vel_z_exp: 0.6185
            Episode_Reward/lin_vel_z_l2: -0.0405
           Episode_Reward/ang_vel_xy_l2: -0.0799
          Episode_Reward/dof_torques_l2: -0.0942
              Episode_Reward/dof_acc_l2: -0.0791
          Episode_Reward/action_rate_l2: -0.0816
           Episode_Reward/feet_air_time: -0.0078
     Episode_Reward/flat_orientation_l2: -0.0114
          Episode_Reward/dof_pos_limits: 0.0000
                   Metrics/success_rate: 1.0000
     Metrics/base_velocity/error_vel_xy: 0.1258
    Metrics/base_velocity/error_vel_yaw: 0.1973
           Episode_Termination/time_out: 0.9941
       Episode_Termination/base_contact: 0.0059
--------------------------------------------------------------------------------
                         Iteration time: 1.16s
                           Time elapsed: 00:08:50
                                    ETA: 00:02:07

################################################################################
[1m                           Learning iteration 403/500                           [0m 

                            Total steps: 19857408 
                       Steps per second: 39173 
                        Collection time: 1.180s 
                          Learning time: 0.075s 
                        Mean value loss: 0.0052
                    Mean surrogate loss: -0.0070
                      Mean entropy loss: 5.3643
                            Mean reward: 32.52
                    Mean episode length: 1000.00
                        Mean action std: 0.39
    Episode_Reward/track_lin_vel_xy_exp: 1.3897
     Episode_Reward/track_ang_vel_z_exp: 0.6259
            Episode_Reward/lin_vel_z_l2: -0.0364
           Episode_Reward/ang_vel_xy_l2: -0.0831
          Episode_Reward/dof_torques_l2: -0.0915
              Episode_Reward/dof_acc_l2: -0.0791
          Episode_Reward/action_rate_l2: -0.0789
           Episode_Reward/feet_air_time: -0.0076
     Episode_Reward/flat_orientation_l2: -0.0097
          Episode_Reward/dof_pos_limits: 0.0000
                   Metrics/success_rate: 1.0000
     Metrics/base_velocity/error_vel_xy: 0.1213
    Metrics/base_velocity/error_vel_yaw: 0.1870
           Episode_Termination/time_out: 0.9941
       Episode_Termination/base_contact: 0.0059
--------------------------------------------------------------------------------
                         Iteration time: 1.25s
                           Time elapsed: 00:08:51
                                    ETA: 00:02:06

################################################################################
[1m                           Learning iteration 404/500                           [0m 

                            Total steps: 19906560 
                       Steps per second: 40942 
                        Collection time: 1.147s 
                          Learning time: 0.053s 
                        Mean value loss: 0.0043
                    Mean surrogate loss: -0.0060
                      Mean entropy loss: 5.3574
                            Mean reward: 32.25
                    Mean episode length: 990.37
                        Mean action std: 0.39
    Episode_Reward/track_lin_vel_xy_exp: 1.3801
     Episode_Reward/track_ang_vel_z_exp: 0.6168
            Episode_Reward/lin_vel_z_l2: -0.0350
           Episode_Reward/ang_vel_xy_l2: -0.0803
          Episode_Reward/dof_torques_l2: -0.0914
              Episode_Reward/dof_acc_l2: -0.0753
          Episode_Reward/action_rate_l2: -0.0767
           Episode_Reward/feet_air_time: -0.0076
     Episode_Reward/flat_orientation_l2: -0.0102
          Episode_Reward/dof_pos_limits: 0.0000
                   Metrics/success_rate: 0.9861
     Metrics/base_velocity/error_vel_xy: 0.1246
    Metrics/base_velocity/error_vel_yaw: 0.1946
           Episode_Termination/time_out: 0.9938
       Episode_Termination/base_contact: 0.0062
--------------------------------------------------------------------------------
                         Iteration time: 1.20s
                           Time elapsed: 00:08:53
                                    ETA: 00:02:05

################################################################################
[1m                           Learning iteration 405/500                           [0m 

                            Total steps: 19955712 
                       Steps per second: 40541 
                        Collection time: 1.159s 
                          Learning time: 0.053s 
                        Mean value loss: 0.0048
                    Mean surrogate loss: -0.0069
                      Mean entropy loss: 5.3624
                            Mean reward: 32.18
                    Mean episode length: 990.37
                        Mean action std: 0.39
    Episode_Reward/track_lin_vel_xy_exp: 1.3894
     Episode_Reward/track_ang_vel_z_exp: 0.6236
            Episode_Reward/lin_vel_z_l2: -0.0376
           Episode_Reward/ang_vel_xy_l2: -0.0823
          Episode_Reward/dof_torques_l2: -0.0915
              Episode_Reward/dof_acc_l2: -0.0782
          Episode_Reward/action_rate_l2: -0.0784
           Episode_Reward/feet_air_time: -0.0080
     Episode_Reward/flat_orientation_l2: -0.0116
          Episode_Reward/dof_pos_limits: 0.0000
                   Metrics/success_rate: 1.0000
     Metrics/base_velocity/error_vel_xy: 0.1210
    Metrics/base_velocity/error_vel_yaw: 0.1897
           Episode_Termination/time_out: 0.9937
       Episode_Termination/base_contact: 0.0063
--------------------------------------------------------------------------------
                         Iteration time: 1.21s
                           Time elapsed: 00:08:54
                                    ETA: 00:02:03

################################################################################
[1m                           Learning iteration 406/500                           [0m 

                            Total steps: 20004864 
                       Steps per second: 38368 
                        Collection time: 1.228s 
                          Learning time: 0.054s 
                        Mean value loss: 0.0036
                    Mean surrogate loss: -0.0064
                      Mean entropy loss: 5.3592
                            Mean reward: 32.15
                    Mean episode length: 991.41
                        Mean action std: 0.39
    Episode_Reward/track_lin_vel_xy_exp: 1.3661
     Episode_Reward/track_ang_vel_z_exp: 0.6172
            Episode_Reward/lin_vel_z_l2: -0.0381
           Episode_Reward/ang_vel_xy_l2: -0.0821
          Episode_Reward/dof_torques_l2: -0.0937
              Episode_Reward/dof_acc_l2: -0.0825
          Episode_Reward/action_rate_l2: -0.0809
           Episode_Reward/feet_air_time: -0.0080
     Episode_Reward/flat_orientation_l2: -0.0125
          Episode_Reward/dof_pos_limits: 0.0000
                   Metrics/success_rate: 0.9861
     Metrics/base_velocity/error_vel_xy: 0.1370
    Metrics/base_velocity/error_vel_yaw: 0.1992
           Episode_Termination/time_out: 0.9936
       Episode_Termination/base_contact: 0.0064
--------------------------------------------------------------------------------
                         Iteration time: 1.28s
                           Time elapsed: 00:08:55
                                    ETA: 00:02:02

################################################################################
[1m                           Learning iteration 407/500                           [0m 

                            Total steps: 20054016 
                       Steps per second: 39791 
                        Collection time: 1.176s 
                          Learning time: 0.059s 
                        Mean value loss: 0.0037
                    Mean surrogate loss: -0.0067
                      Mean entropy loss: 5.3404
                            Mean reward: 32.40
                    Mean episode length: 991.41
                        Mean action std: 0.39
    Episode_Reward/track_lin_vel_xy_exp: 1.3900
     Episode_Reward/track_ang_vel_z_exp: 0.6245
            Episode_Reward/lin_vel_z_l2: -0.0348
           Episode_Reward/ang_vel_xy_l2: -0.0797
          Episode_Reward/dof_torques_l2: -0.0943
              Episode_Reward/dof_acc_l2: -0.0742
          Episode_Reward/action_rate_l2: -0.0771
           Episode_Reward/feet_air_time: -0.0076
     Episode_Reward/flat_orientation_l2: -0.0114
          Episode_Reward/dof_pos_limits: 0.0000
                   Metrics/success_rate: 1.0000
     Metrics/base_velocity/error_vel_xy: 0.1197
    Metrics/base_velocity/error_vel_yaw: 0.1890
           Episode_Termination/time_out: 0.9938
       Episode_Termination/base_contact: 0.0062
--------------------------------------------------------------------------------
                         Iteration time: 1.24s
                           Time elapsed: 00:08:56
                                    ETA: 00:02:01

################################################################################
[1m                           Learning iteration 408/500                           [0m 

                            Total steps: 20103168 
                       Steps per second: 39635 
                        Collection time: 1.187s 
                          Learning time: 0.053s 
                        Mean value loss: 0.0043
                    Mean surrogate loss: -0.0070
                      Mean entropy loss: 5.3377
                            Mean reward: 32.78
                    Mean episode length: 1000.00
                        Mean action std: 0.39
    Episode_Reward/track_lin_vel_xy_exp: 1.3967
     Episode_Reward/track_ang_vel_z_exp: 0.6268
            Episode_Reward/lin_vel_z_l2: -0.0353
           Episode_Reward/ang_vel_xy_l2: -0.0788
          Episode_Reward/dof_torques_l2: -0.0962
              Episode_Reward/dof_acc_l2: -0.0751
          Episode_Reward/action_rate_l2: -0.0792
           Episode_Reward/feet_air_time: -0.0076
     Episode_Reward/flat_orientation_l2: -0.0106
          Episode_Reward/dof_pos_limits: 0.0000
                   Metrics/success_rate: 1.0000
     Metrics/base_velocity/error_vel_xy: 0.1152
    Metrics/base_velocity/error_vel_yaw: 0.1860
           Episode_Termination/time_out: 0.9941
       Episode_Termination/base_contact: 0.0059
--------------------------------------------------------------------------------
                         Iteration time: 1.24s
                           Time elapsed: 00:08:58
                                    ETA: 00:01:59

################################################################################
[1m                           Learning iteration 409/500                           [0m 

                            Total steps: 20152320 
                       Steps per second: 40013 
                        Collection time: 1.173s 
                          Learning time: 0.055s 
                        Mean value loss: 0.0034
                    Mean surrogate loss: -0.0061
                      Mean entropy loss: 5.3373
                            Mean reward: 32.83
                    Mean episode length: 1000.00
                        Mean action std: 0.39
    Episode_Reward/track_lin_vel_xy_exp: 1.3963
     Episode_Reward/track_ang_vel_z_exp: 0.6250
            Episode_Reward/lin_vel_z_l2: -0.0361
           Episode_Reward/ang_vel_xy_l2: -0.0783
          Episode_Reward/dof_torques_l2: -0.0939
              Episode_Reward/dof_acc_l2: -0.0765
          Episode_Reward/action_rate_l2: -0.0782
           Episode_Reward/feet_air_time: -0.0079
     Episode_Reward/flat_orientation_l2: -0.0117
          Episode_Reward/dof_pos_limits: 0.0000
                   Metrics/success_rate: 1.0000
     Metrics/base_velocity/error_vel_xy: 0.1157
    Metrics/base_velocity/error_vel_yaw: 0.1883
           Episode_Termination/time_out: 0.9943
       Episode_Termination/base_contact: 0.0057
--------------------------------------------------------------------------------
                         Iteration time: 1.23s
                           Time elapsed: 00:08:59
                                    ETA: 00:01:58

################################################################################
[1m                           Learning iteration 410/500                           [0m 

                            Total steps: 20201472 
                       Steps per second: 41186 
                        Collection time: 1.140s 
                          Learning time: 0.053s 
                        Mean value loss: 0.0030
                    Mean surrogate loss: -0.0071
                      Mean entropy loss: 5.3225
                            Mean reward: 32.63
                    Mean episode length: 1000.00
                        Mean action std: 0.39
    Episode_Reward/track_lin_vel_xy_exp: 1.3846
     Episode_Reward/track_ang_vel_z_exp: 0.6248
            Episode_Reward/lin_vel_z_l2: -0.0390
           Episode_Reward/ang_vel_xy_l2: -0.0799
          Episode_Reward/dof_torques_l2: -0.0950
              Episode_Reward/dof_acc_l2: -0.0828
          Episode_Reward/action_rate_l2: -0.0822
           Episode_Reward/feet_air_time: -0.0081
     Episode_Reward/flat_orientation_l2: -0.0111
          Episode_Reward/dof_pos_limits: 0.0000
                   Metrics/success_rate: 1.0000
     Metrics/base_velocity/error_vel_xy: 0.1234
    Metrics/base_velocity/error_vel_yaw: 0.1882
           Episode_Termination/time_out: 0.9946
       Episode_Termination/base_contact: 0.0054
--------------------------------------------------------------------------------
                         Iteration time: 1.19s
                           Time elapsed: 00:09:00
                                    ETA: 00:01:57

################################################################################
[1m                           Learning iteration 411/500                           [0m 

                            Total steps: 20250624 
                       Steps per second: 39666 
                        Collection time: 1.182s 
                          Learning time: 0.057s 
                        Mean value loss: 0.0039
                    Mean surrogate loss: -0.0052
                      Mean entropy loss: 5.3278
                            Mean reward: 32.59
                    Mean episode length: 1000.00
                        Mean action std: 0.39
    Episode_Reward/track_lin_vel_xy_exp: 1.3870
     Episode_Reward/track_ang_vel_z_exp: 0.6257
            Episode_Reward/lin_vel_z_l2: -0.0344
           Episode_Reward/ang_vel_xy_l2: -0.0824
          Episode_Reward/dof_torques_l2: -0.0958
              Episode_Reward/dof_acc_l2: -0.0780
          Episode_Reward/action_rate_l2: -0.0799
           Episode_Reward/feet_air_time: -0.0078
     Episode_Reward/flat_orientation_l2: -0.0104
          Episode_Reward/dof_pos_limits: 0.0000
                   Metrics/success_rate: 1.0000
     Metrics/base_velocity/error_vel_xy: 0.1215
    Metrics/base_velocity/error_vel_yaw: 0.1874
           Episode_Termination/time_out: 0.9946
       Episode_Termination/base_contact: 0.0054
--------------------------------------------------------------------------------
                         Iteration time: 1.24s
                           Time elapsed: 00:09:01
                                    ETA: 00:01:55

################################################################################
[1m                           Learning iteration 412/500                           [0m 

                            Total steps: 20299776 
                       Steps per second: 41093 
                        Collection time: 1.142s 
                          Learning time: 0.054s 
                        Mean value loss: 0.0033
                    Mean surrogate loss: -0.0063
                      Mean entropy loss: 5.3359
                            Mean reward: 32.50
                    Mean episode length: 1000.00
                        Mean action std: 0.39
    Episode_Reward/track_lin_vel_xy_exp: 1.3885
     Episode_Reward/track_ang_vel_z_exp: 0.6239
            Episode_Reward/lin_vel_z_l2: -0.0377
           Episode_Reward/ang_vel_xy_l2: -0.0817
          Episode_Reward/dof_torques_l2: -0.0981
              Episode_Reward/dof_acc_l2: -0.0813
          Episode_Reward/action_rate_l2: -0.0812
           Episode_Reward/feet_air_time: -0.0078
     Episode_Reward/flat_orientation_l2: -0.0132
          Episode_Reward/dof_pos_limits: 0.0000
                   Metrics/success_rate: 1.0000
     Metrics/base_velocity/error_vel_xy: 0.1220
    Metrics/base_velocity/error_vel_yaw: 0.1898
           Episode_Termination/time_out: 0.9946
       Episode_Termination/base_contact: 0.0054
--------------------------------------------------------------------------------
                         Iteration time: 1.20s
                           Time elapsed: 00:09:02
                                    ETA: 00:01:54

################################################################################
[1m                           Learning iteration 413/500                           [0m 

                            Total steps: 20348928 
                       Steps per second: 36768 
                        Collection time: 1.281s 
                          Learning time: 0.056s 
                        Mean value loss: 0.0039
                    Mean surrogate loss: -0.0066
                      Mean entropy loss: 5.3255
                            Mean reward: 32.45
                    Mean episode length: 1000.00
                        Mean action std: 0.39
    Episode_Reward/track_lin_vel_xy_exp: 1.3899
     Episode_Reward/track_ang_vel_z_exp: 0.6253
            Episode_Reward/lin_vel_z_l2: -0.0386
           Episode_Reward/ang_vel_xy_l2: -0.0803
          Episode_Reward/dof_torques_l2: -0.0922
              Episode_Reward/dof_acc_l2: -0.0843
          Episode_Reward/action_rate_l2: -0.0812
           Episode_Reward/feet_air_time: -0.0081
     Episode_Reward/flat_orientation_l2: -0.0099
          Episode_Reward/dof_pos_limits: 0.0000
                   Metrics/success_rate: 1.0000
     Metrics/base_velocity/error_vel_xy: 0.1208
    Metrics/base_velocity/error_vel_yaw: 0.1887
           Episode_Termination/time_out: 0.9946
       Episode_Termination/base_contact: 0.0054
--------------------------------------------------------------------------------
                         Iteration time: 1.34s
                           Time elapsed: 00:09:04
                                    ETA: 00:01:53

################################################################################
[1m                           Learning iteration 414/500                           [0m 

                            Total steps: 20398080 
                       Steps per second: 38112 
                        Collection time: 1.232s 
                          Learning time: 0.057s 
                        Mean value loss: 0.0043
                    Mean surrogate loss: -0.0053
                      Mean entropy loss: 5.3213
                            Mean reward: 32.53
                    Mean episode length: 1000.00
                        Mean action std: 0.39
    Episode_Reward/track_lin_vel_xy_exp: 1.3859
     Episode_Reward/track_ang_vel_z_exp: 0.6258
            Episode_Reward/lin_vel_z_l2: -0.0373
           Episode_Reward/ang_vel_xy_l2: -0.0791
          Episode_Reward/dof_torques_l2: -0.0927
              Episode_Reward/dof_acc_l2: -0.0795
          Episode_Reward/action_rate_l2: -0.0797
           Episode_Reward/feet_air_time: -0.0079
     Episode_Reward/flat_orientation_l2: -0.0104
          Episode_Reward/dof_pos_limits: 0.0000
                   Metrics/success_rate: 1.0000
     Metrics/base_velocity/error_vel_xy: 0.1235
    Metrics/base_velocity/error_vel_yaw: 0.1880
           Episode_Termination/time_out: 0.9946
       Episode_Termination/base_contact: 0.0054
--------------------------------------------------------------------------------
                         Iteration time: 1.29s
                           Time elapsed: 00:09:05
                                    ETA: 00:01:51

################################################################################
[1m                           Learning iteration 415/500                           [0m 

                            Total steps: 20447232 
                       Steps per second: 40316 
                        Collection time: 1.168s 
                          Learning time: 0.052s 
                        Mean value loss: 0.0035
                    Mean surrogate loss: -0.0063
                      Mean entropy loss: 5.3110
                            Mean reward: 32.59
                    Mean episode length: 1000.00
                        Mean action std: 0.39
    Episode_Reward/track_lin_vel_xy_exp: 1.3893
     Episode_Reward/track_ang_vel_z_exp: 0.6256
            Episode_Reward/lin_vel_z_l2: -0.0367
           Episode_Reward/ang_vel_xy_l2: -0.0813
          Episode_Reward/dof_torques_l2: -0.0925
              Episode_Reward/dof_acc_l2: -0.0814
          Episode_Reward/action_rate_l2: -0.0792
           Episode_Reward/feet_air_time: -0.0083
     Episode_Reward/flat_orientation_l2: -0.0106
          Episode_Reward/dof_pos_limits: 0.0000
                   Metrics/success_rate: 1.0000
     Metrics/base_velocity/error_vel_xy: 0.1219
    Metrics/base_velocity/error_vel_yaw: 0.1874
           Episode_Termination/time_out: 0.9946
       Episode_Termination/base_contact: 0.0054
--------------------------------------------------------------------------------
                         Iteration time: 1.22s
                           Time elapsed: 00:09:06
                                    ETA: 00:01:50

################################################################################
[1m                           Learning iteration 416/500                           [0m 

                            Total steps: 20496384 
                       Steps per second: 32099 
                        Collection time: 1.476s 
                          Learning time: 0.055s 
                        Mean value loss: 0.0039
                    Mean surrogate loss: -0.0061
                      Mean entropy loss: 5.2891
                            Mean reward: 32.44
                    Mean episode length: 1000.00
                        Mean action std: 0.39
    Episode_Reward/track_lin_vel_xy_exp: 1.3821
     Episode_Reward/track_ang_vel_z_exp: 0.6230
            Episode_Reward/lin_vel_z_l2: -0.0368
           Episode_Reward/ang_vel_xy_l2: -0.0794
          Episode_Reward/dof_torques_l2: -0.0930
              Episode_Reward/dof_acc_l2: -0.0802
          Episode_Reward/action_rate_l2: -0.0791
           Episode_Reward/feet_air_time: -0.0081
     Episode_Reward/flat_orientation_l2: -0.0120
          Episode_Reward/dof_pos_limits: 0.0000
                   Metrics/success_rate: 1.0000
     Metrics/base_velocity/error_vel_xy: 0.1241
    Metrics/base_velocity/error_vel_yaw: 0.1915
           Episode_Termination/time_out: 0.9950
       Episode_Termination/base_contact: 0.0050
--------------------------------------------------------------------------------
                         Iteration time: 1.53s
                           Time elapsed: 00:09:08
                                    ETA: 00:01:49

################################################################################
[1m                           Learning iteration 417/500                           [0m 

                            Total steps: 20545536 
                       Steps per second: 21677 
                        Collection time: 2.213s 
                          Learning time: 0.054s 
                        Mean value loss: 0.0024
                    Mean surrogate loss: -0.0066
                      Mean entropy loss: 5.2680
                            Mean reward: 32.72
                    Mean episode length: 1000.00
                        Mean action std: 0.38
    Episode_Reward/track_lin_vel_xy_exp: 1.4019
     Episode_Reward/track_ang_vel_z_exp: 0.6259
            Episode_Reward/lin_vel_z_l2: -0.0349
           Episode_Reward/ang_vel_xy_l2: -0.0767
          Episode_Reward/dof_torques_l2: -0.0916
              Episode_Reward/dof_acc_l2: -0.0716
          Episode_Reward/action_rate_l2: -0.0756
           Episode_Reward/feet_air_time: -0.0072
     Episode_Reward/flat_orientation_l2: -0.0103
          Episode_Reward/dof_pos_limits: 0.0000
                   Metrics/success_rate: 1.0000
     Metrics/base_velocity/error_vel_xy: 0.1118
    Metrics/base_velocity/error_vel_yaw: 0.1880
           Episode_Termination/time_out: 0.9951
       Episode_Termination/base_contact: 0.0049
--------------------------------------------------------------------------------
                         Iteration time: 2.27s
                           Time elapsed: 00:09:10
                                    ETA: 00:01:47

################################################################################
[1m                           Learning iteration 418/500                           [0m 

                            Total steps: 20594688 
                       Steps per second: 21465 
                        Collection time: 2.236s 
                          Learning time: 0.054s 
                        Mean value loss: 0.0033
                    Mean surrogate loss: -0.0054
                      Mean entropy loss: 5.2464
                            Mean reward: 32.69
                    Mean episode length: 1000.00
                        Mean action std: 0.38
    Episode_Reward/track_lin_vel_xy_exp: 1.3846
     Episode_Reward/track_ang_vel_z_exp: 0.6267
            Episode_Reward/lin_vel_z_l2: -0.0394
           Episode_Reward/ang_vel_xy_l2: -0.0794
          Episode_Reward/dof_torques_l2: -0.0960
              Episode_Reward/dof_acc_l2: -0.0816
          Episode_Reward/action_rate_l2: -0.0806
           Episode_Reward/feet_air_time: -0.0078
     Episode_Reward/flat_orientation_l2: -0.0114
          Episode_Reward/dof_pos_limits: 0.0000
                   Metrics/success_rate: 1.0000
     Metrics/base_velocity/error_vel_xy: 0.1236
    Metrics/base_velocity/error_vel_yaw: 0.1865
           Episode_Termination/time_out: 0.9951
       Episode_Termination/base_contact: 0.0049
--------------------------------------------------------------------------------
                         Iteration time: 2.29s
                           Time elapsed: 00:09:12
                                    ETA: 00:01:46

################################################################################
[1m                           Learning iteration 419/500                           [0m 

                            Total steps: 20643840 
                       Steps per second: 21527 
                        Collection time: 2.227s 
                          Learning time: 0.056s 
                        Mean value loss: 0.0044
                    Mean surrogate loss: -0.0059
                      Mean entropy loss: 5.2475
                            Mean reward: 32.74
                    Mean episode length: 1000.00
                        Mean action std: 0.38
    Episode_Reward/track_lin_vel_xy_exp: 1.3928
     Episode_Reward/track_ang_vel_z_exp: 0.6275
            Episode_Reward/lin_vel_z_l2: -0.0363
           Episode_Reward/ang_vel_xy_l2: -0.0787
          Episode_Reward/dof_torques_l2: -0.0929
              Episode_Reward/dof_acc_l2: -0.0752
          Episode_Reward/action_rate_l2: -0.0767
           Episode_Reward/feet_air_time: -0.0076
     Episode_Reward/flat_orientation_l2: -0.0102
          Episode_Reward/dof_pos_limits: 0.0000
                   Metrics/success_rate: 1.0000
     Metrics/base_velocity/error_vel_xy: 0.1175
    Metrics/base_velocity/error_vel_yaw: 0.1857
           Episode_Termination/time_out: 0.9951
       Episode_Termination/base_contact: 0.0049
--------------------------------------------------------------------------------
                         Iteration time: 2.28s
                           Time elapsed: 00:09:15
                                    ETA: 00:01:45

################################################################################
[1m                           Learning iteration 420/500                           [0m 

                            Total steps: 20692992 
                       Steps per second: 21802 
                        Collection time: 2.201s 
                          Learning time: 0.054s 
                        Mean value loss: 0.0049
                    Mean surrogate loss: -0.0069
                      Mean entropy loss: 5.2455
                            Mean reward: 32.68
                    Mean episode length: 1000.00
                        Mean action std: 0.38
    Episode_Reward/track_lin_vel_xy_exp: 1.3925
     Episode_Reward/track_ang_vel_z_exp: 0.6266
            Episode_Reward/lin_vel_z_l2: -0.0359
           Episode_Reward/ang_vel_xy_l2: -0.0799
          Episode_Reward/dof_torques_l2: -0.0905
              Episode_Reward/dof_acc_l2: -0.0762
          Episode_Reward/action_rate_l2: -0.0766
           Episode_Reward/feet_air_time: -0.0076
     Episode_Reward/flat_orientation_l2: -0.0097
          Episode_Reward/dof_pos_limits: 0.0000
                   Metrics/success_rate: 1.0000
     Metrics/base_velocity/error_vel_xy: 0.1186
    Metrics/base_velocity/error_vel_yaw: 0.1867
           Episode_Termination/time_out: 0.9955
       Episode_Termination/base_contact: 0.0045
--------------------------------------------------------------------------------
                         Iteration time: 2.25s
                           Time elapsed: 00:09:17
                                    ETA: 00:01:44

################################################################################
[1m                           Learning iteration 421/500                           [0m 

                            Total steps: 20742144 
                       Steps per second: 20360 
                        Collection time: 2.355s 
                          Learning time: 0.059s 
                        Mean value loss: 0.0038
                    Mean surrogate loss: -0.0068
                      Mean entropy loss: 5.2501
                            Mean reward: 32.97
                    Mean episode length: 1000.00
                        Mean action std: 0.38
    Episode_Reward/track_lin_vel_xy_exp: 1.3966
     Episode_Reward/track_ang_vel_z_exp: 0.6260
            Episode_Reward/lin_vel_z_l2: -0.0347
           Episode_Reward/ang_vel_xy_l2: -0.0772
          Episode_Reward/dof_torques_l2: -0.0912
              Episode_Reward/dof_acc_l2: -0.0735
          Episode_Reward/action_rate_l2: -0.0757
           Episode_Reward/feet_air_time: -0.0076
     Episode_Reward/flat_orientation_l2: -0.0102
          Episode_Reward/dof_pos_limits: 0.0000
                   Metrics/success_rate: 1.0000
     Metrics/base_velocity/error_vel_xy: 0.1154
    Metrics/base_velocity/error_vel_yaw: 0.1871
           Episode_Termination/time_out: 0.9956
       Episode_Termination/base_contact: 0.0044
--------------------------------------------------------------------------------
                         Iteration time: 2.41s
                           Time elapsed: 00:09:19
                                    ETA: 00:01:43

################################################################################
[1m                           Learning iteration 422/500                           [0m 

                            Total steps: 20791296 
                       Steps per second: 21206 
                        Collection time: 2.265s 
                          Learning time: 0.053s 
                        Mean value loss: 0.0064
                    Mean surrogate loss: -0.0061
                      Mean entropy loss: 5.2539
                            Mean reward: 32.72
                    Mean episode length: 1000.00
                        Mean action std: 0.39
    Episode_Reward/track_lin_vel_xy_exp: 1.3917
     Episode_Reward/track_ang_vel_z_exp: 0.6261
            Episode_Reward/lin_vel_z_l2: -0.0374
           Episode_Reward/ang_vel_xy_l2: -0.0788
          Episode_Reward/dof_torques_l2: -0.0951
              Episode_Reward/dof_acc_l2: -0.0783
          Episode_Reward/action_rate_l2: -0.0790
           Episode_Reward/feet_air_time: -0.0075
     Episode_Reward/flat_orientation_l2: -0.0105
          Episode_Reward/dof_pos_limits: 0.0000
                   Metrics/success_rate: 1.0000
     Metrics/base_velocity/error_vel_xy: 0.1188
    Metrics/base_velocity/error_vel_yaw: 0.1871
           Episode_Termination/time_out: 0.9959
       Episode_Termination/base_contact: 0.0041
--------------------------------------------------------------------------------
                         Iteration time: 2.32s
                           Time elapsed: 00:09:22
                                    ETA: 00:01:42

################################################################################
[1m                           Learning iteration 423/500                           [0m 

                            Total steps: 20840448 
                       Steps per second: 21490 
                        Collection time: 2.234s 
                          Learning time: 0.053s 
                        Mean value loss: 0.0048
                    Mean surrogate loss: -0.0075
                      Mean entropy loss: 5.2673
                            Mean reward: 32.81
                    Mean episode length: 1000.00
                        Mean action std: 0.39
    Episode_Reward/track_lin_vel_xy_exp: 1.3917
     Episode_Reward/track_ang_vel_z_exp: 0.6261
            Episode_Reward/lin_vel_z_l2: -0.0348
           Episode_Reward/ang_vel_xy_l2: -0.0776
          Episode_Reward/dof_torques_l2: -0.0950
              Episode_Reward/dof_acc_l2: -0.0734
          Episode_Reward/action_rate_l2: -0.0766
           Episode_Reward/feet_air_time: -0.0073
     Episode_Reward/flat_orientation_l2: -0.0097
          Episode_Reward/dof_pos_limits: 0.0000
                   Metrics/success_rate: 1.0000
     Metrics/base_velocity/error_vel_xy: 0.1187
    Metrics/base_velocity/error_vel_yaw: 0.1868
           Episode_Termination/time_out: 0.9961
       Episode_Termination/base_contact: 0.0039
--------------------------------------------------------------------------------
                         Iteration time: 2.29s
                           Time elapsed: 00:09:24
                                    ETA: 00:01:41

################################################################################
[1m                           Learning iteration 424/500                           [0m 

                            Total steps: 20889600 
                       Steps per second: 21250 
                        Collection time: 2.238s 
                          Learning time: 0.075s 
                        Mean value loss: 0.0045
                    Mean surrogate loss: -0.0063
                      Mean entropy loss: 5.2694
                            Mean reward: 32.90
                    Mean episode length: 1000.00
                        Mean action std: 0.39
    Episode_Reward/track_lin_vel_xy_exp: 1.3932
     Episode_Reward/track_ang_vel_z_exp: 0.6276
            Episode_Reward/lin_vel_z_l2: -0.0355
           Episode_Reward/ang_vel_xy_l2: -0.0785
          Episode_Reward/dof_torques_l2: -0.0947
              Episode_Reward/dof_acc_l2: -0.0754
          Episode_Reward/action_rate_l2: -0.0773
           Episode_Reward/feet_air_time: -0.0074
     Episode_Reward/flat_orientation_l2: -0.0098
          Episode_Reward/dof_pos_limits: 0.0000
                   Metrics/success_rate: 1.0000
     Metrics/base_velocity/error_vel_xy: 0.1177
    Metrics/base_velocity/error_vel_yaw: 0.1857
           Episode_Termination/time_out: 0.9961
       Episode_Termination/base_contact: 0.0039
--------------------------------------------------------------------------------
                         Iteration time: 2.31s
                           Time elapsed: 00:09:26
                                    ETA: 00:01:40

################################################################################
[1m                           Learning iteration 425/500                           [0m 

                            Total steps: 20938752 
                       Steps per second: 20952 
                        Collection time: 2.288s 
                          Learning time: 0.058s 
                        Mean value loss: 0.0039
                    Mean surrogate loss: -0.0062
                      Mean entropy loss: 5.2858
                            Mean reward: 31.93
                    Mean episode length: 981.51
                        Mean action std: 0.39
    Episode_Reward/track_lin_vel_xy_exp: 1.3306
     Episode_Reward/track_ang_vel_z_exp: 0.6000
            Episode_Reward/lin_vel_z_l2: -0.0366
           Episode_Reward/ang_vel_xy_l2: -0.0774
          Episode_Reward/dof_torques_l2: -0.0922
              Episode_Reward/dof_acc_l2: -0.0764
          Episode_Reward/action_rate_l2: -0.0754
           Episode_Reward/feet_air_time: -0.0074
     Episode_Reward/flat_orientation_l2: -0.0133
          Episode_Reward/dof_pos_limits: 0.0000
                   Metrics/success_rate: 0.9556
     Metrics/base_velocity/error_vel_xy: 0.1464
    Metrics/base_velocity/error_vel_yaw: 0.2142
           Episode_Termination/time_out: 0.9957
       Episode_Termination/base_contact: 0.0043
--------------------------------------------------------------------------------
                         Iteration time: 2.35s
                           Time elapsed: 00:09:29
                                    ETA: 00:01:38

################################################################################
[1m                           Learning iteration 426/500                           [0m 

                            Total steps: 20987904 
                       Steps per second: 41256 
                        Collection time: 1.137s 
                          Learning time: 0.054s 
                        Mean value loss: 0.0041
                    Mean surrogate loss: -0.0066
                      Mean entropy loss: 5.2751
                            Mean reward: 32.30
                    Mean episode length: 981.66
                        Mean action std: 0.39
    Episode_Reward/track_lin_vel_xy_exp: 1.3800
     Episode_Reward/track_ang_vel_z_exp: 0.6208
            Episode_Reward/lin_vel_z_l2: -0.0350
           Episode_Reward/ang_vel_xy_l2: -0.0784
          Episode_Reward/dof_torques_l2: -0.0914
              Episode_Reward/dof_acc_l2: -0.0724
          Episode_Reward/action_rate_l2: -0.0752
           Episode_Reward/feet_air_time: -0.0074
     Episode_Reward/flat_orientation_l2: -0.0104
          Episode_Reward/dof_pos_limits: 0.0000
                   Metrics/success_rate: 0.9896
     Metrics/base_velocity/error_vel_xy: 0.1263
    Metrics/base_velocity/error_vel_yaw: 0.1948
           Episode_Termination/time_out: 0.9955
       Episode_Termination/base_contact: 0.0045
--------------------------------------------------------------------------------
                         Iteration time: 1.19s
                           Time elapsed: 00:09:30
                                    ETA: 00:01:37

################################################################################
[1m                           Learning iteration 427/500                           [0m 

                            Total steps: 21037056 
                       Steps per second: 37350 
                        Collection time: 1.263s 
                          Learning time: 0.053s 
                        Mean value loss: 0.0041
                    Mean surrogate loss: -0.0063
                      Mean entropy loss: 5.2957
                            Mean reward: 32.36
                    Mean episode length: 991.37
                        Mean action std: 0.39
    Episode_Reward/track_lin_vel_xy_exp: 1.3726
     Episode_Reward/track_ang_vel_z_exp: 0.6212
            Episode_Reward/lin_vel_z_l2: -0.0377
           Episode_Reward/ang_vel_xy_l2: -0.0775
          Episode_Reward/dof_torques_l2: -0.0942
              Episode_Reward/dof_acc_l2: -0.0788
          Episode_Reward/action_rate_l2: -0.0780
           Episode_Reward/feet_air_time: -0.0077
     Episode_Reward/flat_orientation_l2: -0.0118
          Episode_Reward/dof_pos_limits: 0.0000
                   Metrics/success_rate: 0.9917
     Metrics/base_velocity/error_vel_xy: 0.1340
    Metrics/base_velocity/error_vel_yaw: 0.1945
           Episode_Termination/time_out: 0.9954
       Episode_Termination/base_contact: 0.0046
--------------------------------------------------------------------------------
                         Iteration time: 1.32s
                           Time elapsed: 00:09:31
                                    ETA: 00:01:36

################################################################################
[1m                           Learning iteration 428/500                           [0m 

                            Total steps: 21086208 
                       Steps per second: 37223 
                        Collection time: 1.270s 
                          Learning time: 0.051s 
                        Mean value loss: 0.0037
                    Mean surrogate loss: -0.0067
                      Mean entropy loss: 5.3010
                            Mean reward: 32.35
                    Mean episode length: 991.37
                        Mean action std: 0.39
    Episode_Reward/track_lin_vel_xy_exp: 1.3948
     Episode_Reward/track_ang_vel_z_exp: 0.6262
            Episode_Reward/lin_vel_z_l2: -0.0347
           Episode_Reward/ang_vel_xy_l2: -0.0782
          Episode_Reward/dof_torques_l2: -0.0908
              Episode_Reward/dof_acc_l2: -0.0747
          Episode_Reward/action_rate_l2: -0.0759
           Episode_Reward/feet_air_time: -0.0075
     Episode_Reward/flat_orientation_l2: -0.0099
          Episode_Reward/dof_pos_limits: 0.0000
                   Metrics/success_rate: 1.0000
     Metrics/base_velocity/error_vel_xy: 0.1173
    Metrics/base_velocity/error_vel_yaw: 0.1875
           Episode_Termination/time_out: 0.9951
       Episode_Termination/base_contact: 0.0049
--------------------------------------------------------------------------------
                         Iteration time: 1.32s
                           Time elapsed: 00:09:32
                                    ETA: 00:01:34

################################################################################
[1m                           Learning iteration 429/500                           [0m 

                            Total steps: 21135360 
                       Steps per second: 38929 
                        Collection time: 1.208s 
                          Learning time: 0.055s 
                        Mean value loss: 0.0039
                    Mean surrogate loss: -0.0068
                      Mean entropy loss: 5.2830
                            Mean reward: 33.19
                    Mean episode length: 1000.00
                        Mean action std: 0.39
    Episode_Reward/track_lin_vel_xy_exp: 1.4023
     Episode_Reward/track_ang_vel_z_exp: 0.6281
            Episode_Reward/lin_vel_z_l2: -0.0342
           Episode_Reward/ang_vel_xy_l2: -0.0773
          Episode_Reward/dof_torques_l2: -0.0889
              Episode_Reward/dof_acc_l2: -0.0707
          Episode_Reward/action_rate_l2: -0.0734
           Episode_Reward/feet_air_time: -0.0076
     Episode_Reward/flat_orientation_l2: -0.0092
          Episode_Reward/dof_pos_limits: 0.0000
                   Metrics/success_rate: 1.0000
     Metrics/base_velocity/error_vel_xy: 0.1115
    Metrics/base_velocity/error_vel_yaw: 0.1850
           Episode_Termination/time_out: 0.9951
       Episode_Termination/base_contact: 0.0049
--------------------------------------------------------------------------------
                         Iteration time: 1.26s
                           Time elapsed: 00:09:34
                                    ETA: 00:01:33

################################################################################
[1m                           Learning iteration 430/500                           [0m 

                            Total steps: 21184512 
                       Steps per second: 39295 
                        Collection time: 1.194s 
                          Learning time: 0.056s 
                        Mean value loss: 0.0040
                    Mean surrogate loss: -0.0063
                      Mean entropy loss: 5.2889
                            Mean reward: 32.93
                    Mean episode length: 1000.00
                        Mean action std: 0.39
    Episode_Reward/track_lin_vel_xy_exp: 1.3965
     Episode_Reward/track_ang_vel_z_exp: 0.6273
            Episode_Reward/lin_vel_z_l2: -0.0347
           Episode_Reward/ang_vel_xy_l2: -0.0767
          Episode_Reward/dof_torques_l2: -0.0923
              Episode_Reward/dof_acc_l2: -0.0736
          Episode_Reward/action_rate_l2: -0.0746
           Episode_Reward/feet_air_time: -0.0077
     Episode_Reward/flat_orientation_l2: -0.0105
          Episode_Reward/dof_pos_limits: 0.0000
                   Metrics/success_rate: 1.0000
     Metrics/base_velocity/error_vel_xy: 0.1160
    Metrics/base_velocity/error_vel_yaw: 0.1861
           Episode_Termination/time_out: 0.9951
       Episode_Termination/base_contact: 0.0049
--------------------------------------------------------------------------------
                         Iteration time: 1.25s
                           Time elapsed: 00:09:35
                                    ETA: 00:01:32

################################################################################
[1m                           Learning iteration 431/500                           [0m 

                            Total steps: 21233664 
                       Steps per second: 40157 
                        Collection time: 1.170s 
                          Learning time: 0.054s 
                        Mean value loss: 0.0036
                    Mean surrogate loss: -0.0065
                      Mean entropy loss: 5.2854
                            Mean reward: 32.53
                    Mean episode length: 990.95
                        Mean action std: 0.39
    Episode_Reward/track_lin_vel_xy_exp: 1.3641
     Episode_Reward/track_ang_vel_z_exp: 0.6126
            Episode_Reward/lin_vel_z_l2: -0.0355
           Episode_Reward/ang_vel_xy_l2: -0.0792
          Episode_Reward/dof_torques_l2: -0.0904
              Episode_Reward/dof_acc_l2: -0.0769
          Episode_Reward/action_rate_l2: -0.0753
           Episode_Reward/feet_air_time: -0.0079
     Episode_Reward/flat_orientation_l2: -0.0114
          Episode_Reward/dof_pos_limits: 0.0000
                   Metrics/success_rate: 0.9792
     Metrics/base_velocity/error_vel_xy: 0.1331
    Metrics/base_velocity/error_vel_yaw: 0.2037
           Episode_Termination/time_out: 0.9948
       Episode_Termination/base_contact: 0.0052
--------------------------------------------------------------------------------
                         Iteration time: 1.22s
                           Time elapsed: 00:09:36
                                    ETA: 00:01:30

################################################################################
[1m                           Learning iteration 432/500                           [0m 

                            Total steps: 21282816 
                       Steps per second: 39268 
                        Collection time: 1.198s 
                          Learning time: 0.054s 
                        Mean value loss: 0.0036
                    Mean surrogate loss: -0.0054
                      Mean entropy loss: 5.2779
                            Mean reward: 32.23
                    Mean episode length: 990.95
                        Mean action std: 0.39
    Episode_Reward/track_lin_vel_xy_exp: 1.3845
     Episode_Reward/track_ang_vel_z_exp: 0.6264
            Episode_Reward/lin_vel_z_l2: -0.0407
           Episode_Reward/ang_vel_xy_l2: -0.0775
          Episode_Reward/dof_torques_l2: -0.0936
              Episode_Reward/dof_acc_l2: -0.0860
          Episode_Reward/action_rate_l2: -0.0804
           Episode_Reward/feet_air_time: -0.0086
     Episode_Reward/flat_orientation_l2: -0.0110
          Episode_Reward/dof_pos_limits: 0.0000
                   Metrics/success_rate: 1.0000
     Metrics/base_velocity/error_vel_xy: 0.1241
    Metrics/base_velocity/error_vel_yaw: 0.1870
           Episode_Termination/time_out: 0.9946
       Episode_Termination/base_contact: 0.0054
--------------------------------------------------------------------------------
                         Iteration time: 1.25s
                           Time elapsed: 00:09:37
                                    ETA: 00:01:29

################################################################################
[1m                           Learning iteration 433/500                           [0m 

                            Total steps: 21331968 
                       Steps per second: 39980 
                        Collection time: 1.163s 
                          Learning time: 0.067s 
                        Mean value loss: 0.0020
                    Mean surrogate loss: -0.0067
                      Mean entropy loss: 5.2453
                            Mean reward: 32.70
                    Mean episode length: 1000.00
                        Mean action std: 0.38
    Episode_Reward/track_lin_vel_xy_exp: 1.3946
     Episode_Reward/track_ang_vel_z_exp: 0.6296
            Episode_Reward/lin_vel_z_l2: -0.0342
           Episode_Reward/ang_vel_xy_l2: -0.0743
          Episode_Reward/dof_torques_l2: -0.0936
              Episode_Reward/dof_acc_l2: -0.0762
          Episode_Reward/action_rate_l2: -0.0773
           Episode_Reward/feet_air_time: -0.0070
     Episode_Reward/flat_orientation_l2: -0.0085
          Episode_Reward/dof_pos_limits: 0.0000
                   Metrics/success_rate: 1.0000
     Metrics/base_velocity/error_vel_xy: 0.1166
    Metrics/base_velocity/error_vel_yaw: 0.1841
           Episode_Termination/time_out: 0.9946
       Episode_Termination/base_contact: 0.0054
--------------------------------------------------------------------------------
                         Iteration time: 1.23s
                           Time elapsed: 00:09:39
                                    ETA: 00:01:28

################################################################################
[1m                           Learning iteration 434/500                           [0m 

                            Total steps: 21381120 
                       Steps per second: 38388 
                        Collection time: 1.222s 
                          Learning time: 0.059s 
                        Mean value loss: 0.0045
                    Mean surrogate loss: -0.0054
                      Mean entropy loss: 5.2052
                            Mean reward: 32.91
                    Mean episode length: 1000.00
                        Mean action std: 0.38
    Episode_Reward/track_lin_vel_xy_exp: 1.3954
     Episode_Reward/track_ang_vel_z_exp: 0.6269
            Episode_Reward/lin_vel_z_l2: -0.0365
           Episode_Reward/ang_vel_xy_l2: -0.0786
          Episode_Reward/dof_torques_l2: -0.0901
              Episode_Reward/dof_acc_l2: -0.0791
          Episode_Reward/action_rate_l2: -0.0778
           Episode_Reward/feet_air_time: -0.0079
     Episode_Reward/flat_orientation_l2: -0.0089
          Episode_Reward/dof_pos_limits: 0.0000
                   Metrics/success_rate: 1.0000
     Metrics/base_velocity/error_vel_xy: 0.1164
    Metrics/base_velocity/error_vel_yaw: 0.1864
           Episode_Termination/time_out: 0.9946
       Episode_Termination/base_contact: 0.0054
--------------------------------------------------------------------------------
                         Iteration time: 1.28s
                           Time elapsed: 00:09:40
                                    ETA: 00:01:26

################################################################################
[1m                           Learning iteration 435/500                           [0m 

                            Total steps: 21430272 
                       Steps per second: 39564 
                        Collection time: 1.189s 
                          Learning time: 0.054s 
                        Mean value loss: 0.0045
                    Mean surrogate loss: -0.0068
                      Mean entropy loss: 5.2023
                            Mean reward: 32.83
                    Mean episode length: 1000.00
                        Mean action std: 0.38
    Episode_Reward/track_lin_vel_xy_exp: 1.3942
     Episode_Reward/track_ang_vel_z_exp: 0.6256
            Episode_Reward/lin_vel_z_l2: -0.0379
           Episode_Reward/ang_vel_xy_l2: -0.0780
          Episode_Reward/dof_torques_l2: -0.0899
              Episode_Reward/dof_acc_l2: -0.0767
          Episode_Reward/action_rate_l2: -0.0751
           Episode_Reward/feet_air_time: -0.0078
     Episode_Reward/flat_orientation_l2: -0.0106
          Episode_Reward/dof_pos_limits: 0.0000
                   Metrics/success_rate: 1.0000
     Metrics/base_velocity/error_vel_xy: 0.1170
    Metrics/base_velocity/error_vel_yaw: 0.1883
           Episode_Termination/time_out: 0.9947
       Episode_Termination/base_contact: 0.0053
--------------------------------------------------------------------------------
                         Iteration time: 1.24s
                           Time elapsed: 00:09:41
                                    ETA: 00:01:25

################################################################################
[1m                           Learning iteration 436/500                           [0m 

                            Total steps: 21479424 
                       Steps per second: 40906 
                        Collection time: 1.151s 
                          Learning time: 0.050s 
                        Mean value loss: 0.0031
                    Mean surrogate loss: -0.0070
                      Mean entropy loss: 5.1931
                            Mean reward: 32.87
                    Mean episode length: 1000.00
                        Mean action std: 0.38
    Episode_Reward/track_lin_vel_xy_exp: 1.3859
     Episode_Reward/track_ang_vel_z_exp: 0.6271
            Episode_Reward/lin_vel_z_l2: -0.0350
           Episode_Reward/ang_vel_xy_l2: -0.0774
          Episode_Reward/dof_torques_l2: -0.0939
              Episode_Reward/dof_acc_l2: -0.0764
          Episode_Reward/action_rate_l2: -0.0775
           Episode_Reward/feet_air_time: -0.0074
     Episode_Reward/flat_orientation_l2: -0.0090
          Episode_Reward/dof_pos_limits: 0.0000
                   Metrics/success_rate: 1.0000
     Metrics/base_velocity/error_vel_xy: 0.1221
    Metrics/base_velocity/error_vel_yaw: 0.1864
           Episode_Termination/time_out: 0.9951
       Episode_Termination/base_contact: 0.0049
--------------------------------------------------------------------------------
                         Iteration time: 1.20s
                           Time elapsed: 00:09:42
                                    ETA: 00:01:24

################################################################################
[1m                           Learning iteration 437/500                           [0m 

                            Total steps: 21528576 
                       Steps per second: 39858 
                        Collection time: 1.181s 
                          Learning time: 0.052s 
                        Mean value loss: 0.0033
                    Mean surrogate loss: -0.0066
                      Mean entropy loss: 5.1739
                            Mean reward: 32.74
                    Mean episode length: 1000.00
                        Mean action std: 0.38
    Episode_Reward/track_lin_vel_xy_exp: 1.3902
     Episode_Reward/track_ang_vel_z_exp: 0.6276
            Episode_Reward/lin_vel_z_l2: -0.0345
           Episode_Reward/ang_vel_xy_l2: -0.0772
          Episode_Reward/dof_torques_l2: -0.0923
              Episode_Reward/dof_acc_l2: -0.0768
          Episode_Reward/action_rate_l2: -0.0762
           Episode_Reward/feet_air_time: -0.0075
     Episode_Reward/flat_orientation_l2: -0.0091
          Episode_Reward/dof_pos_limits: 0.0000
                   Metrics/success_rate: 1.0000
     Metrics/base_velocity/error_vel_xy: 0.1197
    Metrics/base_velocity/error_vel_yaw: 0.1857
           Episode_Termination/time_out: 0.9957
       Episode_Termination/base_contact: 0.0043
--------------------------------------------------------------------------------
                         Iteration time: 1.23s
                           Time elapsed: 00:09:44
                                    ETA: 00:01:22

################################################################################
[1m                           Learning iteration 438/500                           [0m 

                            Total steps: 21577728 
                       Steps per second: 40521 
                        Collection time: 1.161s 
                          Learning time: 0.052s 
                        Mean value loss: 0.0033
                    Mean surrogate loss: -0.0070
                      Mean entropy loss: 5.1422
                            Mean reward: 32.76
                    Mean episode length: 1000.00
                        Mean action std: 0.38
    Episode_Reward/track_lin_vel_xy_exp: 1.3944
     Episode_Reward/track_ang_vel_z_exp: 0.6291
            Episode_Reward/lin_vel_z_l2: -0.0362
           Episode_Reward/ang_vel_xy_l2: -0.0760
          Episode_Reward/dof_torques_l2: -0.0934
              Episode_Reward/dof_acc_l2: -0.0796
          Episode_Reward/action_rate_l2: -0.0780
           Episode_Reward/feet_air_time: -0.0075
     Episode_Reward/flat_orientation_l2: -0.0098
          Episode_Reward/dof_pos_limits: 0.0000
                   Metrics/success_rate: 1.0000
     Metrics/base_velocity/error_vel_xy: 0.1179
    Metrics/base_velocity/error_vel_yaw: 0.1842
           Episode_Termination/time_out: 0.9961
       Episode_Termination/base_contact: 0.0039
--------------------------------------------------------------------------------
                         Iteration time: 1.21s
                           Time elapsed: 00:09:45
                                    ETA: 00:01:21

################################################################################
[1m                           Learning iteration 439/500                           [0m 

                            Total steps: 21626880 
                       Steps per second: 38836 
                        Collection time: 1.212s 
                          Learning time: 0.053s 
                        Mean value loss: 0.0033
                    Mean surrogate loss: -0.0063
                      Mean entropy loss: 5.1284
                            Mean reward: 32.56
                    Mean episode length: 991.01
                        Mean action std: 0.38
    Episode_Reward/track_lin_vel_xy_exp: 1.3770
     Episode_Reward/track_ang_vel_z_exp: 0.6198
            Episode_Reward/lin_vel_z_l2: -0.0342
           Episode_Reward/ang_vel_xy_l2: -0.0766
          Episode_Reward/dof_torques_l2: -0.0884
              Episode_Reward/dof_acc_l2: -0.0727
          Episode_Reward/action_rate_l2: -0.0730
           Episode_Reward/feet_air_time: -0.0075
     Episode_Reward/flat_orientation_l2: -0.0105
          Episode_Reward/dof_pos_limits: 0.0000
                   Metrics/success_rate: 0.9861
     Metrics/base_velocity/error_vel_xy: 0.1297
    Metrics/base_velocity/error_vel_yaw: 0.1952
           Episode_Termination/time_out: 0.9958
       Episode_Termination/base_contact: 0.0042
--------------------------------------------------------------------------------
                         Iteration time: 1.27s
                           Time elapsed: 00:09:46
                                    ETA: 00:01:19

################################################################################
[1m                           Learning iteration 440/500                           [0m 

                            Total steps: 21676032 
                       Steps per second: 41216 
                        Collection time: 1.128s 
                          Learning time: 0.064s 
                        Mean value loss: 0.0041
                    Mean surrogate loss: -0.0057
                      Mean entropy loss: 5.1420
                            Mean reward: 32.75
                    Mean episode length: 991.01
                        Mean action std: 0.38
    Episode_Reward/track_lin_vel_xy_exp: 1.3893
     Episode_Reward/track_ang_vel_z_exp: 0.6283
            Episode_Reward/lin_vel_z_l2: -0.0345
           Episode_Reward/ang_vel_xy_l2: -0.0774
          Episode_Reward/dof_torques_l2: -0.0937
              Episode_Reward/dof_acc_l2: -0.0783
          Episode_Reward/action_rate_l2: -0.0787
           Episode_Reward/feet_air_time: -0.0074
     Episode_Reward/flat_orientation_l2: -0.0098
          Episode_Reward/dof_pos_limits: 0.0000
                   Metrics/success_rate: 1.0000
     Metrics/base_velocity/error_vel_xy: 0.1216
    Metrics/base_velocity/error_vel_yaw: 0.1845
           Episode_Termination/time_out: 0.9961
       Episode_Termination/base_contact: 0.0039
--------------------------------------------------------------------------------
                         Iteration time: 1.19s
                           Time elapsed: 00:09:47
                                    ETA: 00:01:18

################################################################################
[1m                           Learning iteration 441/500                           [0m 

                            Total steps: 21725184 
                       Steps per second: 39589 
                        Collection time: 1.188s 
                          Learning time: 0.054s 
                        Mean value loss: 0.0044
                    Mean surrogate loss: -0.0071
                      Mean entropy loss: 5.1563
                            Mean reward: 33.17
                    Mean episode length: 1000.00
                        Mean action std: 0.38
    Episode_Reward/track_lin_vel_xy_exp: 1.3977
     Episode_Reward/track_ang_vel_z_exp: 0.6280
            Episode_Reward/lin_vel_z_l2: -0.0369
           Episode_Reward/ang_vel_xy_l2: -0.0742
          Episode_Reward/dof_torques_l2: -0.0908
              Episode_Reward/dof_acc_l2: -0.0742
          Episode_Reward/action_rate_l2: -0.0759
           Episode_Reward/feet_air_time: -0.0071
     Episode_Reward/flat_orientation_l2: -0.0083
          Episode_Reward/dof_pos_limits: 0.0000
                   Metrics/success_rate: 1.0000
     Metrics/base_velocity/error_vel_xy: 0.1148
    Metrics/base_velocity/error_vel_yaw: 0.1857
           Episode_Termination/time_out: 0.9961
       Episode_Termination/base_contact: 0.0039
--------------------------------------------------------------------------------
                         Iteration time: 1.24s
                           Time elapsed: 00:09:48
                                    ETA: 00:01:17

################################################################################
[1m                           Learning iteration 442/500                           [0m 

                            Total steps: 21774336 
                       Steps per second: 40287 
                        Collection time: 1.168s 
                          Learning time: 0.052s 
                        Mean value loss: 0.0044
                    Mean surrogate loss: -0.0060
                      Mean entropy loss: 5.1503
                            Mean reward: 32.96
                    Mean episode length: 990.25
                        Mean action std: 0.38
    Episode_Reward/track_lin_vel_xy_exp: 1.3928
     Episode_Reward/track_ang_vel_z_exp: 0.6261
            Episode_Reward/lin_vel_z_l2: -0.0343
           Episode_Reward/ang_vel_xy_l2: -0.0767
          Episode_Reward/dof_torques_l2: -0.0886
              Episode_Reward/dof_acc_l2: -0.0713
          Episode_Reward/action_rate_l2: -0.0714
           Episode_Reward/feet_air_time: -0.0075
     Episode_Reward/flat_orientation_l2: -0.0100
          Episode_Reward/dof_pos_limits: 0.0000
                   Metrics/success_rate: 0.9931
     Metrics/base_velocity/error_vel_xy: 0.1165
    Metrics/base_velocity/error_vel_yaw: 0.1880
           Episode_Termination/time_out: 0.9956
       Episode_Termination/base_contact: 0.0044
--------------------------------------------------------------------------------
                         Iteration time: 1.22s
                           Time elapsed: 00:09:50
                                    ETA: 00:01:15

################################################################################
[1m                           Learning iteration 443/500                           [0m 

                            Total steps: 21823488 
                       Steps per second: 40918 
                        Collection time: 1.148s 
                          Learning time: 0.054s 
                        Mean value loss: 0.0029
                    Mean surrogate loss: -0.0069
                      Mean entropy loss: 5.1328
                            Mean reward: 32.85
                    Mean episode length: 990.25
                        Mean action std: 0.38
    Episode_Reward/track_lin_vel_xy_exp: 1.3907
     Episode_Reward/track_ang_vel_z_exp: 0.6299
            Episode_Reward/lin_vel_z_l2: -0.0359
           Episode_Reward/ang_vel_xy_l2: -0.0766
          Episode_Reward/dof_torques_l2: -0.0918
              Episode_Reward/dof_acc_l2: -0.0790
          Episode_Reward/action_rate_l2: -0.0776
           Episode_Reward/feet_air_time: -0.0083
     Episode_Reward/flat_orientation_l2: -0.0092
          Episode_Reward/dof_pos_limits: 0.0000
                   Metrics/success_rate: 1.0000
     Metrics/base_velocity/error_vel_xy: 0.1195
    Metrics/base_velocity/error_vel_yaw: 0.1835
           Episode_Termination/time_out: 0.9956
       Episode_Termination/base_contact: 0.0044
--------------------------------------------------------------------------------
                         Iteration time: 1.20s
                           Time elapsed: 00:09:51
                                    ETA: 00:01:14

################################################################################
[1m                           Learning iteration 444/500                           [0m 

                            Total steps: 21872640 
                       Steps per second: 38425 
                        Collection time: 1.211s 
                          Learning time: 0.068s 
                        Mean value loss: 0.0040
                    Mean surrogate loss: -0.0063
                      Mean entropy loss: 5.1167
                            Mean reward: 33.04
                    Mean episode length: 1000.00
                        Mean action std: 0.38
    Episode_Reward/track_lin_vel_xy_exp: 1.3882
     Episode_Reward/track_ang_vel_z_exp: 0.6287
            Episode_Reward/lin_vel_z_l2: -0.0367
           Episode_Reward/ang_vel_xy_l2: -0.0769
          Episode_Reward/dof_torques_l2: -0.0888
              Episode_Reward/dof_acc_l2: -0.0793
          Episode_Reward/action_rate_l2: -0.0767
           Episode_Reward/feet_air_time: -0.0080
     Episode_Reward/flat_orientation_l2: -0.0092
          Episode_Reward/dof_pos_limits: 0.0000
                   Metrics/success_rate: 1.0000
     Metrics/base_velocity/error_vel_xy: 0.1211
    Metrics/base_velocity/error_vel_yaw: 0.1843
           Episode_Termination/time_out: 0.9956
       Episode_Termination/base_contact: 0.0044
--------------------------------------------------------------------------------
                         Iteration time: 1.28s
                           Time elapsed: 00:09:52
                                    ETA: 00:01:13

################################################################################
[1m                           Learning iteration 445/500                           [0m 

                            Total steps: 21921792 
                       Steps per second: 38593 
                        Collection time: 1.216s 
                          Learning time: 0.057s 
                        Mean value loss: 0.0034
                    Mean surrogate loss: -0.0060
                      Mean entropy loss: 5.1096
                            Mean reward: 32.81
                    Mean episode length: 1000.00
                        Mean action std: 0.38
    Episode_Reward/track_lin_vel_xy_exp: 1.3886
     Episode_Reward/track_ang_vel_z_exp: 0.6246
            Episode_Reward/lin_vel_z_l2: -0.0389
           Episode_Reward/ang_vel_xy_l2: -0.0797
          Episode_Reward/dof_torques_l2: -0.0910
              Episode_Reward/dof_acc_l2: -0.0809
          Episode_Reward/action_rate_l2: -0.0777
           Episode_Reward/feet_air_time: -0.0078
     Episode_Reward/flat_orientation_l2: -0.0095
          Episode_Reward/dof_pos_limits: 0.0000
                   Metrics/success_rate: 1.0000
     Metrics/base_velocity/error_vel_xy: 0.1218
    Metrics/base_velocity/error_vel_yaw: 0.1899
           Episode_Termination/time_out: 0.9956
       Episode_Termination/base_contact: 0.0044
--------------------------------------------------------------------------------
                         Iteration time: 1.27s
                           Time elapsed: 00:09:53
                                    ETA: 00:01:11

################################################################################
[1m                           Learning iteration 446/500                           [0m 

                            Total steps: 21970944 
                       Steps per second: 39163 
                        Collection time: 1.203s 
                          Learning time: 0.052s 
                        Mean value loss: 0.0034
                    Mean surrogate loss: -0.0068
                      Mean entropy loss: 5.0643
                            Mean reward: 32.96
                    Mean episode length: 1000.00
                        Mean action std: 0.38
    Episode_Reward/track_lin_vel_xy_exp: 1.3952
     Episode_Reward/track_ang_vel_z_exp: 0.6246
            Episode_Reward/lin_vel_z_l2: -0.0359
           Episode_Reward/ang_vel_xy_l2: -0.0757
          Episode_Reward/dof_torques_l2: -0.0910
              Episode_Reward/dof_acc_l2: -0.0753
          Episode_Reward/action_rate_l2: -0.0761
           Episode_Reward/feet_air_time: -0.0077
     Episode_Reward/flat_orientation_l2: -0.0088
          Episode_Reward/dof_pos_limits: 0.0000
                   Metrics/success_rate: 1.0000
     Metrics/base_velocity/error_vel_xy: 0.1161
    Metrics/base_velocity/error_vel_yaw: 0.1887
           Episode_Termination/time_out: 0.9961
       Episode_Termination/base_contact: 0.0039
--------------------------------------------------------------------------------
                         Iteration time: 1.26s
                           Time elapsed: 00:09:55
                                    ETA: 00:01:10

################################################################################
[1m                           Learning iteration 447/500                           [0m 

                            Total steps: 22020096 
                       Steps per second: 40632 
                        Collection time: 1.158s 
                          Learning time: 0.051s 
                        Mean value loss: 0.0036
                    Mean surrogate loss: -0.0060
                      Mean entropy loss: 5.0543
                            Mean reward: 32.95
                    Mean episode length: 1000.00
                        Mean action std: 0.38
    Episode_Reward/track_lin_vel_xy_exp: 1.4012
     Episode_Reward/track_ang_vel_z_exp: 0.6285
            Episode_Reward/lin_vel_z_l2: -0.0365
           Episode_Reward/ang_vel_xy_l2: -0.0765
          Episode_Reward/dof_torques_l2: -0.0889
              Episode_Reward/dof_acc_l2: -0.0805
          Episode_Reward/action_rate_l2: -0.0752
           Episode_Reward/feet_air_time: -0.0083
     Episode_Reward/flat_orientation_l2: -0.0098
          Episode_Reward/dof_pos_limits: 0.0000
                   Metrics/success_rate: 1.0000
     Metrics/base_velocity/error_vel_xy: 0.1117
    Metrics/base_velocity/error_vel_yaw: 0.1844
           Episode_Termination/time_out: 0.9962
       Episode_Termination/base_contact: 0.0038
--------------------------------------------------------------------------------
                         Iteration time: 1.21s
                           Time elapsed: 00:09:56
                                    ETA: 00:01:09

################################################################################
[1m                           Learning iteration 448/500                           [0m 

                            Total steps: 22069248 
                       Steps per second: 40189 
                        Collection time: 1.153s 
                          Learning time: 0.070s 
                        Mean value loss: 0.0026
                    Mean surrogate loss: -0.0059
                      Mean entropy loss: 5.0404
                            Mean reward: 32.99
                    Mean episode length: 1000.00
                        Mean action std: 0.38
    Episode_Reward/track_lin_vel_xy_exp: 1.3918
     Episode_Reward/track_ang_vel_z_exp: 0.6262
            Episode_Reward/lin_vel_z_l2: -0.0347
           Episode_Reward/ang_vel_xy_l2: -0.0737
          Episode_Reward/dof_torques_l2: -0.0892
              Episode_Reward/dof_acc_l2: -0.0710
          Episode_Reward/action_rate_l2: -0.0735
           Episode_Reward/feet_air_time: -0.0072
     Episode_Reward/flat_orientation_l2: -0.0102
          Episode_Reward/dof_pos_limits: 0.0000
                   Metrics/success_rate: 1.0000
     Metrics/base_velocity/error_vel_xy: 0.1180
    Metrics/base_velocity/error_vel_yaw: 0.1872
           Episode_Termination/time_out: 0.9966
       Episode_Termination/base_contact: 0.0034
--------------------------------------------------------------------------------
                         Iteration time: 1.22s
                           Time elapsed: 00:09:57
                                    ETA: 00:01:07

################################################################################
[1m                           Learning iteration 449/500                           [0m 

                            Total steps: 22118400 
                       Steps per second: 40573 
                        Collection time: 1.158s 
                          Learning time: 0.054s 
                        Mean value loss: 0.0063
                    Mean surrogate loss: -0.0057
                      Mean entropy loss: 5.0461
                            Mean reward: 32.86
                    Mean episode length: 1000.00
                        Mean action std: 0.38
    Episode_Reward/track_lin_vel_xy_exp: 1.3927
     Episode_Reward/track_ang_vel_z_exp: 0.6268
            Episode_Reward/lin_vel_z_l2: -0.0354
           Episode_Reward/ang_vel_xy_l2: -0.0762
          Episode_Reward/dof_torques_l2: -0.0951
              Episode_Reward/dof_acc_l2: -0.0779
          Episode_Reward/action_rate_l2: -0.0753
           Episode_Reward/feet_air_time: -0.0074
     Episode_Reward/flat_orientation_l2: -0.0111
          Episode_Reward/dof_pos_limits: 0.0000
                   Metrics/success_rate: 1.0000
     Metrics/base_velocity/error_vel_xy: 0.1177
    Metrics/base_velocity/error_vel_yaw: 0.1862
           Episode_Termination/time_out: 0.9966
       Episode_Termination/base_contact: 0.0034
--------------------------------------------------------------------------------
                         Iteration time: 1.21s
                           Time elapsed: 00:09:58
                                    ETA: 00:01:06

################################################################################
[1m                           Learning iteration 450/500                           [0m 

                            Total steps: 22167552 
                       Steps per second: 38760 
                        Collection time: 1.217s 
                          Learning time: 0.051s 
                        Mean value loss: 0.0046
                    Mean surrogate loss: -0.0064
                      Mean entropy loss: 5.0570
                            Mean reward: 32.96
                    Mean episode length: 1000.00
                        Mean action std: 0.38
    Episode_Reward/track_lin_vel_xy_exp: 1.3961
     Episode_Reward/track_ang_vel_z_exp: 0.6294
            Episode_Reward/lin_vel_z_l2: -0.0367
           Episode_Reward/ang_vel_xy_l2: -0.0733
          Episode_Reward/dof_torques_l2: -0.0913
              Episode_Reward/dof_acc_l2: -0.0746
          Episode_Reward/action_rate_l2: -0.0756
           Episode_Reward/feet_air_time: -0.0072
     Episode_Reward/flat_orientation_l2: -0.0103
          Episode_Reward/dof_pos_limits: 0.0000
                   Metrics/success_rate: 1.0000
     Metrics/base_velocity/error_vel_xy: 0.1164
    Metrics/base_velocity/error_vel_yaw: 0.1835
           Episode_Termination/time_out: 0.9966
       Episode_Termination/base_contact: 0.0034
--------------------------------------------------------------------------------
                         Iteration time: 1.27s
                           Time elapsed: 00:10:00
                                    ETA: 00:01:05

################################################################################
[1m                           Learning iteration 451/500                           [0m 

                            Total steps: 22216704 
                       Steps per second: 36840 
                        Collection time: 1.281s 
                          Learning time: 0.053s 
                        Mean value loss: 0.0035
                    Mean surrogate loss: -0.0060
                      Mean entropy loss: 5.0622
                            Mean reward: 32.99
                    Mean episode length: 1000.00
                        Mean action std: 0.38
    Episode_Reward/track_lin_vel_xy_exp: 1.3936
     Episode_Reward/track_ang_vel_z_exp: 0.6268
            Episode_Reward/lin_vel_z_l2: -0.0369
           Episode_Reward/ang_vel_xy_l2: -0.0768
          Episode_Reward/dof_torques_l2: -0.0928
              Episode_Reward/dof_acc_l2: -0.0781
          Episode_Reward/action_rate_l2: -0.0761
           Episode_Reward/feet_air_time: -0.0075
     Episode_Reward/flat_orientation_l2: -0.0096
          Episode_Reward/dof_pos_limits: 0.0000
                   Metrics/success_rate: 1.0000
     Metrics/base_velocity/error_vel_xy: 0.1175
    Metrics/base_velocity/error_vel_yaw: 0.1863
           Episode_Termination/time_out: 0.9966
       Episode_Termination/base_contact: 0.0034
--------------------------------------------------------------------------------
                         Iteration time: 1.33s
                           Time elapsed: 00:10:01
                                    ETA: 00:01:03

################################################################################
[1m                           Learning iteration 452/500                           [0m 

                            Total steps: 22265856 
                       Steps per second: 42654 
                        Collection time: 1.100s 
                          Learning time: 0.053s 
                        Mean value loss: 0.0044
                    Mean surrogate loss: -0.0064
                      Mean entropy loss: 5.0455
                            Mean reward: 32.82
                    Mean episode length: 990.62
                        Mean action std: 0.38
    Episode_Reward/track_lin_vel_xy_exp: 1.3675
     Episode_Reward/track_ang_vel_z_exp: 0.6162
            Episode_Reward/lin_vel_z_l2: -0.0347
           Episode_Reward/ang_vel_xy_l2: -0.0741
          Episode_Reward/dof_torques_l2: -0.0911
              Episode_Reward/dof_acc_l2: -0.0728
          Episode_Reward/action_rate_l2: -0.0732
           Episode_Reward/feet_air_time: -0.0073
     Episode_Reward/flat_orientation_l2: -0.0110
          Episode_Reward/dof_pos_limits: 0.0000
                   Metrics/success_rate: 0.9792
     Metrics/base_velocity/error_vel_xy: 0.1314
    Metrics/base_velocity/error_vel_yaw: 0.1980
           Episode_Termination/time_out: 0.9964
       Episode_Termination/base_contact: 0.0036
--------------------------------------------------------------------------------
                         Iteration time: 1.15s
                           Time elapsed: 00:10:02
                                    ETA: 00:01:02

################################################################################
[1m                           Learning iteration 453/500                           [0m 

                            Total steps: 22315008 
                       Steps per second: 40328 
                        Collection time: 1.154s 
                          Learning time: 0.065s 
                        Mean value loss: 0.0037
                    Mean surrogate loss: -0.0066
                      Mean entropy loss: 5.0536
                            Mean reward: 32.74
                    Mean episode length: 990.62
                        Mean action std: 0.38
    Episode_Reward/track_lin_vel_xy_exp: 1.3920
     Episode_Reward/track_ang_vel_z_exp: 0.6279
            Episode_Reward/lin_vel_z_l2: -0.0354
           Episode_Reward/ang_vel_xy_l2: -0.0758
          Episode_Reward/dof_torques_l2: -0.0905
              Episode_Reward/dof_acc_l2: -0.0763
          Episode_Reward/action_rate_l2: -0.0749
           Episode_Reward/feet_air_time: -0.0077
     Episode_Reward/flat_orientation_l2: -0.0085
          Episode_Reward/dof_pos_limits: 0.0000
                   Metrics/success_rate: 1.0000
     Metrics/base_velocity/error_vel_xy: 0.1192
    Metrics/base_velocity/error_vel_yaw: 0.1858
           Episode_Termination/time_out: 0.9961
       Episode_Termination/base_contact: 0.0039
--------------------------------------------------------------------------------
                         Iteration time: 1.22s
                           Time elapsed: 00:10:03
                                    ETA: 00:01:01

################################################################################
[1m                           Learning iteration 454/500                           [0m 

                            Total steps: 22364160 
                       Steps per second: 41743 
                        Collection time: 1.120s 
                          Learning time: 0.057s 
                        Mean value loss: 0.0033
                    Mean surrogate loss: -0.0063
                      Mean entropy loss: 5.0591
                            Mean reward: 32.64
                    Mean episode length: 990.62
                        Mean action std: 0.38
    Episode_Reward/track_lin_vel_xy_exp: 1.3892
     Episode_Reward/track_ang_vel_z_exp: 0.6259
            Episode_Reward/lin_vel_z_l2: -0.0358
           Episode_Reward/ang_vel_xy_l2: -0.0750
          Episode_Reward/dof_torques_l2: -0.0946
              Episode_Reward/dof_acc_l2: -0.0775
          Episode_Reward/action_rate_l2: -0.0762
           Episode_Reward/feet_air_time: -0.0074
     Episode_Reward/flat_orientation_l2: -0.0098
          Episode_Reward/dof_pos_limits: 0.0000
                   Metrics/success_rate: 1.0000
     Metrics/base_velocity/error_vel_xy: 0.1202
    Metrics/base_velocity/error_vel_yaw: 0.1870
           Episode_Termination/time_out: 0.9961
       Episode_Termination/base_contact: 0.0039
--------------------------------------------------------------------------------
                         Iteration time: 1.18s
                           Time elapsed: 00:10:04
                                    ETA: 00:00:59

################################################################################
[1m                           Learning iteration 455/500                           [0m 

                            Total steps: 22413312 
                       Steps per second: 40973 
                        Collection time: 1.145s 
                          Learning time: 0.055s 
                        Mean value loss: 0.0038
                    Mean surrogate loss: -0.0069
                      Mean entropy loss: 5.0439
                            Mean reward: 33.17
                    Mean episode length: 1000.00
                        Mean action std: 0.38
    Episode_Reward/track_lin_vel_xy_exp: 1.3893
     Episode_Reward/track_ang_vel_z_exp: 0.6278
            Episode_Reward/lin_vel_z_l2: -0.0381
           Episode_Reward/ang_vel_xy_l2: -0.0767
          Episode_Reward/dof_torques_l2: -0.0884
              Episode_Reward/dof_acc_l2: -0.0812
          Episode_Reward/action_rate_l2: -0.0768
           Episode_Reward/feet_air_time: -0.0081
     Episode_Reward/flat_orientation_l2: -0.0089
          Episode_Reward/dof_pos_limits: 0.0000
                   Metrics/success_rate: 1.0000
     Metrics/base_velocity/error_vel_xy: 0.1215
    Metrics/base_velocity/error_vel_yaw: 0.1852
           Episode_Termination/time_out: 0.9961
       Episode_Termination/base_contact: 0.0039
--------------------------------------------------------------------------------
                         Iteration time: 1.20s
                           Time elapsed: 00:10:06
                                    ETA: 00:00:58

################################################################################
[1m                           Learning iteration 456/500                           [0m 

                            Total steps: 22462464 
                       Steps per second: 39729 
                        Collection time: 1.175s 
                          Learning time: 0.062s 
                        Mean value loss: 0.0038
                    Mean surrogate loss: -0.0061
                      Mean entropy loss: 5.0322
                            Mean reward: 32.63
                    Mean episode length: 990.89
                        Mean action std: 0.38
    Episode_Reward/track_lin_vel_xy_exp: 1.3774
     Episode_Reward/track_ang_vel_z_exp: 0.6217
            Episode_Reward/lin_vel_z_l2: -0.0377
           Episode_Reward/ang_vel_xy_l2: -0.0755
          Episode_Reward/dof_torques_l2: -0.0913
              Episode_Reward/dof_acc_l2: -0.0779
          Episode_Reward/action_rate_l2: -0.0759
           Episode_Reward/feet_air_time: -0.0078
     Episode_Reward/flat_orientation_l2: -0.0096
          Episode_Reward/dof_pos_limits: 0.0000
                   Metrics/success_rate: 0.9896
     Metrics/base_velocity/error_vel_xy: 0.1278
    Metrics/base_velocity/error_vel_yaw: 0.1895
           Episode_Termination/time_out: 0.9958
       Episode_Termination/base_contact: 0.0042
--------------------------------------------------------------------------------
                         Iteration time: 1.24s
                           Time elapsed: 00:10:07
                                    ETA: 00:00:57

################################################################################
[1m                           Learning iteration 457/500                           [0m 

                            Total steps: 22511616 
                       Steps per second: 40168 
                        Collection time: 1.170s 
                          Learning time: 0.053s 
                        Mean value loss: 0.0029
                    Mean surrogate loss: -0.0074
                      Mean entropy loss: 5.0072
                            Mean reward: 32.62
                    Mean episode length: 990.89
                        Mean action std: 0.38
    Episode_Reward/track_lin_vel_xy_exp: 1.3932
     Episode_Reward/track_ang_vel_z_exp: 0.6253
            Episode_Reward/lin_vel_z_l2: -0.0388
           Episode_Reward/ang_vel_xy_l2: -0.0784
          Episode_Reward/dof_torques_l2: -0.0901
              Episode_Reward/dof_acc_l2: -0.0819
          Episode_Reward/action_rate_l2: -0.0762
           Episode_Reward/feet_air_time: -0.0081
     Episode_Reward/flat_orientation_l2: -0.0089
          Episode_Reward/dof_pos_limits: 0.0000
                   Metrics/success_rate: 1.0000
     Metrics/base_velocity/error_vel_xy: 0.1178
    Metrics/base_velocity/error_vel_yaw: 0.1878
           Episode_Termination/time_out: 0.9956
       Episode_Termination/base_contact: 0.0044
--------------------------------------------------------------------------------
                         Iteration time: 1.22s
                           Time elapsed: 00:10:08
                                    ETA: 00:00:55

################################################################################
[1m                           Learning iteration 458/500                           [0m 

                            Total steps: 22560768 
                       Steps per second: 40707 
                        Collection time: 1.153s 
                          Learning time: 0.054s 
                        Mean value loss: 0.0025
                    Mean surrogate loss: -0.0066
                      Mean entropy loss: 4.9701
                            Mean reward: 33.17
                    Mean episode length: 1000.00
                        Mean action std: 0.38
    Episode_Reward/track_lin_vel_xy_exp: 1.3940
     Episode_Reward/track_ang_vel_z_exp: 0.6294
            Episode_Reward/lin_vel_z_l2: -0.0357
           Episode_Reward/ang_vel_xy_l2: -0.0749
          Episode_Reward/dof_torques_l2: -0.0908
              Episode_Reward/dof_acc_l2: -0.0749
          Episode_Reward/action_rate_l2: -0.0744
           Episode_Reward/feet_air_time: -0.0073
     Episode_Reward/flat_orientation_l2: -0.0085
          Episode_Reward/dof_pos_limits: 0.0000
                   Metrics/success_rate: 1.0000
     Metrics/base_velocity/error_vel_xy: 0.1170
    Metrics/base_velocity/error_vel_yaw: 0.1844
           Episode_Termination/time_out: 0.9956
       Episode_Termination/base_contact: 0.0044
--------------------------------------------------------------------------------
                         Iteration time: 1.21s
                           Time elapsed: 00:10:09
                                    ETA: 00:00:54

################################################################################
[1m                           Learning iteration 459/500                           [0m 

                            Total steps: 22609920 
                       Steps per second: 39186 
                        Collection time: 1.201s 
                          Learning time: 0.053s 
                        Mean value loss: 0.0026
                    Mean surrogate loss: -0.0060
                      Mean entropy loss: 4.9439
                            Mean reward: 33.12
                    Mean episode length: 1000.00
                        Mean action std: 0.38
    Episode_Reward/track_lin_vel_xy_exp: 1.4001
     Episode_Reward/track_ang_vel_z_exp: 0.6300
            Episode_Reward/lin_vel_z_l2: -0.0343
           Episode_Reward/ang_vel_xy_l2: -0.0732
          Episode_Reward/dof_torques_l2: -0.0889
              Episode_Reward/dof_acc_l2: -0.0735
          Episode_Reward/action_rate_l2: -0.0728
           Episode_Reward/feet_air_time: -0.0069
     Episode_Reward/flat_orientation_l2: -0.0094
          Episode_Reward/dof_pos_limits: 0.0000
                   Metrics/success_rate: 1.0000
     Metrics/base_velocity/error_vel_xy: 0.1125
    Metrics/base_velocity/error_vel_yaw: 0.1829
           Episode_Termination/time_out: 0.9956
       Episode_Termination/base_contact: 0.0044
--------------------------------------------------------------------------------
                         Iteration time: 1.25s
                           Time elapsed: 00:10:11
                                    ETA: 00:00:53

################################################################################
[1m                           Learning iteration 460/500                           [0m 

                            Total steps: 22659072 
                       Steps per second: 37384 
                        Collection time: 1.261s 
                          Learning time: 0.054s 
                        Mean value loss: 0.0036
                    Mean surrogate loss: -0.0070
                      Mean entropy loss: 4.9226
                            Mean reward: 32.89
                    Mean episode length: 1000.00
                        Mean action std: 0.37
    Episode_Reward/track_lin_vel_xy_exp: 1.3852
     Episode_Reward/track_ang_vel_z_exp: 0.6273
            Episode_Reward/lin_vel_z_l2: -0.0389
           Episode_Reward/ang_vel_xy_l2: -0.0746
          Episode_Reward/dof_torques_l2: -0.0934
              Episode_Reward/dof_acc_l2: -0.0814
          Episode_Reward/action_rate_l2: -0.0783
           Episode_Reward/feet_air_time: -0.0076
     Episode_Reward/flat_orientation_l2: -0.0096
          Episode_Reward/dof_pos_limits: 0.0000
                   Metrics/success_rate: 1.0000
     Metrics/base_velocity/error_vel_xy: 0.1229
    Metrics/base_velocity/error_vel_yaw: 0.1860
           Episode_Termination/time_out: 0.9956
       Episode_Termination/base_contact: 0.0044
--------------------------------------------------------------------------------
                         Iteration time: 1.31s
                           Time elapsed: 00:10:12
                                    ETA: 00:00:51

################################################################################
[1m                           Learning iteration 461/500                           [0m 

                            Total steps: 22708224 
                       Steps per second: 38554 
                        Collection time: 1.220s 
                          Learning time: 0.055s 
                        Mean value loss: 0.0045
                    Mean surrogate loss: -0.0071
                      Mean entropy loss: 4.9156
                            Mean reward: 33.14
                    Mean episode length: 1000.00
                        Mean action std: 0.37
    Episode_Reward/track_lin_vel_xy_exp: 1.3978
     Episode_Reward/track_ang_vel_z_exp: 0.6281
            Episode_Reward/lin_vel_z_l2: -0.0341
           Episode_Reward/ang_vel_xy_l2: -0.0741
          Episode_Reward/dof_torques_l2: -0.0896
              Episode_Reward/dof_acc_l2: -0.0704
          Episode_Reward/action_rate_l2: -0.0722
           Episode_Reward/feet_air_time: -0.0068
     Episode_Reward/flat_orientation_l2: -0.0087
          Episode_Reward/dof_pos_limits: 0.0000
                   Metrics/success_rate: 1.0000
     Metrics/base_velocity/error_vel_xy: 0.1143
    Metrics/base_velocity/error_vel_yaw: 0.1852
           Episode_Termination/time_out: 0.9956
       Episode_Termination/base_contact: 0.0044
--------------------------------------------------------------------------------
                         Iteration time: 1.27s
                           Time elapsed: 00:10:13
                                    ETA: 00:00:50

################################################################################
[1m                           Learning iteration 462/500                           [0m 

                            Total steps: 22757376 
                       Steps per second: 37811 
                        Collection time: 1.246s 
                          Learning time: 0.054s 
                        Mean value loss: 0.0052
                    Mean surrogate loss: -0.0068
                      Mean entropy loss: 4.9266
                            Mean reward: 33.25
                    Mean episode length: 1000.00
                        Mean action std: 0.38
    Episode_Reward/track_lin_vel_xy_exp: 1.3980
     Episode_Reward/track_ang_vel_z_exp: 0.6281
            Episode_Reward/lin_vel_z_l2: -0.0342
           Episode_Reward/ang_vel_xy_l2: -0.0748
          Episode_Reward/dof_torques_l2: -0.0888
              Episode_Reward/dof_acc_l2: -0.0732
          Episode_Reward/action_rate_l2: -0.0732
           Episode_Reward/feet_air_time: -0.0075
     Episode_Reward/flat_orientation_l2: -0.0085
          Episode_Reward/dof_pos_limits: 0.0000
                   Metrics/success_rate: 1.0000
     Metrics/base_velocity/error_vel_xy: 0.1146
    Metrics/base_velocity/error_vel_yaw: 0.1854
           Episode_Termination/time_out: 0.9956
       Episode_Termination/base_contact: 0.0044
--------------------------------------------------------------------------------
                         Iteration time: 1.30s
                           Time elapsed: 00:10:14
                                    ETA: 00:00:49

################################################################################
[1m                           Learning iteration 463/500                           [0m 

                            Total steps: 22806528 
                       Steps per second: 40629 
                        Collection time: 1.159s 
                          Learning time: 0.051s 
                        Mean value loss: 0.0045
                    Mean surrogate loss: -0.0070
                      Mean entropy loss: 4.9446
                            Mean reward: 33.14
                    Mean episode length: 1000.00
                        Mean action std: 0.38
    Episode_Reward/track_lin_vel_xy_exp: 1.3928
     Episode_Reward/track_ang_vel_z_exp: 0.6277
            Episode_Reward/lin_vel_z_l2: -0.0358
           Episode_Reward/ang_vel_xy_l2: -0.0749
          Episode_Reward/dof_torques_l2: -0.0906
              Episode_Reward/dof_acc_l2: -0.0737
          Episode_Reward/action_rate_l2: -0.0731
           Episode_Reward/feet_air_time: -0.0072
     Episode_Reward/flat_orientation_l2: -0.0087
          Episode_Reward/dof_pos_limits: 0.0000
                   Metrics/success_rate: 1.0000
     Metrics/base_velocity/error_vel_xy: 0.1176
    Metrics/base_velocity/error_vel_yaw: 0.1856
           Episode_Termination/time_out: 0.9956
       Episode_Termination/base_contact: 0.0044
--------------------------------------------------------------------------------
                         Iteration time: 1.21s
                           Time elapsed: 00:10:16
                                    ETA: 00:00:47

################################################################################
[1m                           Learning iteration 464/500                           [0m 

                            Total steps: 22855680 
                       Steps per second: 40451 
                        Collection time: 1.161s 
                          Learning time: 0.054s 
                        Mean value loss: 0.0045
                    Mean surrogate loss: -0.0070
                      Mean entropy loss: 4.9534
                            Mean reward: 33.32
                    Mean episode length: 1000.00
                        Mean action std: 0.38
    Episode_Reward/track_lin_vel_xy_exp: 1.3985
     Episode_Reward/track_ang_vel_z_exp: 0.6278
            Episode_Reward/lin_vel_z_l2: -0.0333
           Episode_Reward/ang_vel_xy_l2: -0.0753
          Episode_Reward/dof_torques_l2: -0.0922
              Episode_Reward/dof_acc_l2: -0.0709
          Episode_Reward/action_rate_l2: -0.0719
           Episode_Reward/feet_air_time: -0.0073
     Episode_Reward/flat_orientation_l2: -0.0092
          Episode_Reward/dof_pos_limits: 0.0000
                   Metrics/success_rate: 1.0000
     Metrics/base_velocity/error_vel_xy: 0.1144
    Metrics/base_velocity/error_vel_yaw: 0.1854
           Episode_Termination/time_out: 0.9956
       Episode_Termination/base_contact: 0.0044
--------------------------------------------------------------------------------
                         Iteration time: 1.22s
                           Time elapsed: 00:10:17
                                    ETA: 00:00:46

################################################################################
[1m                           Learning iteration 465/500                           [0m 

                            Total steps: 22904832 
                       Steps per second: 39842 
                        Collection time: 1.181s 
                          Learning time: 0.053s 
                        Mean value loss: 0.0043
                    Mean surrogate loss: -0.0065
                      Mean entropy loss: 4.9467
                            Mean reward: 33.16
                    Mean episode length: 1000.00
                        Mean action std: 0.38
    Episode_Reward/track_lin_vel_xy_exp: 1.3922
     Episode_Reward/track_ang_vel_z_exp: 0.6289
            Episode_Reward/lin_vel_z_l2: -0.0356
           Episode_Reward/ang_vel_xy_l2: -0.0738
          Episode_Reward/dof_torques_l2: -0.0943
              Episode_Reward/dof_acc_l2: -0.0725
          Episode_Reward/action_rate_l2: -0.0735
           Episode_Reward/feet_air_time: -0.0069
     Episode_Reward/flat_orientation_l2: -0.0092
          Episode_Reward/dof_pos_limits: 0.0000
                   Metrics/success_rate: 1.0000
     Metrics/base_velocity/error_vel_xy: 0.1170
    Metrics/base_velocity/error_vel_yaw: 0.1849
           Episode_Termination/time_out: 0.9956
       Episode_Termination/base_contact: 0.0044
--------------------------------------------------------------------------------
                         Iteration time: 1.23s
                           Time elapsed: 00:10:18
                                    ETA: 00:00:45

################################################################################
[1m                           Learning iteration 466/500                           [0m 

                            Total steps: 22953984 
                       Steps per second: 37210 
                        Collection time: 1.261s 
                          Learning time: 0.060s 
                        Mean value loss: 0.0046
                    Mean surrogate loss: -0.0069
                      Mean entropy loss: 4.9400
                            Mean reward: 33.32
                    Mean episode length: 1000.00
                        Mean action std: 0.38
    Episode_Reward/track_lin_vel_xy_exp: 1.4007
     Episode_Reward/track_ang_vel_z_exp: 0.6305
            Episode_Reward/lin_vel_z_l2: -0.0346
           Episode_Reward/ang_vel_xy_l2: -0.0733
          Episode_Reward/dof_torques_l2: -0.0911
              Episode_Reward/dof_acc_l2: -0.0746
          Episode_Reward/action_rate_l2: -0.0742
           Episode_Reward/feet_air_time: -0.0071
     Episode_Reward/flat_orientation_l2: -0.0090
          Episode_Reward/dof_pos_limits: 0.0000
                   Metrics/success_rate: 1.0000
     Metrics/base_velocity/error_vel_xy: 0.1128
    Metrics/base_velocity/error_vel_yaw: 0.1829
           Episode_Termination/time_out: 0.9956
       Episode_Termination/base_contact: 0.0044
--------------------------------------------------------------------------------
                         Iteration time: 1.32s
                           Time elapsed: 00:10:19
                                    ETA: 00:00:43

################################################################################
[1m                           Learning iteration 467/500                           [0m 

                            Total steps: 23003136 
                       Steps per second: 40397 
                        Collection time: 1.164s 
                          Learning time: 0.052s 
                        Mean value loss: 0.0036
                    Mean surrogate loss: -0.0072
                      Mean entropy loss: 4.9402
                            Mean reward: 33.18
                    Mean episode length: 1000.00
                        Mean action std: 0.38
    Episode_Reward/track_lin_vel_xy_exp: 1.3940
     Episode_Reward/track_ang_vel_z_exp: 0.6278
            Episode_Reward/lin_vel_z_l2: -0.0342
           Episode_Reward/ang_vel_xy_l2: -0.0732
          Episode_Reward/dof_torques_l2: -0.0930
              Episode_Reward/dof_acc_l2: -0.0720
          Episode_Reward/action_rate_l2: -0.0738
           Episode_Reward/feet_air_time: -0.0068
     Episode_Reward/flat_orientation_l2: -0.0097
          Episode_Reward/dof_pos_limits: 0.0000
                   Metrics/success_rate: 1.0000
     Metrics/base_velocity/error_vel_xy: 0.1166
    Metrics/base_velocity/error_vel_yaw: 0.1852
           Episode_Termination/time_out: 0.9966
       Episode_Termination/base_contact: 0.0034
--------------------------------------------------------------------------------
                         Iteration time: 1.22s
                           Time elapsed: 00:10:21
                                    ETA: 00:00:42

################################################################################
[1m                           Learning iteration 468/500                           [0m 

                            Total steps: 23052288 
                       Steps per second: 39077 
                        Collection time: 1.200s 
                          Learning time: 0.058s 
                        Mean value loss: 0.0047
                    Mean surrogate loss: -0.0036
                      Mean entropy loss: 4.9469
                            Mean reward: 33.18
                    Mean episode length: 1000.00
                        Mean action std: 0.38
    Episode_Reward/track_lin_vel_xy_exp: 1.3959
     Episode_Reward/track_ang_vel_z_exp: 0.6293
            Episode_Reward/lin_vel_z_l2: -0.0357
           Episode_Reward/ang_vel_xy_l2: -0.0727
          Episode_Reward/dof_torques_l2: -0.0917
              Episode_Reward/dof_acc_l2: -0.0746
          Episode_Reward/action_rate_l2: -0.0745
           Episode_Reward/feet_air_time: -0.0071
     Episode_Reward/flat_orientation_l2: -0.0096
          Episode_Reward/dof_pos_limits: 0.0000
                   Metrics/success_rate: 1.0000
     Metrics/base_velocity/error_vel_xy: 0.1159
    Metrics/base_velocity/error_vel_yaw: 0.1838
           Episode_Termination/time_out: 0.9971
       Episode_Termination/base_contact: 0.0029
--------------------------------------------------------------------------------
                         Iteration time: 1.26s
                           Time elapsed: 00:10:22
                                    ETA: 00:00:41

################################################################################
[1m                           Learning iteration 469/500                           [0m 

                            Total steps: 23101440 
                       Steps per second: 40584 
                        Collection time: 1.157s 
                          Learning time: 0.054s 
                        Mean value loss: 0.0041
                    Mean surrogate loss: -0.0065
                      Mean entropy loss: 4.9456
                            Mean reward: 32.96
                    Mean episode length: 991.17
                        Mean action std: 0.38
    Episode_Reward/track_lin_vel_xy_exp: 1.3821
     Episode_Reward/track_ang_vel_z_exp: 0.6252
            Episode_Reward/lin_vel_z_l2: -0.0343
           Episode_Reward/ang_vel_xy_l2: -0.0710
          Episode_Reward/dof_torques_l2: -0.0892
              Episode_Reward/dof_acc_l2: -0.0711
          Episode_Reward/action_rate_l2: -0.0723
           Episode_Reward/feet_air_time: -0.0068
     Episode_Reward/flat_orientation_l2: -0.0093
          Episode_Reward/dof_pos_limits: 0.0000
                   Metrics/success_rate: 0.9896
     Metrics/base_velocity/error_vel_xy: 0.1227
    Metrics/base_velocity/error_vel_yaw: 0.1933
           Episode_Termination/time_out: 0.9970
       Episode_Termination/base_contact: 0.0030
--------------------------------------------------------------------------------
                         Iteration time: 1.21s
                           Time elapsed: 00:10:23
                                    ETA: 00:00:39

################################################################################
[1m                           Learning iteration 470/500                           [0m 

                            Total steps: 23150592 
                       Steps per second: 38778 
                        Collection time: 1.215s 
                          Learning time: 0.053s 
                        Mean value loss: 0.0033
                    Mean surrogate loss: -0.0073
                      Mean entropy loss: 4.9514
                            Mean reward: 33.37
                    Mean episode length: 1000.00
                        Mean action std: 0.38
    Episode_Reward/track_lin_vel_xy_exp: 1.4002
     Episode_Reward/track_ang_vel_z_exp: 0.6300
            Episode_Reward/lin_vel_z_l2: -0.0349
           Episode_Reward/ang_vel_xy_l2: -0.0740
          Episode_Reward/dof_torques_l2: -0.0886
              Episode_Reward/dof_acc_l2: -0.0752
          Episode_Reward/action_rate_l2: -0.0729
           Episode_Reward/feet_air_time: -0.0076
     Episode_Reward/flat_orientation_l2: -0.0084
          Episode_Reward/dof_pos_limits: 0.0000
                   Metrics/success_rate: 1.0000
     Metrics/base_velocity/error_vel_xy: 0.1133
    Metrics/base_velocity/error_vel_yaw: 0.1833
           Episode_Termination/time_out: 0.9971
       Episode_Termination/base_contact: 0.0029
--------------------------------------------------------------------------------
                         Iteration time: 1.27s
                           Time elapsed: 00:10:24
                                    ETA: 00:00:38

################################################################################
[1m                           Learning iteration 471/500                           [0m 

                            Total steps: 23199744 
                       Steps per second: 40208 
                        Collection time: 1.169s 
                          Learning time: 0.053s 
                        Mean value loss: 0.0034
                    Mean surrogate loss: -0.0067
                      Mean entropy loss: 4.9392
                            Mean reward: 33.21
                    Mean episode length: 1000.00
                        Mean action std: 0.38
    Episode_Reward/track_lin_vel_xy_exp: 1.3986
     Episode_Reward/track_ang_vel_z_exp: 0.6266
            Episode_Reward/lin_vel_z_l2: -0.0356
           Episode_Reward/ang_vel_xy_l2: -0.0723
          Episode_Reward/dof_torques_l2: -0.0904
              Episode_Reward/dof_acc_l2: -0.0786
          Episode_Reward/action_rate_l2: -0.0750
           Episode_Reward/feet_air_time: -0.0076
     Episode_Reward/flat_orientation_l2: -0.0086
          Episode_Reward/dof_pos_limits: 0.0000
                   Metrics/success_rate: 1.0000
     Metrics/base_velocity/error_vel_xy: 0.1140
    Metrics/base_velocity/error_vel_yaw: 0.1864
           Episode_Termination/time_out: 0.9971
       Episode_Termination/base_contact: 0.0029
--------------------------------------------------------------------------------
                         Iteration time: 1.22s
                           Time elapsed: 00:10:26
                                    ETA: 00:00:37

################################################################################
[1m                           Learning iteration 472/500                           [0m 

                            Total steps: 23248896 
                       Steps per second: 40761 
                        Collection time: 1.152s 
                          Learning time: 0.054s 
                        Mean value loss: 0.0035
                    Mean surrogate loss: -0.0054
                      Mean entropy loss: 4.9512
                            Mean reward: 33.29
                    Mean episode length: 1000.00
                        Mean action std: 0.38
    Episode_Reward/track_lin_vel_xy_exp: 1.4016
     Episode_Reward/track_ang_vel_z_exp: 0.6319
            Episode_Reward/lin_vel_z_l2: -0.0333
           Episode_Reward/ang_vel_xy_l2: -0.0726
          Episode_Reward/dof_torques_l2: -0.0858
              Episode_Reward/dof_acc_l2: -0.0705
          Episode_Reward/action_rate_l2: -0.0698
           Episode_Reward/feet_air_time: -0.0071
     Episode_Reward/flat_orientation_l2: -0.0085
          Episode_Reward/dof_pos_limits: 0.0000
                   Metrics/success_rate: 1.0000
     Metrics/base_velocity/error_vel_xy: 0.1120
    Metrics/base_velocity/error_vel_yaw: 0.1810
           Episode_Termination/time_out: 0.9971
       Episode_Termination/base_contact: 0.0029
--------------------------------------------------------------------------------
                         Iteration time: 1.21s
                           Time elapsed: 00:10:27
                                    ETA: 00:00:35

################################################################################
[1m                           Learning iteration 473/500                           [0m 

                            Total steps: 23298048 
                       Steps per second: 40973 
                        Collection time: 1.149s 
                          Learning time: 0.051s 
                        Mean value loss: 0.0037
                    Mean surrogate loss: -0.0065
                      Mean entropy loss: 4.9527
                            Mean reward: 33.28
                    Mean episode length: 1000.00
                        Mean action std: 0.38
    Episode_Reward/track_lin_vel_xy_exp: 1.4073
     Episode_Reward/track_ang_vel_z_exp: 0.6286
            Episode_Reward/lin_vel_z_l2: -0.0340
           Episode_Reward/ang_vel_xy_l2: -0.0723
          Episode_Reward/dof_torques_l2: -0.0899
              Episode_Reward/dof_acc_l2: -0.0706
          Episode_Reward/action_rate_l2: -0.0717
           Episode_Reward/feet_air_time: -0.0067
     Episode_Reward/flat_orientation_l2: -0.0083
          Episode_Reward/dof_pos_limits: 0.0000
                   Metrics/success_rate: 1.0000
     Metrics/base_velocity/error_vel_xy: 0.1087
    Metrics/base_velocity/error_vel_yaw: 0.1841
           Episode_Termination/time_out: 0.9975
       Episode_Termination/base_contact: 0.0025
--------------------------------------------------------------------------------
                         Iteration time: 1.20s
                           Time elapsed: 00:10:28
                                    ETA: 00:00:34

################################################################################
[1m                           Learning iteration 474/500                           [0m 

                            Total steps: 23347200 
                       Steps per second: 39940 
                        Collection time: 1.179s 
                          Learning time: 0.051s 
                        Mean value loss: 0.0025
                    Mean surrogate loss: -0.0061
                      Mean entropy loss: 4.9509
                            Mean reward: 33.32
                    Mean episode length: 1000.00
                        Mean action std: 0.38
    Episode_Reward/track_lin_vel_xy_exp: 1.3941
     Episode_Reward/track_ang_vel_z_exp: 0.6278
            Episode_Reward/lin_vel_z_l2: -0.0371
           Episode_Reward/ang_vel_xy_l2: -0.0746
          Episode_Reward/dof_torques_l2: -0.0911
              Episode_Reward/dof_acc_l2: -0.0774
          Episode_Reward/action_rate_l2: -0.0753
           Episode_Reward/feet_air_time: -0.0082
     Episode_Reward/flat_orientation_l2: -0.0095
          Episode_Reward/dof_pos_limits: 0.0000
                   Metrics/success_rate: 1.0000
     Metrics/base_velocity/error_vel_xy: 0.1180
    Metrics/base_velocity/error_vel_yaw: 0.1854
           Episode_Termination/time_out: 0.9976
       Episode_Termination/base_contact: 0.0024
--------------------------------------------------------------------------------
                         Iteration time: 1.23s
                           Time elapsed: 00:10:29
                                    ETA: 00:00:33

################################################################################
[1m                           Learning iteration 475/500                           [0m 

                            Total steps: 23396352 
                       Steps per second: 38628 
                        Collection time: 1.220s 
                          Learning time: 0.052s 
                        Mean value loss: 0.0027
                    Mean surrogate loss: -0.0054
                      Mean entropy loss: 4.9215
                            Mean reward: 33.34
                    Mean episode length: 1000.00
                        Mean action std: 0.37
    Episode_Reward/track_lin_vel_xy_exp: 1.3963
     Episode_Reward/track_ang_vel_z_exp: 0.6290
            Episode_Reward/lin_vel_z_l2: -0.0339
           Episode_Reward/ang_vel_xy_l2: -0.0744
          Episode_Reward/dof_torques_l2: -0.0887
              Episode_Reward/dof_acc_l2: -0.0747
          Episode_Reward/action_rate_l2: -0.0738
           Episode_Reward/feet_air_time: -0.0073
     Episode_Reward/flat_orientation_l2: -0.0082
          Episode_Reward/dof_pos_limits: 0.0000
                   Metrics/success_rate: 1.0000
     Metrics/base_velocity/error_vel_xy: 0.1168
    Metrics/base_velocity/error_vel_yaw: 0.1847
           Episode_Termination/time_out: 0.9976
       Episode_Termination/base_contact: 0.0024
--------------------------------------------------------------------------------
                         Iteration time: 1.27s
                           Time elapsed: 00:10:31
                                    ETA: 00:00:31

################################################################################
[1m                           Learning iteration 476/500                           [0m 

                            Total steps: 23445504 
                       Steps per second: 37265 
                        Collection time: 1.266s 
                          Learning time: 0.052s 
                        Mean value loss: 0.0035
                    Mean surrogate loss: -0.0066
                      Mean entropy loss: 4.9084
                            Mean reward: 33.44
                    Mean episode length: 1000.00
                        Mean action std: 0.37
    Episode_Reward/track_lin_vel_xy_exp: 1.4003
     Episode_Reward/track_ang_vel_z_exp: 0.6320
            Episode_Reward/lin_vel_z_l2: -0.0335
           Episode_Reward/ang_vel_xy_l2: -0.0734
          Episode_Reward/dof_torques_l2: -0.0855
              Episode_Reward/dof_acc_l2: -0.0742
          Episode_Reward/action_rate_l2: -0.0734
           Episode_Reward/feet_air_time: -0.0075
     Episode_Reward/flat_orientation_l2: -0.0083
          Episode_Reward/dof_pos_limits: 0.0000
                   Metrics/success_rate: 1.0000
     Metrics/base_velocity/error_vel_xy: 0.1133
    Metrics/base_velocity/error_vel_yaw: 0.1810
           Episode_Termination/time_out: 0.9976
       Episode_Termination/base_contact: 0.0024
--------------------------------------------------------------------------------
                         Iteration time: 1.32s
                           Time elapsed: 00:10:32
                                    ETA: 00:00:30

################################################################################
[1m                           Learning iteration 477/500                           [0m 

                            Total steps: 23494656 
                       Steps per second: 38792 
                        Collection time: 1.214s 
                          Learning time: 0.053s 
                        Mean value loss: 0.0032
                    Mean surrogate loss: -0.0059
                      Mean entropy loss: 4.9203
                            Mean reward: 33.30
                    Mean episode length: 1000.00
                        Mean action std: 0.38
    Episode_Reward/track_lin_vel_xy_exp: 1.3913
     Episode_Reward/track_ang_vel_z_exp: 0.6275
            Episode_Reward/lin_vel_z_l2: -0.0356
           Episode_Reward/ang_vel_xy_l2: -0.0723
          Episode_Reward/dof_torques_l2: -0.0888
              Episode_Reward/dof_acc_l2: -0.0743
          Episode_Reward/action_rate_l2: -0.0745
           Episode_Reward/feet_air_time: -0.0069
     Episode_Reward/flat_orientation_l2: -0.0080
          Episode_Reward/dof_pos_limits: 0.0000
                   Metrics/success_rate: 1.0000
     Metrics/base_velocity/error_vel_xy: 0.1185
    Metrics/base_velocity/error_vel_yaw: 0.1860
           Episode_Termination/time_out: 0.9976
       Episode_Termination/base_contact: 0.0024
--------------------------------------------------------------------------------
                         Iteration time: 1.27s
                           Time elapsed: 00:10:33
                                    ETA: 00:00:29

################################################################################
[1m                           Learning iteration 478/500                           [0m 

                            Total steps: 23543808 
                       Steps per second: 38500 
                        Collection time: 1.225s 
                          Learning time: 0.052s 
                        Mean value loss: 0.0030
                    Mean surrogate loss: -0.0063
                      Mean entropy loss: 4.9177
                            Mean reward: 33.22
                    Mean episode length: 1000.00
                        Mean action std: 0.37
    Episode_Reward/track_lin_vel_xy_exp: 1.3990
     Episode_Reward/track_ang_vel_z_exp: 0.6299
            Episode_Reward/lin_vel_z_l2: -0.0338
           Episode_Reward/ang_vel_xy_l2: -0.0728
          Episode_Reward/dof_torques_l2: -0.0905
              Episode_Reward/dof_acc_l2: -0.0736
          Episode_Reward/action_rate_l2: -0.0731
           Episode_Reward/feet_air_time: -0.0071
     Episode_Reward/flat_orientation_l2: -0.0091
          Episode_Reward/dof_pos_limits: 0.0000
                   Metrics/success_rate: 1.0000
     Metrics/base_velocity/error_vel_xy: 0.1146
    Metrics/base_velocity/error_vel_yaw: 0.1834
           Episode_Termination/time_out: 0.9976
       Episode_Termination/base_contact: 0.0024
--------------------------------------------------------------------------------
                         Iteration time: 1.28s
                           Time elapsed: 00:10:34
                                    ETA: 00:00:27

################################################################################
[1m                           Learning iteration 479/500                           [0m 

                            Total steps: 23592960 
                       Steps per second: 36339 
                        Collection time: 1.298s 
                          Learning time: 0.055s 
                        Mean value loss: 0.0023
                    Mean surrogate loss: -0.0057
                      Mean entropy loss: 4.9064
                            Mean reward: 33.43
                    Mean episode length: 1000.00
                        Mean action std: 0.37
    Episode_Reward/track_lin_vel_xy_exp: 1.4083
     Episode_Reward/track_ang_vel_z_exp: 0.6313
            Episode_Reward/lin_vel_z_l2: -0.0315
           Episode_Reward/ang_vel_xy_l2: -0.0725
          Episode_Reward/dof_torques_l2: -0.0887
              Episode_Reward/dof_acc_l2: -0.0647
          Episode_Reward/action_rate_l2: -0.0679
           Episode_Reward/feet_air_time: -0.0071
     Episode_Reward/flat_orientation_l2: -0.0083
          Episode_Reward/dof_pos_limits: 0.0000
                   Metrics/success_rate: 1.0000
     Metrics/base_velocity/error_vel_xy: 0.1068
    Metrics/base_velocity/error_vel_yaw: 0.1815
           Episode_Termination/time_out: 0.9976
       Episode_Termination/base_contact: 0.0024
--------------------------------------------------------------------------------
                         Iteration time: 1.35s
                           Time elapsed: 00:10:36
                                    ETA: 00:00:26

################################################################################
[1m                           Learning iteration 480/500                           [0m 

                            Total steps: 23642112 
                       Steps per second: 37134 
                        Collection time: 1.252s 
                          Learning time: 0.072s 
                        Mean value loss: 0.0027
                    Mean surrogate loss: -0.0064
                      Mean entropy loss: 4.8820
                            Mean reward: 33.63
                    Mean episode length: 1000.00
                        Mean action std: 0.37
    Episode_Reward/track_lin_vel_xy_exp: 1.4083
     Episode_Reward/track_ang_vel_z_exp: 0.6309
            Episode_Reward/lin_vel_z_l2: -0.0317
           Episode_Reward/ang_vel_xy_l2: -0.0734
          Episode_Reward/dof_torques_l2: -0.0860
              Episode_Reward/dof_acc_l2: -0.0664
          Episode_Reward/action_rate_l2: -0.0696
           Episode_Reward/feet_air_time: -0.0063
     Episode_Reward/flat_orientation_l2: -0.0080
          Episode_Reward/dof_pos_limits: 0.0000
                   Metrics/success_rate: 1.0000
     Metrics/base_velocity/error_vel_xy: 0.1075
    Metrics/base_velocity/error_vel_yaw: 0.1820
           Episode_Termination/time_out: 0.9976
       Episode_Termination/base_contact: 0.0024
--------------------------------------------------------------------------------
                         Iteration time: 1.32s
                           Time elapsed: 00:10:37
                                    ETA: 00:00:25

################################################################################
[1m                           Learning iteration 481/500                           [0m 

                            Total steps: 23691264 
                       Steps per second: 39414 
                        Collection time: 1.193s 
                          Learning time: 0.054s 
                        Mean value loss: 0.0035
                    Mean surrogate loss: -0.0052
                      Mean entropy loss: 4.8813
                            Mean reward: 33.51
                    Mean episode length: 1000.00
                        Mean action std: 0.37
    Episode_Reward/track_lin_vel_xy_exp: 1.3932
     Episode_Reward/track_ang_vel_z_exp: 0.6276
            Episode_Reward/lin_vel_z_l2: -0.0374
           Episode_Reward/ang_vel_xy_l2: -0.0749
          Episode_Reward/dof_torques_l2: -0.0866
              Episode_Reward/dof_acc_l2: -0.0793
          Episode_Reward/action_rate_l2: -0.0749
           Episode_Reward/feet_air_time: -0.0077
     Episode_Reward/flat_orientation_l2: -0.0089
          Episode_Reward/dof_pos_limits: 0.0000
                   Metrics/success_rate: 1.0000
     Metrics/base_velocity/error_vel_xy: 0.1174
    Metrics/base_velocity/error_vel_yaw: 0.1861
           Episode_Termination/time_out: 0.9980
       Episode_Termination/base_contact: 0.0020
--------------------------------------------------------------------------------
                         Iteration time: 1.25s
                           Time elapsed: 00:10:38
                                    ETA: 00:00:23

################################################################################
[1m                           Learning iteration 482/500                           [0m 

                            Total steps: 23740416 
                       Steps per second: 39525 
                        Collection time: 1.187s 
                          Learning time: 0.056s 
                        Mean value loss: 0.0042
                    Mean surrogate loss: -0.0050
                      Mean entropy loss: 4.8817
                            Mean reward: 33.28
                    Mean episode length: 1000.00
                        Mean action std: 0.37
    Episode_Reward/track_lin_vel_xy_exp: 1.4027
     Episode_Reward/track_ang_vel_z_exp: 0.6284
            Episode_Reward/lin_vel_z_l2: -0.0335
           Episode_Reward/ang_vel_xy_l2: -0.0709
          Episode_Reward/dof_torques_l2: -0.0940
              Episode_Reward/dof_acc_l2: -0.0712
          Episode_Reward/action_rate_l2: -0.0716
           Episode_Reward/feet_air_time: -0.0065
     Episode_Reward/flat_orientation_l2: -0.0089
          Episode_Reward/dof_pos_limits: 0.0000
                   Metrics/success_rate: 1.0000
     Metrics/base_velocity/error_vel_xy: 0.1114
    Metrics/base_velocity/error_vel_yaw: 0.1853
           Episode_Termination/time_out: 0.9980
       Episode_Termination/base_contact: 0.0020
--------------------------------------------------------------------------------
                         Iteration time: 1.24s
                           Time elapsed: 00:10:40
                                    ETA: 00:00:22

################################################################################
[1m                           Learning iteration 483/500                           [0m 

                            Total steps: 23789568 
                       Steps per second: 40237 
                        Collection time: 1.167s 
                          Learning time: 0.054s 
                        Mean value loss: 0.0040
                    Mean surrogate loss: -0.0067
                      Mean entropy loss: 4.9026
                            Mean reward: 33.35
                    Mean episode length: 1000.00
                        Mean action std: 0.37
    Episode_Reward/track_lin_vel_xy_exp: 1.4001
     Episode_Reward/track_ang_vel_z_exp: 0.6296
            Episode_Reward/lin_vel_z_l2: -0.0364
           Episode_Reward/ang_vel_xy_l2: -0.0739
          Episode_Reward/dof_torques_l2: -0.0913
              Episode_Reward/dof_acc_l2: -0.0775
          Episode_Reward/action_rate_l2: -0.0743
           Episode_Reward/feet_air_time: -0.0074
     Episode_Reward/flat_orientation_l2: -0.0090
          Episode_Reward/dof_pos_limits: 0.0000
                   Metrics/success_rate: 1.0000
     Metrics/base_velocity/error_vel_xy: 0.1129
    Metrics/base_velocity/error_vel_yaw: 0.1834
           Episode_Termination/time_out: 0.9982
       Episode_Termination/base_contact: 0.0018
--------------------------------------------------------------------------------
                         Iteration time: 1.22s
                           Time elapsed: 00:10:41
                                    ETA: 00:00:21

################################################################################
[1m                           Learning iteration 484/500                           [0m 

                            Total steps: 23838720 
                       Steps per second: 39955 
                        Collection time: 1.176s 
                          Learning time: 0.054s 
                        Mean value loss: 0.0045
                    Mean surrogate loss: -0.0062
                      Mean entropy loss: 4.9348
                            Mean reward: 33.50
                    Mean episode length: 1000.00
                        Mean action std: 0.38
    Episode_Reward/track_lin_vel_xy_exp: 1.3981
     Episode_Reward/track_ang_vel_z_exp: 0.6305
            Episode_Reward/lin_vel_z_l2: -0.0326
           Episode_Reward/ang_vel_xy_l2: -0.0716
          Episode_Reward/dof_torques_l2: -0.0880
              Episode_Reward/dof_acc_l2: -0.0710
          Episode_Reward/action_rate_l2: -0.0722
           Episode_Reward/feet_air_time: -0.0069
     Episode_Reward/flat_orientation_l2: -0.0089
          Episode_Reward/dof_pos_limits: 0.0000
                   Metrics/success_rate: 1.0000
     Metrics/base_velocity/error_vel_xy: 0.1141
    Metrics/base_velocity/error_vel_yaw: 0.1829
           Episode_Termination/time_out: 0.9985
       Episode_Termination/base_contact: 0.0015
--------------------------------------------------------------------------------
                         Iteration time: 1.23s
                           Time elapsed: 00:10:42
                                    ETA: 00:00:19

################################################################################
[1m                           Learning iteration 485/500                           [0m 

                            Total steps: 23887872 
                       Steps per second: 41102 
                        Collection time: 1.142s 
                          Learning time: 0.053s 
                        Mean value loss: 0.0025
                    Mean surrogate loss: -0.0066
                      Mean entropy loss: 4.9331
                            Mean reward: 33.57
                    Mean episode length: 1000.00
                        Mean action std: 0.37
    Episode_Reward/track_lin_vel_xy_exp: 1.4118
     Episode_Reward/track_ang_vel_z_exp: 0.6302
            Episode_Reward/lin_vel_z_l2: -0.0312
           Episode_Reward/ang_vel_xy_l2: -0.0721
          Episode_Reward/dof_torques_l2: -0.0873
              Episode_Reward/dof_acc_l2: -0.0674
          Episode_Reward/action_rate_l2: -0.0684
           Episode_Reward/feet_air_time: -0.0067
     Episode_Reward/flat_orientation_l2: -0.0093
          Episode_Reward/dof_pos_limits: 0.0000
                   Metrics/success_rate: 1.0000
     Metrics/base_velocity/error_vel_xy: 0.1052
    Metrics/base_velocity/error_vel_yaw: 0.1836
           Episode_Termination/time_out: 0.9985
       Episode_Termination/base_contact: 0.0015
--------------------------------------------------------------------------------
                         Iteration time: 1.20s
                           Time elapsed: 00:10:43
                                    ETA: 00:00:18

################################################################################
[1m                           Learning iteration 486/500                           [0m 

                            Total steps: 23937024 
                       Steps per second: 39471 
                        Collection time: 1.192s 
                          Learning time: 0.053s 
                        Mean value loss: 0.0041
                    Mean surrogate loss: -0.0044
                      Mean entropy loss: 4.9135
                            Mean reward: 33.51
                    Mean episode length: 1000.00
                        Mean action std: 0.37
    Episode_Reward/track_lin_vel_xy_exp: 1.4012
     Episode_Reward/track_ang_vel_z_exp: 0.6300
            Episode_Reward/lin_vel_z_l2: -0.0357
           Episode_Reward/ang_vel_xy_l2: -0.0736
          Episode_Reward/dof_torques_l2: -0.0900
              Episode_Reward/dof_acc_l2: -0.0779
          Episode_Reward/action_rate_l2: -0.0742
           Episode_Reward/feet_air_time: -0.0079
     Episode_Reward/flat_orientation_l2: -0.0090
          Episode_Reward/dof_pos_limits: 0.0000
                   Metrics/success_rate: 1.0000
     Metrics/base_velocity/error_vel_xy: 0.1123
    Metrics/base_velocity/error_vel_yaw: 0.1834
           Episode_Termination/time_out: 0.9985
       Episode_Termination/base_contact: 0.0015
--------------------------------------------------------------------------------
                         Iteration time: 1.25s
                           Time elapsed: 00:10:44
                                    ETA: 00:00:17

################################################################################
[1m                           Learning iteration 487/500                           [0m 

                            Total steps: 23986176 
                       Steps per second: 37977 
                        Collection time: 1.225s 
                          Learning time: 0.069s 
                        Mean value loss: 0.0037
                    Mean surrogate loss: -0.0063
                      Mean entropy loss: 4.9093
                            Mean reward: 33.41
                    Mean episode length: 1000.00
                        Mean action std: 0.37
    Episode_Reward/track_lin_vel_xy_exp: 1.3994
     Episode_Reward/track_ang_vel_z_exp: 0.6300
            Episode_Reward/lin_vel_z_l2: -0.0342
           Episode_Reward/ang_vel_xy_l2: -0.0728
          Episode_Reward/dof_torques_l2: -0.0876
              Episode_Reward/dof_acc_l2: -0.0703
          Episode_Reward/action_rate_l2: -0.0715
           Episode_Reward/feet_air_time: -0.0072
     Episode_Reward/flat_orientation_l2: -0.0086
          Episode_Reward/dof_pos_limits: 0.0000
                   Metrics/success_rate: 1.0000
     Metrics/base_velocity/error_vel_xy: 0.1137
    Metrics/base_velocity/error_vel_yaw: 0.1834
           Episode_Termination/time_out: 0.9985
       Episode_Termination/base_contact: 0.0015
--------------------------------------------------------------------------------
                         Iteration time: 1.29s
                           Time elapsed: 00:10:46
                                    ETA: 00:00:15

################################################################################
[1m                           Learning iteration 488/500                           [0m 

                            Total steps: 24035328 
                       Steps per second: 38846 
                        Collection time: 1.212s 
                          Learning time: 0.053s 
                        Mean value loss: 0.0033
                    Mean surrogate loss: -0.0068
                      Mean entropy loss: 4.8870
                            Mean reward: 33.24
                    Mean episode length: 1000.00
                        Mean action std: 0.37
    Episode_Reward/track_lin_vel_xy_exp: 1.3958
     Episode_Reward/track_ang_vel_z_exp: 0.6303
            Episode_Reward/lin_vel_z_l2: -0.0366
           Episode_Reward/ang_vel_xy_l2: -0.0722
          Episode_Reward/dof_torques_l2: -0.0913
              Episode_Reward/dof_acc_l2: -0.0757
          Episode_Reward/action_rate_l2: -0.0747
           Episode_Reward/feet_air_time: -0.0072
     Episode_Reward/flat_orientation_l2: -0.0103
          Episode_Reward/dof_pos_limits: 0.0000
                   Metrics/success_rate: 1.0000
     Metrics/base_velocity/error_vel_xy: 0.1164
    Metrics/base_velocity/error_vel_yaw: 0.1827
           Episode_Termination/time_out: 0.9985
       Episode_Termination/base_contact: 0.0015
--------------------------------------------------------------------------------
                         Iteration time: 1.27s
                           Time elapsed: 00:10:47
                                    ETA: 00:00:14

################################################################################
[1m                           Learning iteration 489/500                           [0m 

                            Total steps: 24084480 
                       Steps per second: 39491 
                        Collection time: 1.193s 
                          Learning time: 0.052s 
                        Mean value loss: 0.0033
                    Mean surrogate loss: -0.0062
                      Mean entropy loss: 4.8623
                            Mean reward: 33.25
                    Mean episode length: 1000.00
                        Mean action std: 0.37
    Episode_Reward/track_lin_vel_xy_exp: 1.4049
     Episode_Reward/track_ang_vel_z_exp: 0.6315
            Episode_Reward/lin_vel_z_l2: -0.0348
           Episode_Reward/ang_vel_xy_l2: -0.0732
          Episode_Reward/dof_torques_l2: -0.0869
              Episode_Reward/dof_acc_l2: -0.0740
          Episode_Reward/action_rate_l2: -0.0717
           Episode_Reward/feet_air_time: -0.0071
     Episode_Reward/flat_orientation_l2: -0.0091
          Episode_Reward/dof_pos_limits: 0.0000
                   Metrics/success_rate: 1.0000
     Metrics/base_velocity/error_vel_xy: 0.1099
    Metrics/base_velocity/error_vel_yaw: 0.1817
           Episode_Termination/time_out: 0.9985
       Episode_Termination/base_contact: 0.0015
--------------------------------------------------------------------------------
                         Iteration time: 1.24s
                           Time elapsed: 00:10:48
                                    ETA: 00:00:13

################################################################################
[1m                           Learning iteration 490/500                           [0m 

                            Total steps: 24133632 
                       Steps per second: 39524 
                        Collection time: 1.190s 
                          Learning time: 0.053s 
                        Mean value loss: 0.0025
                    Mean surrogate loss: -0.0058
                      Mean entropy loss: 4.8401
                            Mean reward: 33.31
                    Mean episode length: 1000.00
                        Mean action std: 0.37
    Episode_Reward/track_lin_vel_xy_exp: 1.4045
     Episode_Reward/track_ang_vel_z_exp: 0.6326
            Episode_Reward/lin_vel_z_l2: -0.0343
           Episode_Reward/ang_vel_xy_l2: -0.0701
          Episode_Reward/dof_torques_l2: -0.0892
              Episode_Reward/dof_acc_l2: -0.0689
          Episode_Reward/action_rate_l2: -0.0693
           Episode_Reward/feet_air_time: -0.0069
     Episode_Reward/flat_orientation_l2: -0.0089
          Episode_Reward/dof_pos_limits: 0.0000
                   Metrics/success_rate: 1.0000
     Metrics/base_velocity/error_vel_xy: 0.1094
    Metrics/base_velocity/error_vel_yaw: 0.1806
           Episode_Termination/time_out: 0.9985
       Episode_Termination/base_contact: 0.0015
--------------------------------------------------------------------------------
                         Iteration time: 1.24s
                           Time elapsed: 00:10:50
                                    ETA: 00:00:11

################################################################################
[1m                           Learning iteration 491/500                           [0m 

                            Total steps: 24182784 
                       Steps per second: 39860 
                        Collection time: 1.181s 
                          Learning time: 0.052s 
                        Mean value loss: 0.0039
                    Mean surrogate loss: -0.0068
                      Mean entropy loss: 4.8089
                            Mean reward: 33.47
                    Mean episode length: 1000.00
                        Mean action std: 0.37
    Episode_Reward/track_lin_vel_xy_exp: 1.3940
     Episode_Reward/track_ang_vel_z_exp: 0.6298
            Episode_Reward/lin_vel_z_l2: -0.0353
           Episode_Reward/ang_vel_xy_l2: -0.0713
          Episode_Reward/dof_torques_l2: -0.0908
              Episode_Reward/dof_acc_l2: -0.0724
          Episode_Reward/action_rate_l2: -0.0731
           Episode_Reward/feet_air_time: -0.0065
     Episode_Reward/flat_orientation_l2: -0.0091
          Episode_Reward/dof_pos_limits: 0.0000
                   Metrics/success_rate: 1.0000
     Metrics/base_velocity/error_vel_xy: 0.1164
    Metrics/base_velocity/error_vel_yaw: 0.1832
           Episode_Termination/time_out: 0.9985
       Episode_Termination/base_contact: 0.0015
--------------------------------------------------------------------------------
                         Iteration time: 1.23s
                           Time elapsed: 00:10:51
                                    ETA: 00:00:10

################################################################################
[1m                           Learning iteration 492/500                           [0m 

                            Total steps: 24231936 
                       Steps per second: 40622 
                        Collection time: 1.154s 
                          Learning time: 0.056s 
                        Mean value loss: 0.0030
                    Mean surrogate loss: -0.0064
                      Mean entropy loss: 4.7870
                            Mean reward: 32.96
                    Mean episode length: 1000.00
                        Mean action std: 0.37
    Episode_Reward/track_lin_vel_xy_exp: 1.3729
     Episode_Reward/track_ang_vel_z_exp: 0.6232
            Episode_Reward/lin_vel_z_l2: -0.0349
           Episode_Reward/ang_vel_xy_l2: -0.0724
          Episode_Reward/dof_torques_l2: -0.0889
              Episode_Reward/dof_acc_l2: -0.0765
          Episode_Reward/action_rate_l2: -0.0721
           Episode_Reward/feet_air_time: -0.0071
     Episode_Reward/flat_orientation_l2: -0.0213
          Episode_Reward/dof_pos_limits: 0.0000
                   Metrics/success_rate: 0.9792
     Metrics/base_velocity/error_vel_xy: 0.1335
    Metrics/base_velocity/error_vel_yaw: 0.1925
           Episode_Termination/time_out: 0.9985
       Episode_Termination/base_contact: 0.0015
--------------------------------------------------------------------------------
                         Iteration time: 1.21s
                           Time elapsed: 00:10:52
                                    ETA: 00:00:09

################################################################################
[1m                           Learning iteration 493/500                           [0m 

                            Total steps: 24281088 
                       Steps per second: 41072 
                        Collection time: 1.143s 
                          Learning time: 0.054s 
                        Mean value loss: 0.0034
                    Mean surrogate loss: -0.0063
                      Mean entropy loss: 4.7543
                            Mean reward: 32.72
                    Mean episode length: 1000.00
                        Mean action std: 0.37
    Episode_Reward/track_lin_vel_xy_exp: 1.3961
     Episode_Reward/track_ang_vel_z_exp: 0.6310
            Episode_Reward/lin_vel_z_l2: -0.0379
           Episode_Reward/ang_vel_xy_l2: -0.0701
          Episode_Reward/dof_torques_l2: -0.0937
              Episode_Reward/dof_acc_l2: -0.0800
          Episode_Reward/action_rate_l2: -0.0764
           Episode_Reward/feet_air_time: -0.0074
     Episode_Reward/flat_orientation_l2: -0.0093
          Episode_Reward/dof_pos_limits: 0.0000
                   Metrics/success_rate: 1.0000
     Metrics/base_velocity/error_vel_xy: 0.1155
    Metrics/base_velocity/error_vel_yaw: 0.1824
           Episode_Termination/time_out: 0.9985
       Episode_Termination/base_contact: 0.0015
--------------------------------------------------------------------------------
                         Iteration time: 1.20s
                           Time elapsed: 00:10:53
                                    ETA: 00:00:07

################################################################################
[1m                           Learning iteration 494/500                           [0m 

                            Total steps: 24330240 
                       Steps per second: 39525 
                        Collection time: 1.190s 
                          Learning time: 0.054s 
                        Mean value loss: 0.0030
                    Mean surrogate loss: -0.0067
                      Mean entropy loss: 4.7426
                            Mean reward: 32.78
                    Mean episode length: 1000.00
                        Mean action std: 0.37
    Episode_Reward/track_lin_vel_xy_exp: 1.4020
     Episode_Reward/track_ang_vel_z_exp: 0.6306
            Episode_Reward/lin_vel_z_l2: -0.0343
           Episode_Reward/ang_vel_xy_l2: -0.0705
          Episode_Reward/dof_torques_l2: -0.0875
              Episode_Reward/dof_acc_l2: -0.0714
          Episode_Reward/action_rate_l2: -0.0715
           Episode_Reward/feet_air_time: -0.0071
     Episode_Reward/flat_orientation_l2: -0.0078
          Episode_Reward/dof_pos_limits: 0.0000
                   Metrics/success_rate: 1.0000
     Metrics/base_velocity/error_vel_xy: 0.1115
    Metrics/base_velocity/error_vel_yaw: 0.1824
           Episode_Termination/time_out: 0.9989
       Episode_Termination/base_contact: 0.0011
--------------------------------------------------------------------------------
                         Iteration time: 1.24s
                           Time elapsed: 00:10:54
                                    ETA: 00:00:06

################################################################################
[1m                           Learning iteration 495/500                           [0m 

                            Total steps: 24379392 
                       Steps per second: 40551 
                        Collection time: 1.160s 
                          Learning time: 0.052s 
                        Mean value loss: 0.0035
                    Mean surrogate loss: -0.0048
                      Mean entropy loss: 4.7379
                            Mean reward: 33.06
                    Mean episode length: 990.53
                        Mean action std: 0.37
    Episode_Reward/track_lin_vel_xy_exp: 1.3742
     Episode_Reward/track_ang_vel_z_exp: 0.6189
            Episode_Reward/lin_vel_z_l2: -0.0359
           Episode_Reward/ang_vel_xy_l2: -0.0714
          Episode_Reward/dof_torques_l2: -0.0872
              Episode_Reward/dof_acc_l2: -0.0730
          Episode_Reward/action_rate_l2: -0.0714
           Episode_Reward/feet_air_time: -0.0070
     Episode_Reward/flat_orientation_l2: -0.0095
          Episode_Reward/dof_pos_limits: 0.0000
                   Metrics/success_rate: 0.9792
     Metrics/base_velocity/error_vel_xy: 0.1370
    Metrics/base_velocity/error_vel_yaw: 0.1902
           Episode_Termination/time_out: 0.9986
       Episode_Termination/base_contact: 0.0014
--------------------------------------------------------------------------------
                         Iteration time: 1.21s
                           Time elapsed: 00:10:56
                                    ETA: 00:00:05

################################################################################
[1m                           Learning iteration 496/500                           [0m 

                            Total steps: 24428544 
                       Steps per second: 40576 
                        Collection time: 1.159s 
                          Learning time: 0.052s 
                        Mean value loss: 0.0035
                    Mean surrogate loss: -0.0063
                      Mean entropy loss: 4.7212
                            Mean reward: 32.79
                    Mean episode length: 981.03
                        Mean action std: 0.37
    Episode_Reward/track_lin_vel_xy_exp: 1.3774
     Episode_Reward/track_ang_vel_z_exp: 0.6212
            Episode_Reward/lin_vel_z_l2: -0.0364
           Episode_Reward/ang_vel_xy_l2: -0.0709
          Episode_Reward/dof_torques_l2: -0.0907
              Episode_Reward/dof_acc_l2: -0.0759
          Episode_Reward/action_rate_l2: -0.0728
           Episode_Reward/feet_air_time: -0.0070
     Episode_Reward/flat_orientation_l2: -0.0095
          Episode_Reward/dof_pos_limits: 0.0000
                   Metrics/success_rate: 0.9861
     Metrics/base_velocity/error_vel_xy: 0.1286
    Metrics/base_velocity/error_vel_yaw: 0.1924
           Episode_Termination/time_out: 0.9982
       Episode_Termination/base_contact: 0.0018
--------------------------------------------------------------------------------
                         Iteration time: 1.21s
                           Time elapsed: 00:10:57
                                    ETA: 00:00:03

################################################################################
[1m                           Learning iteration 497/500                           [0m 

                            Total steps: 24477696 
                       Steps per second: 40672 
                        Collection time: 1.157s 
                          Learning time: 0.051s 
                        Mean value loss: 0.0040
                    Mean surrogate loss: -0.0061
                      Mean entropy loss: 4.7189
                            Mean reward: 33.24
                    Mean episode length: 990.50
                        Mean action std: 0.37
    Episode_Reward/track_lin_vel_xy_exp: 1.4042
     Episode_Reward/track_ang_vel_z_exp: 0.6335
            Episode_Reward/lin_vel_z_l2: -0.0338
           Episode_Reward/ang_vel_xy_l2: -0.0713
          Episode_Reward/dof_torques_l2: -0.0842
              Episode_Reward/dof_acc_l2: -0.0690
          Episode_Reward/action_rate_l2: -0.0697
           Episode_Reward/feet_air_time: -0.0068
     Episode_Reward/flat_orientation_l2: -0.0086
          Episode_Reward/dof_pos_limits: 0.0000
                   Metrics/success_rate: 1.0000
     Metrics/base_velocity/error_vel_xy: 0.1109
    Metrics/base_velocity/error_vel_yaw: 0.1794
           Episode_Termination/time_out: 0.9980
       Episode_Termination/base_contact: 0.0020
--------------------------------------------------------------------------------
                         Iteration time: 1.21s
                           Time elapsed: 00:10:58
                                    ETA: 00:00:02

################################################################################
[1m                           Learning iteration 498/500                           [0m 

                            Total steps: 24526848 
                       Steps per second: 39736 
                        Collection time: 1.186s 
                          Learning time: 0.051s 
                        Mean value loss: 0.0036
                    Mean surrogate loss: -0.0061
                      Mean entropy loss: 4.7381
                            Mean reward: 33.69
                    Mean episode length: 1000.00
                        Mean action std: 0.37
    Episode_Reward/track_lin_vel_xy_exp: 1.4033
     Episode_Reward/track_ang_vel_z_exp: 0.6316
            Episode_Reward/lin_vel_z_l2: -0.0344
           Episode_Reward/ang_vel_xy_l2: -0.0715
          Episode_Reward/dof_torques_l2: -0.0887
              Episode_Reward/dof_acc_l2: -0.0690
          Episode_Reward/action_rate_l2: -0.0703
           Episode_Reward/feet_air_time: -0.0070
     Episode_Reward/flat_orientation_l2: -0.0082
          Episode_Reward/dof_pos_limits: 0.0000
                   Metrics/success_rate: 1.0000
     Metrics/base_velocity/error_vel_xy: 0.1109
    Metrics/base_velocity/error_vel_yaw: 0.1818
           Episode_Termination/time_out: 0.9985
       Episode_Termination/base_contact: 0.0015
--------------------------------------------------------------------------------
                         Iteration time: 1.24s
                           Time elapsed: 00:10:59
                                    ETA: 00:00:01

################################################################################
[1m                           Learning iteration 499/500                           [0m 

                            Total steps: 24576000 
                       Steps per second: 40387 
                        Collection time: 1.163s 
                          Learning time: 0.054s 
                        Mean value loss: 0.0030
                    Mean surrogate loss: -0.0068
                      Mean entropy loss: 4.7402
                            Mean reward: 33.66
                    Mean episode length: 1000.00
                        Mean action std: 0.37
    Episode_Reward/track_lin_vel_xy_exp: 1.4012
     Episode_Reward/track_ang_vel_z_exp: 0.6324
            Episode_Reward/lin_vel_z_l2: -0.0365
           Episode_Reward/ang_vel_xy_l2: -0.0722
          Episode_Reward/dof_torques_l2: -0.0873
              Episode_Reward/dof_acc_l2: -0.0777
          Episode_Reward/action_rate_l2: -0.0722
           Episode_Reward/feet_air_time: -0.0075
     Episode_Reward/flat_orientation_l2: -0.0090
          Episode_Reward/dof_pos_limits: 0.0000
                   Metrics/success_rate: 1.0000
     Metrics/base_velocity/error_vel_xy: 0.1130
    Metrics/base_velocity/error_vel_yaw: 0.1808
           Episode_Termination/time_out: 0.9985
       Episode_Termination/base_contact: 0.0015
--------------------------------------------------------------------------------
                         Iteration time: 1.22s
                           Time elapsed: 00:11:00
                                    ETA: 00:00:00

Training time: 664.09 seconds
[INFO]: SimulationContext cleared
2026-07-20T08:34:09Z [1,086ms] [Warning] [omni.rtx] IOMMU is enabled.
2026-07-20T08:34:09Z [1,527ms] [Warning] [carb.windowing-glfw.plugin] GLFW initialization failed.
2026-07-20T08:34:09Z [1,527ms] [Warning] [carb] Failed to startup plugin carb.windowing-glfw.plugin (interfaces: [carb::windowing::IGLContext v1.0],[carb::windowing::IWindowing v1.5]) (impl: carb.windowing-glfw.plugin)
2026-07-20T08:34:09Z [1,571ms] [Warning] [carb.windowing-glfw.plugin] GLFW initialization failed.
2026-07-20T08:34:09Z [1,571ms] [Warning] [carb] Failed to startup plugin carb.windowing-glfw.plugin (interfaces: [carb::windowing::IGLContext v1.0],[carb::windowing::IWindowing v1.5]) (impl: carb.windowing-glfw.plugin)
2026-07-20T08:34:09Z [1,572ms] [Warning] [carb.windowing-glfw.plugin] GLFW initialization failed.
2026-07-20T08:34:09Z [1,572ms] [Warning] [carb] Failed to startup plugin carb.windowing-glfw.plugin (interfaces: [carb::windowing::IGLContext v1.0],[carb::windowing::IWindowing v1.5]) (impl: carb.windowing-glfw.plugin)
2026-07-20T08:34:10Z [1,680ms] [Warning] [omni.log] Source: omni.hydra was already registered.
2026-07-20T08:34:10Z [1,995ms] [Warning] [pxr.Semantics] pxr.Semantics is deprecated - please use Semantics instead
2026-07-20T08:34:10Z [2,048ms] [Warning] [omni.replicator.core.scripts.extension] No material configuration file, adding configuration to material settings directly.
2026-07-20T08:34:11Z [2,820ms] [Warning] [rtx.hydra] RenderDelegate : Warning /rtx/hydra/readTransformsFromFabricInRenderDelegate and geometry streaming are enabled together but this can cause issues with dynamic objects not streaming correctly due to problems in the transform update.
2026-07-20T08:34:12Z [3,866ms] [Warning] [isaaclab_physx.physics.physx_manager] TGS solver with enable_external_forces_every_iteration=False may cause noisy velocities.
2026-07-20T08:34:13Z [5,250ms] [Warning] [isaaclab.terrains.terrain_importer] Visual material specified for ground plane but no diffuse color found. Using default color: (0.0, 0.0, 0.0)
2026-07-20T08:34:22Z [14,561ms] [Warning] [omni.usd] Encountered USD Warnings but USD Diagnostics are currently muted. To view USD Warnings, please set the '/persistent/app/usd/muteUsdDiagnostics' setting to false in Preferences page.
2026-07-20T08:34:28Z [19,974ms] [Warning] [omni.physx.fabric.plugin] FabricManager::initializePointInstancer mismatched prototypes on point instancer: /Visuals/Command/velocity_goal.
2026-07-20T08:34:28Z [19,974ms] [Warning] [omni.physx.fabric.plugin] FabricManager::initializePointInstancer mismatched prototypes on point instancer: /Visuals/Command/velocity_current.
2026-07-20T08:34:28Z [20,215ms] [Warning] [omni.fabric.plugin] Unsupported type encountered during VtValue extraction
2026-07-20T08:34:28Z [20,215ms] [Warning] [omni.fabric.plugin] Attempting to set an invalid data source to array attribute

2026-07-20T08:34:29Z [20,701ms] [Warning] [omni.kit.material.library.material_extensions] Could not initialize context menu integration: No module named 'omni.kit.context_menu'
2026-07-20T08:34:29Z [21,019ms] [Warning] [omni.syntheticdata.plugin] OgnSdPostRenderVarToHost : rendervar copy from texture directly to host buffer is counter-performant. Please use copy from texture to device buffer first.
[INFO] Using Python: "/home/qingyu/sim_stack/isaac_sim_env/bin/python"
